fecha,TEF_ultimo,TEF_per,TEF_bpa,TEF_rentabilidad_por_dividendo,TEF_precio_valor_contable,TEF_ebitda
2015-02-12,"12,841",,,,,
2015-02-13,"12,934",,,,,
2015-02-16,"12,900",,,,,
2015-02-17,"12,890",,,,,
2015-02-18,"12,905",,,,,
2015-02-19,"13,023",,,,,
2015-02-20,"13,111",,,,,
2015-02-23,"13,175",,,,,
2015-02-24,"13,317",,,,,
2015-02-25,"13,543",,,,,
2015-02-26,"13,661",,,,,
2015-02-27,"13,636",,,,,
2015-03-02,"13,665",,,,,
2015-03-03,"13,450",,,,,
2015-03-04,"13,548",,,,,
2015-03-05,"13,543",,,,,
2015-03-06,"13,459",,,,,
2015-03-09,"13,278",,,,,
2015-03-10,"12,939",,,,,
2015-03-11,"13,042",,,,,
2015-03-12,"13,033",,,,,
2015-03-13,"12,998",,,,,
2015-03-16,"13,013",,,,,
2015-03-17,"13,018",,,,,
2015-03-18,"12,954",,,,,
2015-03-19,"12,817",,,,,
2015-03-20,"13,204",,,,,
2015-03-23,"13,288",,,,,
2015-03-24,"13,386",,,,,
2015-03-25,"13,273",,,,,
2015-03-26,"13,258",,,,,
2015-03-27,"13,175",,,,,
2015-03-30,"13,222",,,,,
2015-03-31,"13,162",,,,,
2015-04-01,"13,192",,,,,
2015-04-02,"13,222",,,,,
2015-04-07,"13,107",,,,,
2015-04-08,"13,013",,,,,
2015-04-09,"13,023",,,,,
2015-04-10,"13,088",,,,,
2015-04-13,"13,365",,,,,
2015-04-14,"13,425",,,,,
2015-04-15,"13,619",,,,,
2015-04-16,"13,489",,,,,
2015-04-17,"13,375",,,,,
2015-04-20,"13,460",,,,,
2015-04-21,"13,529",,,,,
2015-04-22,"13,519",,,,,
2015-04-23,"13,648",,,,,
2015-04-24,"13,554",,,,,
2015-04-27,"13,599",,,,,
2015-04-28,"13,554",,,,,
2015-04-29,"13,460",,,,,
2015-04-30,"13,539",,,,,
2015-05-04,"13,663",,,,,
2015-05-05,"13,415",,,,,
2015-05-06,"13,420",,,,,
2015-05-07,"13,370",,,,,
2015-05-08,"13,673",,,,,
2015-05-11,"13,753",,,,,
2015-05-12,"13,207",,,,,
2015-05-13,"13,202",,,,,
2015-05-14,"13,068",,,,,
2015-05-15,"12,899",,,,,
2015-05-18,"12,954",,,,,
2015-05-19,"13,117",,,,,
2015-05-20,"13,202",,,,,
2015-05-21,"13,202",,,,,
2015-05-22,"13,117",,,,,
2015-05-25,"12,983",,,,,
2015-05-26,"12,829",,,,,
2015-05-27,"12,944",,,,,
2015-05-28,"12,919",,,,,
2015-05-29,"12,785",,,,,
2015-06-01,"12,755",,,,,
2015-06-02,"12,815",,,,,
2015-06-03,"12,884",,,,,
2015-06-04,"12,735",,,,,
2015-06-05,"12,606",,,,,
2015-06-08,"12,472",,,,,
2015-06-09,"12,467",,,,,
2015-06-10,"12,700",,,,,
2015-06-11,"12,844",,,,,
2015-06-12,"12,859",,,,,
2015-06-15,"12,676",,,,,
2015-06-16,"12,651",,,,,
2015-06-17,"12,586",,,,,
2015-06-18,"12,681",,,,,
2015-06-19,"12,705",,,,,
2015-06-22,"13,266",,,,,
2015-06-23,"13,346",,,,,
2015-06-24,"13,346",,,,,
2015-06-25,"13,316",,,,,
2015-06-26,"13,370",,,,,
2015-06-29,"12,854",,,,,
2015-06-30,"12,656",,,,,
2015-07-01,"12,844",,,,,
2015-07-02,"12,800",,,,,
2015-07-03,"12,695",,,,,
2015-07-06,"12,408",,,,,
2015-07-07,"12,164",,,,,
2015-07-08,"12,204",,,,,
2015-07-09,"12,522",,,,,
2015-07-10,"12,998",,,,,
2015-07-13,"13,182",,,,,
2015-07-14,"13,301",,,,,
2015-07-15,"13,465",,,,,
2015-07-16,"13,762",,,,,
2015-07-17,"13,777",,,,,
2015-07-20,"13,926",,,,,
2015-07-21,"13,777",,,,,
2015-07-22,"13,782",,,,,
2015-07-23,"13,758",,,,,
2015-07-24,"13,703",,,,,
2015-07-27,"13,455",,,,,
2015-07-28,"13,509",,,,,
2015-07-29,"13,658",,,,,
2015-07-30,"13,703",,,,,
2015-07-31,"13,837",,,,,
2015-08-03,"13,991",,,,,
2015-08-04,"13,931",,,,,
2015-08-05,"14,105",,,,,
2015-08-06,"14,036",,,,,
2015-08-07,"13,896",,,,,
2015-08-10,"13,996",,,,,
2015-08-11,"13,896",,,,,
2015-08-12,"13,584",,,,,
2015-08-13,"13,584",,,,,
2015-08-14,"13,450",,,,,
2015-08-17,"13,405",,,,,
2015-08-18,"13,361",,,,,
2015-08-19,"13,251",,,,,
2015-08-20,"13,028",,,,,
2015-08-21,"12,705",,,,,
2015-08-24,"12,050",,,,,
2015-08-25,"12,432",,,,,
2015-08-26,"12,224",,,,,
2015-08-27,"12,581",,,,,
2015-08-28,"12,631",,,,,
2015-08-31,"12,497",,,,,
2015-09-01,"12,140",,,,,
2015-09-02,"11,852",,,,,
2015-09-03,"12,011",,,,,
2015-09-04,"11,767",,,,,
2015-09-07,"11,787",,,,,
2015-09-08,"11,981",,,,,
2015-09-09,"12,164",,,,,
2015-09-10,"11,723",,,,,
2015-09-11,"11,465",,,,,
2015-09-14,"11,345",,,,,
2015-09-15,"11,489",,,,,
2015-09-16,"11,618",,,,,
2015-09-17,"11,663",,,,,
2015-09-18,"11,221",,,,,
2015-09-21,"11,216",,,,,
2015-09-22,"10,869",,,,,
2015-09-23,"10,785",,,,,
2015-09-24,"10,561",,,,,
2015-09-25,"10,919",,,,,
2015-09-28,"10,671",,,,,
2015-09-29,"10,616",,,,,
2015-09-30,"10,750",,,,,
2015-10-01,"10,576",,,,,
2015-10-02,"10,522",,,,,
2015-10-05,"11,177",,,,,
2015-10-06,"11,301",,,,,
2015-10-07,"11,405",,,,,
2015-10-08,"11,256",,,,,
2015-10-09,"11,470",,,,,
2015-10-12,"11,494",,,,,
2015-10-13,"11,306",,,,,
2015-10-14,"10,978",,,,,
2015-10-15,"11,087",,,,,
2015-10-16,"11,311",,,,,
2015-10-19,"11,251",,,,,
2015-10-20,"11,028",,,,,
2015-10-21,"11,053",,,,,
2015-10-22,"11,633",,,,,
2015-10-23,"11,936",,,,,
2015-10-26,"11,931",,,,,
2015-10-27,"11,742",,,,,
2015-10-28,"11,877",,,,,
2015-10-29,"11,901",,,,,
2015-10-30,"11,941",,,,,
2015-11-02,"12,025",,,,,
2015-11-03,"12,090",,,,,
2015-11-04,"12,264",,,,,
2015-11-05,"12,264",,,,,
2015-11-06,"12,095",,,,,
2015-11-09,"11,852",,,,,
2015-11-10,"12,011",,,,,
2015-11-11,"12,095",,,,,
2015-11-12,"11,857",,,,,
2015-11-13,"11,872",,,,,
2015-11-16,"11,911",,,,,
2015-11-17,"12,303",,,,,
2015-11-18,"11,959",,,,,
2015-11-19,"11,980",,,,,
2015-11-20,"11,959",,,,,
2015-11-23,"11,695",,,,,
2015-11-24,"11,660",,,,,
2015-11-25,"11,746",,,,,
2015-11-26,"11,848",,,,,
2015-11-27,"11,812",,,,,
2015-11-30,"11,853",,,,,
2015-12-01,"11,761",,,,,
2015-12-02,"11,726",,,,,
2015-12-03,"11,431",,,,,
2015-12-04,"11,244",,,,,
2015-12-07,"11,279",,,,,
2015-12-08,"11,056",,,,,
2015-12-09,"11,041",,,,,
2015-12-10,"10,888",,,,,
2015-12-11,"10,726",,,,,
2015-12-14,"10,396",,,,,
2015-12-15,"10,858",,,,,
2015-12-16,"10,822",,,,,
2015-12-17,"10,909",,,,,
2015-12-18,"10,533",,,,,
2015-12-21,"10,173",,,,,
2015-12-22,"10,269",,,,,
2015-12-23,"10,629",,,,,
2015-12-24,"10,695",,,,,
2015-12-28,"10,467",,,,,
2015-12-29,"10,640",,,,,
2015-12-30,"10,599",,,,,
2015-12-31,"10,391",,,,,
2016-01-04,"10,076",,,,,
2016-01-05,"10,128",,,,,
2016-01-06,"10,055",,,,,
2016-01-07,"9,978",,,,,
2016-01-08,"9,738",,,,,
2016-01-11,"9,612",,,,,
2016-01-12,"9,632",,,,,
2016-01-13,"9,694",,,,,
2016-01-14,"9,458",,,,,
2016-01-15,"9,235",,,,,
2016-01-18,"9,173",,,,,
2016-01-19,"9,300",,,,,
2016-01-20,"8,978",,,,,
2016-01-21,"9,218",,,,,
2016-01-22,"9,661",,,,,
2016-01-25,"9,559",,,,,
2016-01-26,"9,638",,,,,
2016-01-27,"9,734",,,,,
2016-01-28,"9,487",,,,,
2016-01-29,"9,825",,,,,
2016-02-01,"9,715",,,,,
2016-02-02,"9,455",,,,,
2016-02-03,"9,149",,,,,
2016-02-04,"9,403",,,,,
2016-02-05,"9,571",,,,,
2016-02-08,"9,287",,,,,
2016-02-09,"8,795",,,,,
2016-02-10,"9,085",,,,,
2016-02-11,"8,613",,,,,
2016-02-12,"8,849",,,,,
2016-02-15,"9,289",,,,,
2016-02-16,"9,279",,,,,
2016-02-17,"9,628",,,,,
2016-02-18,"9,560",,,,,
2016-02-19,"9,425",,,,,
2016-02-22,"9,671",,,,,
2016-02-23,"9,464",,,,,
2016-02-24,"9,104",,,,,
2016-02-25,"9,568",,,,,
2016-02-26,"9,264",,,,,
2016-02-29,"9,385",,,,,
2016-03-01,"9,650",,,,,
2016-03-02,"9,958",,,,,
2016-03-03,"9,982",,,,,
2016-03-04,"9,980",,,,,
2016-03-07,"9,992",,,,,
2016-03-08,"9,953",,,,,
2016-03-09,"9,899",,,,,
2016-03-10,"9,863",,,,,
2016-03-11,"10,330",,,,,
2016-03-14,"10,315",,,,,
2016-03-15,"10,152",,,,,
2016-03-16,"10,131",,,,,
2016-03-17,"10,101",,,,,
2016-03-18,"10,162",,,,,
2016-03-21,"10,152",,,,,
2016-03-22,"10,143",,,,,
2016-03-23,"10,033",,,,,
2016-03-24,"9,864",,,,,
2016-03-29,"10,010",,,,,
2016-03-30,"10,228",,,,,
2016-03-31,"10,002",,,,,
2016-04-01,"9,615",,,,,
2016-04-04,"9,547",,,,,
2016-04-05,"9,220",,,,,
2016-04-06,"9,253",,,,,
2016-04-07,"9,246",,,,,
2016-04-08,"9,452",,,,,
2016-04-11,"9,449",,,,,
2016-04-12,"9,523",,,,,
2016-04-13,"9,670",,,,,
2016-04-14,"9,715",,,,,
2016-04-15,"9,782",,,,,
2016-04-18,"9,609",,,,,
2016-04-19,"9,907",,,,,
2016-04-20,"10,095",,,,,
2016-04-21,"10,157",,,,,
2016-04-22,"10,020",,,,,
2016-04-25,"9,945",,,,,
2016-04-26,"10,029",,,,,
2016-04-27,"10,129",,,,,
2016-04-28,"10,096",,,,,
2016-04-29,"9,667",,,,,
2016-05-02,"9,653",,,,,
2016-05-03,"9,391",,,,,
2016-05-04,"9,243",,,,,
2016-05-05,"9,358",,,,,
2016-05-06,"9,364",,,,,
2016-05-09,"9,318",,,,,
2016-05-10,"9,502",,,,,
2016-05-11,"9,401",,,,,
2016-05-12,"9,610",,,,,
2016-05-13,"9,756",,,,,
2016-05-16,"9,336",,,,,
2016-05-17,"9,444",,,,,
2016-05-18,"9,449",,,,,
2016-05-19,"9,251",,,,,
2016-05-20,"9,326",,,,,
2016-05-23,"9,225",,,,,
2016-05-24,"9,368",,,,,
2016-05-25,"9,624",,,,,
2016-05-26,"9,707",,,,,
2016-05-27,"9,676",,,,,
2016-05-30,"9,688",,,,,
2016-05-31,"9,534",,,,,
2016-06-01,"9,328",,,,,
2016-06-02,"9,358",,,,,
2016-06-03,"9,179",,,,,
2016-06-06,"9,232",,,,,
2016-06-07,"9,317",,,,,
2016-06-08,"9,253",,,,,
2016-06-09,"9,154",,,,,
2016-06-10,"8,838",,,,,
2016-06-13,"8,690",,,,,
2016-06-14,"8,571",,,,,
2016-06-15,"8,678",,,,,
2016-06-16,"8,624",,,,,
2016-06-17,"8,670",,,,,
2016-06-20,"8,950",,,,,
2016-06-21,"9,039",,,,,
2016-06-22,"9,098",,,,,
2016-06-23,"9,358",,,,,
2016-06-24,"7,850",,,,,
2016-06-27,"7,778",,,,,
2016-06-28,"7,957",,,,,
2016-06-29,"8,456",,,,,
2016-06-30,"8,589",,,,,
2016-07-01,"8,797",,,,,
2016-07-04,"8,759",,,,,
2016-07-05,"8,477",,,,,
2016-07-06,"8,270",,,,,
2016-07-07,"8,455",,,,,
2016-07-08,"8,619",,,,,
2016-07-11,"8,762",,,,,
2016-07-12,"9,021",,,,,
2016-07-13,"8,858",,,,,
2016-07-14,"8,963",,,,,
2016-07-15,"8,953",,,,,
2016-07-18,"8,934",,,,,
2016-07-19,"8,824",,,,,
2016-07-20,"8,964",,,,,
2016-07-21,"8,911",,,,,
2016-07-22,"9,067",,,,,
2016-07-25,"9,046",,,,,
2016-07-26,"9,069",,,,,
2016-07-27,"9,296",,,,,
2016-07-28,"8,876",,,,,
2016-07-29,"8,902",,,,,
2016-08-01,"8,920",,,,,
2016-08-02,"8,579",,,,,
2016-08-03,"8,613",,,,,
2016-08-04,"8,759",,,,,
2016-08-05,"8,955",,,,,
2016-08-08,"8,992",,,,,
2016-08-09,"9,139",,,,,
2016-08-10,"9,138",,,,,
2016-08-11,"9,219",,,,,
2016-08-12,"9,219",,,,,
2016-08-15,"9,208",,,,,
2016-08-16,"9,106",,,,,
2016-08-17,"8,964",,,,,
2016-08-18,"9,068",,,,,
2016-08-19,"8,921",,,,,
2016-08-22,"8,903",,,,,
2016-08-23,"8,952",,,,,
2016-08-24,"9,005",,,,,
2016-08-25,"8,985",,,,,
2016-08-26,"9,073",,,,,
2016-08-29,"9,015",,,,,
2016-08-30,"9,105",,,,,
2016-08-31,"9,168",,,,,
2016-09-01,"9,175",,,,,
2016-09-02,"9,317",,,,,
2016-09-05,"9,477",,,,,
2016-09-06,"9,489",,,,,
2016-09-07,"9,705",,,,,
2016-09-08,"9,899",,,,,
2016-09-09,"9,876",,,,,
2016-09-12,"9,645",,,,,
2016-09-13,"9,355",,,,,
2016-09-14,"9,302",,,,,
2016-09-15,"9,253",,,,,
2016-09-16,"9,238",,,,,
2016-09-19,"9,333",,,,,
2016-09-20,"9,287",,,,,
2016-09-21,"9,508",,,,,
2016-09-22,"9,765",,,,,
2016-09-23,"9,674",,,,,
2016-09-26,"9,473",,,,,
2016-09-27,"9,387",,,,,
2016-09-28,"9,482",,,,,
2016-09-29,"9,538",,,,,
2016-09-30,"9,152",,,,,
2016-10-03,"9,228",,,,,
2016-10-04,"9,212",,,,,
2016-10-05,"9,117",,,,,
2016-10-06,"9,028",,,,,
2016-10-07,"8,826",,,,,
2016-10-10,"8,931",,,,,
2016-10-11,"8,949",,,,,
2016-10-12,"8,885",,,,,
2016-10-13,"8,834",,,,,
2016-10-14,"8,999",,,,,
2016-10-17,"8,783",,,,,
2016-10-18,"8,902",,,,,
2016-10-19,"8,966",,,,,
2016-10-20,"9,105",,,,,
2016-10-21,"9,110",,,,,
2016-10-24,"9,213",,,,,
2016-10-25,"9,229",,,,,
2016-10-26,"9,254",,,,,
2016-10-27,"9,158",,,,,
2016-10-28,"9,238",,,,,
2016-10-31,"9,260",,,,,
2016-11-01,"9,178",,,,,
2016-11-02,"9,013",,,,,
2016-11-03,"9,008",,,,,
2016-11-04,"8,521",,,,,
2016-11-07,"8,647",,,,,
2016-11-08,"8,625",,,,,
2016-11-09,"8,510",,,,,
2016-11-10,"8,251",,,,,
2016-11-11,"8,028",,,,,
2016-11-14,"8,037",,,,,
2016-11-15,"8,035",,,,,
2016-11-16,"8,018",,,,,
2016-11-17,"8,122",,,,,
2016-11-18,"7,985",,,,,
2016-11-21,"7,930",,,,,
2016-11-22,"7,982",,,,,
2016-11-23,"7,928",,,,,
2016-11-24,"7,914",,,,,
2016-11-25,"7,884",,,,,
2016-11-28,"7,825",,,,,
2016-11-29,"7,899",,,,,
2016-11-30,"7,852",,,,,
2016-12-01,"7,788",,,,,
2016-12-02,"7,700",,,,,
2016-12-05,"7,731",,,,,
2016-12-06,"7,851",,,,,
2016-12-07,"7,924",,,,,
2016-12-08,"8,239",,,,,
2016-12-09,"8,300",,,,,
2016-12-12,"8,390",,,,,
2016-12-13,"8,593",,,,,
2016-12-14,"8,522",,,,,
2016-12-15,"8,633",,,,,
2016-12-16,"8,766",,,,,
2016-12-19,"8,762",,,,,
2016-12-20,"8,925",,,,,
2016-12-21,"8,831",,,,,
2016-12-22,"8,722",,,,,
2016-12-23,"8,847",,,,,
2016-12-27,"8,828",,,,,
2016-12-28,"8,787",,,,,
2016-12-29,"8,780",,,,,
2016-12-30,"8,820",,,,,
2017-01-02,"8,850","5,62","0,75","5,73","1,21","16.365,95"
2017-01-03,"8,936","5,62","0,75","5,73","1,21","16.365,95"
2017-01-04,"8,953","5,62","0,75","5,73","1,21","16.365,95"
2017-01-05,"9,143","5,62","0,75","5,73","1,21","16.365,95"
2017-01-06,"9,195","5,62","0,75","5,73","1,21","16.365,95"
2017-01-09,"9,176","5,62","0,75","5,73","1,21","16.365,95"
2017-01-10,"9,188","5,62","0,75","5,73","1,21","16.365,95"
2017-01-11,"9,138","5,62","0,75","5,73","1,21","16.365,95"
2017-01-12,"9,162","5,62","0,75","5,73","1,21","16.365,95"
2017-01-13,"9,220","5,62","0,75","5,73","1,21","16.365,95"
2017-01-16,"9,092","5,62","0,75","5,73","1,21","16.365,95"
2017-01-17,"9,086","5,62","0,75","5,73","1,21","16.365,95"
2017-01-18,"9,118","5,62","0,75","5,73","1,21","16.365,95"
2017-01-19,"9,061","5,62","0,75","5,73","1,21","16.365,95"
2017-01-20,"9,086","5,62","0,75","5,73","1,21","16.365,95"
2017-01-23,"8,964","5,62","0,75","5,73","1,21","16.365,95"
2017-01-24,"9,088","5,62","0,75","5,73","1,21","16.365,95"
2017-01-25,"9,163","5,62","0,75","5,73","1,21","16.365,95"
2017-01-26,"9,120","5,62","0,75","5,73","1,21","16.365,95"
2017-01-27,"9,054","5,62","0,75","5,73","1,21","16.365,95"
2017-01-30,"8,954","5,62","0,75","5,73","1,21","16.365,95"
2017-01-31,"8,925","5,62","0,75","5,73","1,21","16.365,95"
2017-02-01,"8,893","5,62","0,75","5,73","1,21","16.365,95"
2017-02-02,"8,991","5,62","0,75","5,73","1,21","16.365,95"
2017-02-03,"9,035","5,62","0,75","5,73","1,21","16.365,95"
2017-02-06,"8,900","5,62","0,75","5,73","1,21","16.365,95"
2017-02-07,"8,877","5,62","0,75","5,73","1,21","16.365,95"
2017-02-08,"8,910","5,62","0,75","5,73","1,21","16.365,95"
2017-02-09,"9,141","5,62","0,75","5,73","1,21","16.365,95"
2017-02-10,"9,030","5,62","0,75","5,73","1,21","16.365,95"
2017-02-13,"9,129","5,62","0,75","5,73","1,21","16.365,95"
2017-02-14,"9,196","5,62","0,75","5,73","1,21","16.365,95"
2017-02-15,"9,306","5,62","0,75","5,73","1,21","16.365,95"
2017-02-16,"9,325","5,62","0,75","5,73","1,21","16.365,95"
2017-02-17,"9,324","5,62","0,75","5,73","1,21","16.365,95"
2017-02-20,"9,401","5,62","0,75","5,73","1,21","16.365,95"
2017-02-21,"9,383","5,62","0,75","5,73","1,21","16.365,95"
2017-02-22,"9,350","5,62","0,75","5,73","1,21","16.365,95"
2017-02-23,"9,518","5,62","0,75","5,73","1,21","16.365,95"
2017-02-24,"9,610","5,62","0,75","5,73","1,21","16.365,95"
2017-02-27,"9,595","5,62","0,75","5,73","1,21","16.365,95"
2017-02-28,"9,649","5,62","0,75","5,73","1,21","16.365,95"
2017-03-01,"9,913","5,62","0,75","5,73","1,21","16.365,95"
2017-03-02,"9,899","5,62","0,75","5,73","1,21","16.365,95"
2017-03-03,"9,984","5,62","0,75","5,73","1,21","16.365,95"
2017-03-06,"10,085","5,62","0,75","5,73","1,21","16.365,95"
2017-03-07,"10,140","5,62","0,75","5,73","1,21","16.365,95"
2017-03-08,"10,200","5,62","0,75","5,73","1,21","16.365,95"
2017-03-09,"10,315","5,62","0,75","5,73","1,21","16.365,95"
2017-03-10,"10,345","5,62","0,75","5,73","1,21","16.365,95"
2017-03-13,"10,305","5,62","0,75","5,73","1,21","16.365,95"
2017-03-14,"10,165","5,62","0,75","5,73","1,21","16.365,95"
2017-03-15,"10,245","5,62","0,75","5,73","1,21","16.365,95"
2017-03-16,"10,475","5,62","0,75","5,73","1,21","16.365,95"
2017-03-17,"10,600","5,62","0,75","5,73","1,21","16.365,95"
2017-03-20,"10,465","5,62","0,75","5,73","1,21","16.365,95"
2017-03-21,"10,355","5,62","0,75","5,73","1,21","16.365,95"
2017-03-22,"10,435","5,62","0,75","5,73","1,21","16.365,95"
2017-03-23,"10,515","5,62","0,75","5,73","1,21","16.365,95"
2017-03-24,"10,445","5,62","0,75","5,73","1,21","16.365,95"
2017-03-27,"10,450","5,62","0,75","5,73","1,21","16.365,95"
2017-03-28,"10,510","5,62","0,75","5,73","1,21","16.365,95"
2017-03-29,"10,420","5,62","0,75","5,73","1,21","16.365,95"
2017-03-30,"10,450","5,62","0,75","5,73","1,21","16.365,95"
2017-03-31,"10,485","5,62","0,75","5,73","1,21","16.365,95"
2017-04-03,"10,390","5,62","0,75","5,73","1,21","16.365,95"
2017-04-04,"10,440","5,62","0,75","5,73","1,21","16.365,95"
2017-04-05,"10,410","5,62","0,75","5,73","1,21","16.365,95"
2017-04-06,"10,460","5,62","0,75","5,73","1,21","16.365,95"
2017-04-07,"10,450","5,62","0,75","5,73","1,21","16.365,95"
2017-04-10,"10,350","5,62","0,75","5,73","1,21","16.365,95"
2017-04-11,"10,385","5,62","0,75","5,73","1,21","16.365,95"
2017-04-12,"10,325","5,62","0,75","5,73","1,21","16.365,95"
2017-04-13,"10,235","5,62","0,75","5,73","1,21","16.365,95"
2017-04-18,"10,150","5,62","0,75","5,73","1,21","16.365,95"
2017-04-19,"10,220","5,62","0,75","5,73","1,21","16.365,95"
2017-04-20,"10,245","5,62","0,75","5,73","1,21","16.365,95"
2017-04-21,"10,160","5,62","0,75","5,73","1,21","16.365,95"
2017-04-24,"10,485","5,62","0,75","5,73","1,21","16.365,95"
2017-04-25,"10,515","5,62","0,75","5,73","1,21","16.365,95"
2017-04-26,"10,375","5,62","0,75","5,73","1,21","16.365,95"
2017-04-27,"10,215","5,62","0,75","5,73","1,21","16.365,95"
2017-04-28,"10,155","5,62","0,75","5,73","1,21","16.365,95"
2017-05-02,"10,320","5,62","0,75","5,73","1,21","16.365,95"
2017-05-03,"10,315","5,62","0,75","5,73","1,21","16.365,95"
2017-05-04,"10,440","5,62","0,75","5,73","1,21","16.365,95"
2017-05-05,"10,500","5,62","0,75","5,73","1,21","16.365,95"
2017-05-08,"10,470","5,62","0,75","5,73","1,21","16.365,95"
2017-05-09,"10,445","5,62","0,75","5,73","1,21","16.365,95"
2017-05-10,"10,450","5,62","0,75","5,73","1,21","16.365,95"
2017-05-11,"10,030","5,62","0,75","5,73","1,21","16.365,95"
2017-05-12,"10,055","5,62","0,75","5,73","1,21","16.365,95"
2017-05-15,"10,075","5,62","0,75","5,73","1,21","16.365,95"
2017-05-16,"10,070","5,62","0,75","5,73","1,21","16.365,95"
2017-05-17,"9,851","5,62","0,75","5,73","1,21","16.365,95"
2017-05-18,"9,720","5,62","0,75","5,73","1,21","16.365,95"
2017-05-19,"9,944","5,62","0,75","5,73","1,21","16.365,95"
2017-05-22,"9,936","5,62","0,75","5,73","1,21","16.365,95"
2017-05-23,"10,010","5,62","0,75","5,73","1,21","16.365,95"
2017-05-24,"9,961","5,62","0,75","5,73","1,21","16.365,95"
2017-05-25,"10,055","5,62","0,75","5,73","1,21","16.365,95"
2017-05-26,"10,050","5,62","0,75","5,73","1,21","16.365,95"
2017-05-29,"10,075","5,62","0,75","5,73","1,21","16.365,95"
2017-05-30,"9,978","5,62","0,75","5,73","1,21","16.365,95"
2017-05-31,"9,914","5,62","0,75","5,73","1,21","16.365,95"
2017-06-01,"9,942","5,62","0,75","5,73","1,21","16.365,95"
2017-06-02,"10,015","5,62","0,75","5,73","1,21","16.365,95"
2017-06-05,"9,778","5,62","0,75","5,73","1,21","16.365,95"
2017-06-06,"9,825","5,62","0,75","5,73","1,21","16.365,95"
2017-06-07,"9,820","5,62","0,75","5,73","1,21","16.365,95"
2017-06-08,"9,874","5,62","0,75","5,73","1,21","16.365,95"
2017-06-09,"9,859","5,62","0,75","5,73","1,21","16.365,95"
2017-06-12,"9,820","5,62","0,75","5,73","1,21","16.365,95"
2017-06-13,"9,830","5,62","0,75","5,73","1,21","16.365,95"
2017-06-14,"9,751","5,62","0,75","5,73","1,21","16.365,95"
2017-06-15,"9,551","5,62","0,75","5,73","1,21","16.365,95"
2017-06-16,"9,625","5,62","0,75","5,73","1,21","16.365,95"
2017-06-19,"9,708","5,62","0,75","5,73","1,21","16.365,95"
2017-06-20,"9,585","5,62","0,75","5,73","1,21","16.365,95"
2017-06-21,"9,530","5,62","0,75","5,73","1,21","16.365,95"
2017-06-22,"9,515","5,62","0,75","5,73","1,21","16.365,95"
2017-06-23,"9,496","5,62","0,75","5,73","1,21","16.365,95"
2017-06-26,"9,525","5,62","0,75","5,73","1,21","16.365,95"
2017-06-27,"9,407","5,62","0,75","5,73","1,21","16.365,95"
2017-06-28,"9,213","5,62","0,75","5,73","1,21","16.365,95"
2017-06-29,"9,100","5,62","0,75","5,73","1,21","16.365,95"
2017-06-30,"9,038","5,62","0,75","5,73","1,21","16.365,95"
2017-07-03,"9,229","5,62","0,75","5,73","1,21","16.365,95"
2017-07-04,"9,150","5,62","0,75","5,73","1,21","16.365,95"
2017-07-05,"9,026","5,62","0,75","5,73","1,21","16.365,95"
2017-07-06,"9,007","5,62","0,75","5,73","1,21","16.365,95"
2017-07-07,"9,051","5,62","0,75","5,73","1,21","16.365,95"
2017-07-10,"9,014","5,62","0,75","5,73","1,21","16.365,95"
2017-07-11,"9,019","5,62","0,75","5,73","1,21","16.365,95"
2017-07-12,"9,140","5,62","0,75","5,73","1,21","16.365,95"
2017-07-13,"9,338","5,62","0,75","5,73","1,21","16.365,95"
2017-07-14,"9,294","5,62","0,75","5,73","1,21","16.365,95"
2017-07-17,"9,347","5,62","0,75","5,73","1,21","16.365,95"
2017-07-18,"9,291","5,62","0,75","5,73","1,21","16.365,95"
2017-07-19,"9,323","5,62","0,75","5,73","1,21","16.365,95"
2017-07-20,"9,385","5,62","0,75","5,73","1,21","16.365,95"
2017-07-21,"9,285","5,62","0,75","5,73","1,21","16.365,95"
2017-07-24,"9,307","5,62","0,75","5,73","1,21","16.365,95"
2017-07-25,"9,332","5,62","0,75","5,73","1,21","16.365,95"
2017-07-26,"9,461","5,62","0,75","5,73","1,21","16.365,95"
2017-07-27,"9,790","5,62","0,75","5,73","1,21","16.365,95"
2017-07-28,"9,622","5,62","0,75","5,73","1,21","16.365,95"
2017-07-31,"9,560","5,62","0,75","5,73","1,21","16.365,95"
2017-08-01,"9,660","5,62","0,75","5,73","1,21","16.365,95"
2017-08-02,"9,522","5,62","0,75","5,73","1,21","16.365,95"
2017-08-03,"9,490","5,62","0,75","5,73","1,21","16.365,95"
2017-08-04,"9,707","5,62","0,75","5,73","1,21","16.365,95"
2017-08-07,"9,699","5,62","0,75","5,73","1,21","16.365,95"
2017-08-08,"9,818","5,62","0,75","5,73","1,21","16.365,95"
2017-08-09,"9,629","5,62","0,75","5,73","1,21","16.365,95"
2017-08-10,"9,454","5,62","0,75","5,73","1,21","16.365,95"
2017-08-11,"9,195","5,62","0,75","5,73","1,21","16.365,95"
2017-08-14,"9,440","5,62","0,75","5,73","1,21","16.365,95"
2017-08-15,"9,378","5,62","0,75","5,73","1,21","16.365,95"
2017-08-16,"9,375","5,62","0,75","5,73","1,21","16.365,95"
2017-08-17,"9,241","5,62","0,75","5,73","1,21","16.365,95"
2017-08-18,"9,177","5,62","0,75","5,73","1,21","16.365,95"
2017-08-21,"9,128","5,62","0,75","5,73","1,21","16.365,95"
2017-08-22,"9,164","5,62","0,75","5,73","1,21","16.365,95"
2017-08-23,"9,082","5,62","0,75","5,73","1,21","16.365,95"
2017-08-24,"9,093","5,62","0,75","5,73","1,21","16.365,95"
2017-08-25,"9,113","5,62","0,75","5,73","1,21","16.365,95"
2017-08-28,"9,033","5,62","0,75","5,73","1,21","16.365,95"
2017-08-29,"8,975","5,62","0,75","5,73","1,21","16.365,95"
2017-08-30,"9,004","5,62","0,75","5,73","1,21","16.365,95"
2017-08-31,"9,059","5,62","0,75","5,73","1,21","16.365,95"
2017-09-01,"9,056","5,62","0,75","5,73","1,21","16.365,95"
2017-09-04,"8,953","5,62","0,75","5,73","1,21","16.365,95"
2017-09-05,"8,899","5,62","0,75","5,73","1,21","16.365,95"
2017-09-06,"8,864","5,62","0,75","5,73","1,21","16.365,95"
2017-09-07,"8,923","5,62","0,75","5,73","1,21","16.365,95"
2017-09-08,"8,957","5,62","0,75","5,73","1,21","16.365,95"
2017-09-11,"9,125","5,62","0,75","5,73","1,21","16.365,95"
2017-09-12,"9,103","5,62","0,75","5,73","1,21","16.365,95"
2017-09-13,"9,127","5,62","0,75","5,73","1,21","16.365,95"
2017-09-14,"9,085","5,62","0,75","5,73","1,21","16.365,95"
2017-09-15,"9,092","5,62","0,75","5,73","1,21","16.365,95"
2017-09-18,"9,159","5,62","0,75","5,73","1,21","16.365,95"
2017-09-19,"9,188","5,62","0,75","5,73","1,21","16.365,95"
2017-09-20,"9,140","5,62","0,75","5,73","1,21","16.365,95"
2017-09-21,"9,074","5,62","0,75","5,73","1,21","16.365,95"
2017-09-22,"9,047","5,62","0,75","5,73","1,21","16.365,95"
2017-09-25,"9,005","5,62","0,75","5,73","1,21","16.365,95"
2017-09-26,"8,974","5,62","0,75","5,73","1,21","16.365,95"
2017-09-27,"9,245","5,62","0,75","5,73","1,21","16.365,95"
2017-09-28,"9,184","5,62","0,75","5,73","1,21","16.365,95"
2017-09-29,"9,192","5,62","0,75","5,73","1,21","16.365,95"
2017-10-02,"9,051","5,62","0,75","5,73","1,21","16.365,95"
2017-10-03,"9,005","5,62","0,75","5,73","1,21","16.365,95"
2017-10-04,"8,762","5,62","0,75","5,73","1,21","16.365,95"
2017-10-05,"9,020","5,62","0,75","5,73","1,21","16.365,95"
2017-10-06,"9,001","5,62","0,75","5,73","1,21","16.365,95"
2017-10-09,"9,087","5,62","0,75","5,73","1,21","16.365,95"
2017-10-10,"9,013","5,62","0,75","5,73","1,21","16.365,95"
2017-10-11,"9,220","5,62","0,75","5,73","1,21","16.365,95"
2017-10-12,"9,164","5,62","0,75","5,73","1,21","16.365,95"
2017-10-13,"9,204","5,62","0,75","5,73","1,21","16.365,95"
2017-10-16,"9,043","5,62","0,75","5,73","1,21","16.365,95"
2017-10-17,"8,975","5,62","0,75","5,73","1,21","16.365,95"
2017-10-18,"8,966","5,62","0,75","5,73","1,21","16.365,95"
2017-10-19,"8,826","5,62","0,75","5,73","1,21","16.365,95"
2017-10-20,"8,864","5,62","0,75","5,73","1,21","16.365,95"
2017-10-23,"8,838","5,62","0,75","5,73","1,21","16.365,95"
2017-10-24,"8,825","5,62","0,75","5,73","1,21","16.365,95"
2017-10-25,"8,848","5,62","0,75","5,73","1,21","16.365,95"
2017-10-26,"8,799","5,62","0,75","5,73","1,21","16.365,95"
2017-10-27,"8,692","5,62","0,75","5,73","1,21","16.365,95"
2017-10-30,"8,903","5,62","0,75","5,73","1,21","16.365,95"
2017-10-31,"9,006","5,62","0,75","5,73","1,21","16.365,95"
2017-11-01,"9,041","5,62","0,75","5,73","1,21","16.365,95"
2017-11-02,"9,030","5,62","0,75","5,73","1,21","16.365,95"
2017-11-03,"8,891","5,62","0,75","5,73","1,21","16.365,95"
2017-11-06,"8,832","5,62","0,75","5,73","1,21","16.365,95"
2017-11-07,"8,779","5,62","0,75","5,73","1,21","16.365,95"
2017-11-08,"8,723","5,62","0,75","5,73","1,21","16.365,95"
2017-11-09,"8,671","5,62","0,75","5,73","1,21","16.365,95"
2017-11-10,"8,612","5,62","0,75","5,73","1,21","16.365,95"
2017-11-13,"8,532","5,62","0,75","5,73","1,21","16.365,95"
2017-11-14,"8,475","5,62","0,75","5,73","1,21","16.365,95"
2017-11-15,"8,521","5,62","0,75","5,73","1,21","16.365,95"
2017-11-16,"8,567","5,62","0,75","5,73","1,21","16.365,95"
2017-11-17,"8,532","5,62","0,75","5,73","1,21","16.365,95"
2017-11-20,"8,577","5,62","0,75","5,73","1,21","16.365,95"
2017-11-21,"8,516","5,62","0,75","5,73","1,21","16.365,95"
2017-11-22,"8,497","5,62","0,75","5,73","1,21","16.365,95"
2017-11-23,"8,523","5,62","0,75","5,73","1,21","16.365,95"
2017-11-24,"8,537","5,62","0,75","5,73","1,21","16.365,95"
2017-11-27,"8,532","5,62","0,75","5,73","1,21","16.365,95"
2017-11-28,"8,441","5,62","0,75","5,73","1,21","16.365,95"
2017-11-29,"8,460","5,62","0,75","5,73","1,21","16.365,95"
2017-11-30,"8,405","5,62","0,75","5,73","1,21","16.365,95"
2017-12-01,"8,363","5,62","0,75","5,73","1,21","16.365,95"
2017-12-04,"8,373","5,62","0,75","5,73","1,21","16.365,95"
2017-12-05,"8,361","5,62","0,75","5,73","1,21","16.365,95"
2017-12-06,"8,357","5,62","0,75","5,73","1,21","16.365,95"
2017-12-07,"8,425","5,62","0,75","5,73","1,21","16.365,95"
2017-12-08,"8,425","5,62","0,75","5,73","1,21","16.365,95"
2017-12-11,"8,394","5,62","0,75","5,73","1,21","16.365,95"
2017-12-12,"8,394","5,62","0,75","5,73","1,21","16.365,95"
2017-12-13,"8,347","5,62","0,75","5,73","1,21","16.365,95"
2017-12-14,"8,239","5,62","0,75","5,73","1,21","16.365,95"
2017-12-15,"8,251","5,62","0,75","5,73","1,21","16.365,95"
2017-12-18,"8,361","5,62","0,75","5,73","1,21","16.365,95"
2017-12-19,"8,391","5,62","0,75","5,73","1,21","16.365,95"
2017-12-20,"8,324","5,62","0,75","5,73","1,21","16.365,95"
2017-12-21,"8,363","5,62","0,75","5,73","1,21","16.365,95"
2017-12-22,"8,255","5,62","0,75","5,73","1,21","16.365,95"
2017-12-27,"8,234","5,62","0,75","5,73","1,21","16.365,95"
2017-12-28,"8,195","5,62","0,75","5,73","1,21","16.365,95"
2017-12-29,"8,125","5,62","0,75","5,73","1,21","16.365,95"
2018-01-02,"8,191","5,20","0,81","5,98","1,21","15.571,00"
2018-01-03,"8,166","5,20","0,81","5,98","1,21","15.571,00"
2018-01-04,"8,295","5,20","0,81","5,98","1,21","15.571,00"
2018-01-05,"8,358","5,20","0,81","5,98","1,21","15.571,00"
2018-01-08,"8,370","5,20","0,81","5,98","1,21","15.571,00"
2018-01-09,"8,373","5,20","0,81","5,98","1,21","15.571,00"
2018-01-10,"8,274","5,20","0,81","5,98","1,21","15.571,00"
2018-01-11,"8,180","5,20","0,81","5,98","1,21","15.571,00"
2018-01-12,"8,199","5,20","0,81","5,98","1,21","15.571,00"
2018-01-15,"8,251","5,20","0,81","5,98","1,21","15.571,00"
2018-01-16,"8,316","5,20","0,81","5,98","1,21","15.571,00"
2018-01-17,"8,257","5,20","0,81","5,98","1,21","15.571,00"
2018-01-18,"8,215","5,20","0,81","5,98","1,21","15.571,00"
2018-01-19,"8,258","5,20","0,81","5,98","1,21","15.571,00"
2018-01-22,"8,417","5,20","0,81","5,98","1,21","15.571,00"
2018-01-23,"8,473","5,20","0,81","5,98","1,21","15.571,00"
2018-01-24,"8,423","5,20","0,81","5,98","1,21","15.571,00"
2018-01-25,"8,409","5,20","0,81","5,98","1,21","15.571,00"
2018-01-26,"8,503","5,20","0,81","5,98","1,21","15.571,00"
2018-01-29,"8,481","5,20","0,81","5,98","1,21","15.571,00"
2018-01-30,"8,344","5,20","0,81","5,98","1,21","15.571,00"
2018-01-31,"8,253","5,20","0,81","5,98","1,21","15.571,00"
2018-02-01,"8,197","5,20","0,81","5,98","1,21","15.571,00"
2018-02-02,"8,052","5,20","0,81","5,98","1,21","15.571,00"
2018-02-05,"7,895","5,20","0,81","5,98","1,21","15.571,00"
2018-02-06,"7,693","5,20","0,81","5,98","1,21","15.571,00"
2018-02-07,"7,885","5,20","0,81","5,98","1,21","15.571,00"
2018-02-08,"7,656","5,20","0,81","5,98","1,21","15.571,00"
2018-02-09,"7,522","5,20","0,81","5,98","1,21","15.571,00"
2018-02-12,"7,597","5,20","0,81","5,98","1,21","15.571,00"
2018-02-13,"7,487","5,20","0,81","5,98","1,21","15.571,00"
2018-02-14,"7,474","5,20","0,81","5,98","1,21","15.571,00"
2018-02-15,"7,489","5,20","0,81","5,98","1,21","15.571,00"
2018-02-16,"7,636","5,20","0,81","5,98","1,21","15.571,00"
2018-02-19,"7,610","5,20","0,81","5,98","1,21","15.571,00"
2018-02-20,"7,654","5,20","0,81","5,98","1,21","15.571,00"
2018-02-21,"7,640","5,20","0,81","5,98","1,21","15.571,00"
2018-02-22,"7,930","5,20","0,81","5,98","1,21","15.571,00"
2018-02-23,"8,021","5,20","0,81","5,98","1,21","15.571,00"
2018-02-26,"8,090","5,20","0,81","5,98","1,21","15.571,00"
2018-02-27,"8,020","5,20","0,81","5,98","1,21","15.571,00"
2018-02-28,"7,993","5,20","0,81","5,98","1,21","15.571,00"
2018-03-01,"7,947","5,20","0,81","5,98","1,21","15.571,00"
2018-03-02,"7,832","5,20","0,81","5,98","1,21","15.571,00"
2018-03-05,"7,929","5,20","0,81","5,98","1,21","15.571,00"
2018-03-06,"7,950","5,20","0,81","5,98","1,21","15.571,00"
2018-03-07,"7,902","5,20","0,81","5,98","1,21","15.571,00"
2018-03-08,"8,065","5,20","0,81","5,98","1,21","15.571,00"
2018-03-09,"8,170","5,20","0,81","5,98","1,21","15.571,00"
2018-03-12,"8,185","5,20","0,81","5,98","1,21","15.571,00"
2018-03-13,"8,040","5,20","0,81","5,98","1,21","15.571,00"
2018-03-14,"8,067","5,20","0,81","5,98","1,21","15.571,00"
2018-03-15,"8,054","5,20","0,81","5,98","1,21","15.571,00"
2018-03-16,"8,200","5,20","0,81","5,98","1,21","15.571,00"
2018-03-19,"8,120","5,20","0,81","5,98","1,21","15.571,00"
2018-03-20,"7,993","5,20","0,81","5,98","1,21","15.571,00"
2018-03-21,"7,930","5,20","0,81","5,98","1,21","15.571,00"
2018-03-22,"7,833","5,20","0,81","5,98","1,21","15.571,00"
2018-03-23,"7,787","5,20","0,81","5,98","1,21","15.571,00"
2018-03-26,"7,766","5,20","0,81","5,98","1,21","15.571,00"
2018-03-27,"7,893","5,20","0,81","5,98","1,21","15.571,00"
2018-03-28,"7,992","5,20","0,81","5,98","1,21","15.571,00"
2018-03-29,"8,028","5,20","0,81","5,98","1,21","15.571,00"
2018-04-03,"7,993","5,20","0,81","5,98","1,21","15.571,00"
2018-04-04,"7,938","5,20","0,81","5,98","1,21","15.571,00"
2018-04-05,"8,151","5,20","0,81","5,98","1,21","15.571,00"
2018-04-06,"8,140","5,20","0,81","5,98","1,21","15.571,00"
2018-04-09,"8,172","5,20","0,81","5,98","1,21","15.571,00"
2018-04-10,"8,196","5,20","0,81","5,98","1,21","15.571,00"
2018-04-11,"8,169","5,20","0,81","5,98","1,21","15.571,00"
2018-04-12,"8,190","5,20","0,81","5,98","1,21","15.571,00"
2018-04-13,"8,160","5,20","0,81","5,98","1,21","15.571,00"
2018-04-16,"8,153","5,20","0,81","5,98","1,21","15.571,00"
2018-04-17,"8,157","5,20","0,81","5,98","1,21","15.571,00"
2018-04-18,"8,164","5,20","0,81","5,98","1,21","15.571,00"
2018-04-19,"8,186","5,20","0,81","5,98","1,21","15.571,00"
2018-04-20,"8,249","5,20","0,81","5,98","1,21","15.571,00"
2018-04-23,"8,333","5,20","0,81","5,98","1,21","15.571,00"
2018-04-24,"8,304","5,20","0,81","5,98","1,21","15.571,00"
2018-04-25,"8,339","5,20","0,81","5,98","1,21","15.571,00"
2018-04-26,"8,405","5,20","0,81","5,98","1,21","15.571,00"
2018-04-27,"8,398","5,20","0,81","5,98","1,21","15.571,00"
2018-04-30,"8,433","5,20","0,81","5,98","1,21","15.571,00"
2018-05-02,"8,420","5,20","0,81","5,98","1,21","15.571,00"
2018-05-03,"8,367","5,20","0,81","5,98","1,21","15.571,00"
2018-05-04,"8,306","5,20","0,81","5,98","1,21","15.571,00"
2018-05-07,"8,283","5,20","0,81","5,98","1,21","15.571,00"
2018-05-08,"8,327","5,20","0,81","5,98","1,21","15.571,00"
2018-05-09,"8,336","5,20","0,81","5,98","1,21","15.571,00"
2018-05-10,"8,340","5,20","0,81","5,98","1,21","15.571,00"
2018-05-11,"8,348","5,20","0,81","5,98","1,21","15.571,00"
2018-05-14,"8,239","5,20","0,81","5,98","1,21","15.571,00"
2018-05-15,"8,052","5,20","0,81","5,98","1,21","15.571,00"
2018-05-16,"8,051","5,20","0,81","5,98","1,21","15.571,00"
2018-05-17,"8,067","5,20","0,81","5,98","1,21","15.571,00"
2018-05-18,"7,970","5,20","0,81","5,98","1,21","15.571,00"
2018-05-21,"7,893","5,20","0,81","5,98","1,21","15.571,00"
2018-05-22,"7,951","5,20","0,81","5,98","1,21","15.571,00"
2018-05-23,"7,894","5,20","0,81","5,98","1,21","15.571,00"
2018-05-24,"7,843","5,20","0,81","5,98","1,21","15.571,00"
2018-05-25,"7,777","5,20","0,81","5,98","1,21","15.571,00"
2018-05-28,"7,687","5,20","0,81","5,98","1,21","15.571,00"
2018-05-29,"7,612","5,20","0,81","5,98","1,21","15.571,00"
2018-05-30,"7,626","5,20","0,81","5,98","1,21","15.571,00"
2018-05-31,"7,547","5,20","0,81","5,98","1,21","15.571,00"
2018-06-01,"7,625","5,20","0,81","5,98","1,21","15.571,00"
2018-06-04,"7,730","5,20","0,81","5,98","1,21","15.571,00"
2018-06-05,"7,687","5,20","0,81","5,98","1,21","15.571,00"
2018-06-06,"7,748","5,20","0,81","5,98","1,21","15.571,00"
2018-06-07,"7,738","5,20","0,81","5,98","1,21","15.571,00"
2018-06-08,"7,582","5,20","0,81","5,98","1,21","15.571,00"
2018-06-11,"7,654","5,20","0,81","5,98","1,21","15.571,00"
2018-06-12,"7,681","5,20","0,81","5,98","1,21","15.571,00"
2018-06-13,"7,452","5,20","0,81","5,98","1,21","15.571,00"
2018-06-14,"7,549","5,20","0,81","5,98","1,21","15.571,00"
2018-06-15,"7,447","5,20","0,81","5,98","1,21","15.571,00"
2018-06-18,"7,400","5,20","0,81","5,98","1,21","15.571,00"
2018-06-19,"7,369","5,20","0,81","5,98","1,21","15.571,00"
2018-06-20,"7,432","5,20","0,81","5,98","1,21","15.571,00"
2018-06-21,"7,390","5,20","0,81","5,98","1,21","15.571,00"
2018-06-22,"7,456","5,20","0,81","5,98","1,21","15.571,00"
2018-06-25,"7,357","5,20","0,81","5,98","1,21","15.571,00"
2018-06-26,"7,351","5,20","0,81","5,98","1,21","15.571,00"
2018-06-27,"7,351","5,20","0,81","5,98","1,21","15.571,00"
2018-06-28,"7,286","5,20","0,81","5,98","1,21","15.571,00"
2018-06-29,"7,279","5,20","0,81","5,98","1,21","15.571,00"
2018-07-02,"7,247","5,20","0,81","5,98","1,21","15.571,00"
2018-07-03,"7,405","5,20","0,81","5,98","1,21","15.571,00"
2018-07-04,"7,588","5,20","0,81","5,98","1,21","15.571,00"
2018-07-05,"7,663","5,20","0,81","5,98","1,21","15.571,00"
2018-07-06,"7,710","5,20","0,81","5,98","1,21","15.571,00"
2018-07-09,"7,705","5,20","0,81","5,98","1,21","15.571,00"
2018-07-10,"7,669","5,20","0,81","5,98","1,21","15.571,00"
2018-07-11,"7,600","5,20","0,81","5,98","1,21","15.571,00"
2018-07-12,"7,582","5,20","0,81","5,98","1,21","15.571,00"
2018-07-13,"7,565","5,20","0,81","5,98","1,21","15.571,00"
2018-07-16,"7,518","5,20","0,81","5,98","1,21","15.571,00"
2018-07-17,"7,446","5,20","0,81","5,98","1,21","15.571,00"
2018-07-18,"7,462","5,20","0,81","5,98","1,21","15.571,00"
2018-07-19,"7,397","5,20","0,81","5,98","1,21","15.571,00"
2018-07-20,"7,404","5,20","0,81","5,98","1,21","15.571,00"
2018-07-23,"7,384","5,20","0,81","5,98","1,21","15.571,00"
2018-07-24,"7,388","5,20","0,81","5,98","1,21","15.571,00"
2018-07-25,"7,371","5,20","0,81","5,98","1,21","15.571,00"
2018-07-26,"7,629","5,20","0,81","5,98","1,21","15.571,00"
2018-07-27,"7,666","5,20","0,81","5,98","1,21","15.571,00"
2018-07-30,"7,710","5,20","0,81","5,98","1,21","15.571,00"
2018-07-31,"7,691","5,20","0,81","5,98","1,21","15.571,00"
2018-08-01,"7,661","5,20","0,81","5,98","1,21","15.571,00"
2018-08-02,"7,596","5,20","0,81","5,98","1,21","15.571,00"
2018-08-03,"7,622","5,20","0,81","5,98","1,21","15.571,00"
2018-08-06,"7,615","5,20","0,81","5,98","1,21","15.571,00"
2018-08-07,"7,656","5,20","0,81","5,98","1,21","15.571,00"
2018-08-08,"7,630","5,20","0,81","5,98","1,21","15.571,00"
2018-08-09,"7,594","5,20","0,81","5,98","1,21","15.571,00"
2018-08-10,"7,470","5,20","0,81","5,98","1,21","15.571,00"
2018-08-13,"7,453","5,20","0,81","5,98","1,21","15.571,00"
2018-08-14,"7,434","5,20","0,81","5,98","1,21","15.571,00"
2018-08-15,"7,372","5,20","0,81","5,98","1,21","15.571,00"
2018-08-16,"7,389","5,20","0,81","5,98","1,21","15.571,00"
2018-08-17,"7,313","5,20","0,81","5,98","1,21","15.571,00"
2018-08-20,"7,325","5,20","0,81","5,98","1,21","15.571,00"
2018-08-21,"7,341","5,20","0,81","5,98","1,21","15.571,00"
2018-08-22,"7,340","5,20","0,81","5,98","1,21","15.571,00"
2018-08-23,"7,333","5,20","0,81","5,98","1,21","15.571,00"
2018-08-24,"7,327","5,20","0,81","5,98","1,21","15.571,00"
2018-08-27,"7,341","5,20","0,81","5,98","1,21","15.571,00"
2018-08-28,"7,267","5,20","0,81","5,98","1,21","15.571,00"
2018-08-29,"7,260","5,20","0,81","5,98","1,21","15.571,00"
2018-08-30,"7,107","5,20","0,81","5,98","1,21","15.571,00"
2018-08-31,"6,987","5,20","0,81","5,98","1,21","15.571,00"
2018-09-03,"7,005","5,20","0,81","5,98","1,21","15.571,00"
2018-09-04,"6,926","5,20","0,81","5,98","1,21","15.571,00"
2018-09-05,"6,801","5,20","0,81","5,98","1,21","15.571,00"
2018-09-06,"6,742","5,20","0,81","5,98","1,21","15.571,00"
2018-09-07,"6,775","5,20","0,81","5,98","1,21","15.571,00"
2018-09-10,"6,806","5,20","0,81","5,98","1,21","15.571,00"
2018-09-11,"6,792","5,20","0,81","5,98","1,21","15.571,00"
2018-09-12,"6,682","5,20","0,81","5,98","1,21","15.571,00"
2018-09-13,"6,688","5,20","0,81","5,98","1,21","15.571,00"
2018-09-14,"6,682","5,20","0,81","5,98","1,21","15.571,00"
2018-09-17,"6,633","5,20","0,81","5,98","1,21","15.571,00"
2018-09-18,"6,707","5,20","0,81","5,98","1,21","15.571,00"
2018-09-19,"6,699","5,20","0,81","5,98","1,21","15.571,00"
2018-09-20,"6,859","5,20","0,81","5,98","1,21","15.571,00"
2018-09-21,"6,851","5,20","0,81","5,98","1,21","15.571,00"
2018-09-24,"6,830","5,20","0,81","5,98","1,21","15.571,00"
2018-09-25,"6,780","5,20","0,81","5,98","1,21","15.571,00"
2018-09-26,"6,888","5,20","0,81","5,98","1,21","15.571,00"
2018-09-27,"6,953","5,20","0,81","5,98","1,21","15.571,00"
2018-09-28,"6,818","5,20","0,81","5,98","1,21","15.571,00"
2018-10-01,"6,828","5,20","0,81","5,98","1,21","15.571,00"
2018-10-02,"6,753","5,20","0,81","5,98","1,21","15.571,00"
2018-10-03,"6,917","5,20","0,81","5,98","1,21","15.571,00"
2018-10-04,"6,960","5,20","0,81","5,98","1,21","15.571,00"
2018-10-05,"6,920","5,20","0,81","5,98","1,21","15.571,00"
2018-10-08,"6,978","5,20","0,81","5,98","1,21","15.571,00"
2018-10-09,"7,008","5,20","0,81","5,98","1,21","15.571,00"
2018-10-10,"7,085","5,20","0,81","5,98","1,21","15.571,00"
2018-10-11,"7,013","5,20","0,81","5,98","1,21","15.571,00"
2018-10-12,"6,950","5,20","0,81","5,98","1,21","15.571,00"
2018-10-15,"7,042","5,20","0,81","5,98","1,21","15.571,00"
2018-10-16,"7,029","5,20","0,81","5,98","1,21","15.571,00"
2018-10-17,"6,950","5,20","0,81","5,98","1,21","15.571,00"
2018-10-18,"6,875","5,20","0,81","5,98","1,21","15.571,00"
2018-10-19,"6,972","5,20","0,81","5,98","1,21","15.571,00"
2018-10-22,"6,940","5,20","0,81","5,98","1,21","15.571,00"
2018-10-23,"6,883","5,20","0,81","5,98","1,21","15.571,00"
2018-10-24,"6,863","5,20","0,81","5,98","1,21","15.571,00"
2018-10-25,"6,931","5,20","0,81","5,98","1,21","15.571,00"
2018-10-26,"6,848","5,20","0,81","5,98","1,21","15.571,00"
2018-10-29,"7,022","5,20","0,81","5,98","1,21","15.571,00"
2018-10-30,"7,041","5,20","0,81","5,98","1,21","15.571,00"
2018-10-31,"7,238","5,20","0,81","5,98","1,21","15.571,00"
2018-11-01,"7,347","5,20","0,81","5,98","1,21","15.571,00"
2018-11-02,"7,354","5,20","0,81","5,98","1,21","15.571,00"
2018-11-05,"7,427","5,20","0,81","5,98","1,21","15.571,00"
2018-11-06,"7,338","5,20","0,81","5,98","1,21","15.571,00"
2018-11-07,"7,442","5,20","0,81","5,98","1,21","15.571,00"
2018-11-08,"7,512","5,20","0,81","5,98","1,21","15.571,00"
2018-11-09,"7,469","5,20","0,81","5,98","1,21","15.571,00"
2018-11-12,"7,429","5,20","0,81","5,98","1,21","15.571,00"
2018-11-13,"7,514","5,20","0,81","5,98","1,21","15.571,00"
2018-11-14,"7,495","5,20","0,81","5,98","1,21","15.571,00"
2018-11-15,"7,500","5,20","0,81","5,98","1,21","15.571,00"
2018-11-16,"7,497","5,20","0,81","5,98","1,21","15.571,00"
2018-11-19,"7,467","5,20","0,81","5,98","1,21","15.571,00"
2018-11-20,"7,327","5,20","0,81","5,98","1,21","15.571,00"
2018-11-21,"7,404","5,20","0,81","5,98","1,21","15.571,00"
2018-11-22,"7,291","5,20","0,81","5,98","1,21","15.571,00"
2018-11-23,"7,334","5,20","0,81","5,98","1,21","15.571,00"
2018-11-26,"7,655","5,20","0,81","5,98","1,21","15.571,00"
2018-11-27,"7,698","5,20","0,81","5,98","1,21","15.571,00"
2018-11-28,"7,778","5,20","0,81","5,98","1,21","15.571,00"
2018-11-29,"7,804","5,20","0,81","5,98","1,21","15.571,00"
2018-11-30,"7,928","5,20","0,81","5,98","1,21","15.571,00"
2018-12-03,"7,959","5,20","0,81","5,98","1,21","15.571,00"
2018-12-04,"7,886","5,20","0,81","5,98","1,21","15.571,00"
2018-12-05,"7,857","5,20","0,81","5,98","1,21","15.571,00"
2018-12-06,"7,603","5,20","0,81","5,98","1,21","15.571,00"
2018-12-07,"7,680","5,20","0,81","5,98","1,21","15.571,00"
2018-12-10,"7,567","5,20","0,81","5,98","1,21","15.571,00"
2018-12-11,"7,624","5,20","0,81","5,98","1,21","15.571,00"
2018-12-12,"7,743","5,20","0,81","5,98","1,21","15.571,00"
2018-12-13,"7,830","5,20","0,81","5,98","1,21","15.571,00"
2018-12-14,"7,791","5,20","0,81","5,98","1,21","15.571,00"
2018-12-17,"7,827","5,20","0,81","5,98","1,21","15.571,00"
2018-12-18,"7,472","5,20","0,81","5,98","1,21","15.571,00"
2018-12-19,"7,600","5,20","0,81","5,98","1,21","15.571,00"
2018-12-20,"7,503","5,20","0,81","5,98","1,21","15.571,00"
2018-12-21,"7,491","5,20","0,81","5,98","1,21","15.571,00"
2018-12-24,"7,385","5,20","0,81","5,98","1,21","15.571,00"
2018-12-27,"7,310","5,20","0,81","5,98","1,21","15.571,00"
2018-12-28,"7,378","5,20","0,81","5,98","1,21","15.571,00"
2018-12-31,"7,339","5,20","0,81","5,98","1,21","15.571,00"
2019-01-02,"7,406","6,48","0,65","6,60","1,26","15.119,00"
2019-01-03,"7,529","6,48","0,65","6,60","1,26","15.119,00"
2019-01-04,"7,627","6,48","0,65","6,60","1,26","15.119,00"
2019-01-07,"7,696","6,48","0,65","6,60","1,26","15.119,00"
2019-01-08,"7,684","6,48","0,65","6,60","1,26","15.119,00"
2019-01-09,"7,527","6,48","0,65","6,60","1,26","15.119,00"
2019-01-10,"7,661","6,48","0,65","6,60","1,26","15.119,00"
2019-01-11,"7,670","6,48","0,65","6,60","1,26","15.119,00"
2019-01-14,"7,625","6,48","0,65","6,60","1,26","15.119,00"
2019-01-15,"7,593","6,48","0,65","6,60","1,26","15.119,00"
2019-01-16,"7,618","6,48","0,65","6,60","1,26","15.119,00"
2019-01-17,"7,567","6,48","0,65","6,60","1,26","15.119,00"
2019-01-18,"7,687","6,48","0,65","6,60","1,26","15.119,00"
2019-01-21,"7,704","6,48","0,65","6,60","1,26","15.119,00"
2019-01-22,"7,689","6,48","0,65","6,60","1,26","15.119,00"
2019-01-23,"7,728","6,48","0,65","6,60","1,26","15.119,00"
2019-01-24,"7,732","6,48","0,65","6,60","1,26","15.119,00"
2019-01-25,"7,714","6,48","0,65","6,60","1,26","15.119,00"
2019-01-28,"7,682","6,48","0,65","6,60","1,26","15.119,00"
2019-01-29,"7,630","6,48","0,65","6,60","1,26","15.119,00"
2019-01-30,"7,582","6,48","0,65","6,60","1,26","15.119,00"
2019-01-31,"7,495","6,48","0,65","6,60","1,26","15.119,00"
2019-02-01,"7,526","6,48","0,65","6,60","1,26","15.119,00"
2019-02-04,"7,460","6,48","0,65","6,60","1,26","15.119,00"
2019-02-05,"7,609","6,48","0,65","6,60","1,26","15.119,00"
2019-02-06,"7,614","6,48","0,65","6,60","1,26","15.119,00"
2019-02-07,"7,438","6,48","0,65","6,60","1,26","15.119,00"
2019-02-08,"7,307","6,48","0,65","6,60","1,26","15.119,00"
2019-02-11,"7,349","6,48","0,65","6,60","1,26","15.119,00"
2019-02-12,"7,352","6,48","0,65","6,60","1,26","15.119,00"
2019-02-13,"7,366","6,48","0,65","6,60","1,26","15.119,00"
2019-02-14,"7,315","6,48","0,65","6,60","1,26","15.119,00"
2019-02-15,"7,500","6,48","0,65","6,60","1,26","15.119,00"
2019-02-18,"7,562","6,48","0,65","6,60","1,26","15.119,00"
2019-02-19,"7,600","6,48","0,65","6,60","1,26","15.119,00"
2019-02-20,"7,680","6,48","0,65","6,60","1,26","15.119,00"
2019-02-21,"7,773","6,48","0,65","6,60","1,26","15.119,00"
2019-02-22,"7,768","6,48","0,65","6,60","1,26","15.119,00"
2019-02-25,"7,705","6,48","0,65","6,60","1,26","15.119,00"
2019-02-26,"7,600","6,48","0,65","6,60","1,26","15.119,00"
2019-02-27,"7,538","6,48","0,65","6,60","1,26","15.119,00"
2019-02-28,"7,589","6,48","0,65","6,60","1,26","15.119,00"
2019-03-01,"7,479","6,48","0,65","6,60","1,26","15.119,00"
2019-03-04,"7,424","6,48","0,65","6,60","1,26","15.119,00"
2019-03-05,"7,490","6,48","0,65","6,60","1,26","15.119,00"
2019-03-06,"7,527","6,48","0,65","6,60","1,26","15.119,00"
2019-03-07,"7,556","6,48","0,65","6,60","1,26","15.119,00"
2019-03-08,"7,576","6,48","0,65","6,60","1,26","15.119,00"
2019-03-11,"7,636","6,48","0,65","6,60","1,26","15.119,00"
2019-03-12,"7,570","6,48","0,65","6,60","1,26","15.119,00"
2019-03-13,"7,594","6,48","0,65","6,60","1,26","15.119,00"
2019-03-14,"7,609","6,48","0,65","6,60","1,26","15.119,00"
2019-03-15,"7,811","6,48","0,65","6,60","1,26","15.119,00"
2019-03-18,"7,825","6,48","0,65","6,60","1,26","15.119,00"
2019-03-19,"7,833","6,48","0,65","6,60","1,26","15.119,00"
2019-03-20,"7,723","6,48","0,65","6,60","1,26","15.119,00"
2019-03-21,"7,737","6,48","0,65","6,60","1,26","15.119,00"
2019-03-22,"7,600","6,48","0,65","6,60","1,26","15.119,00"
2019-03-25,"7,544","6,48","0,65","6,60","1,26","15.119,00"
2019-03-26,"7,574","6,48","0,65","6,60","1,26","15.119,00"
2019-03-27,"7,590","6,48","0,65","6,60","1,26","15.119,00"
2019-03-28,"7,392","6,48","0,65","6,60","1,26","15.119,00"
2019-03-29,"7,469","6,48","0,65","6,60","1,26","15.119,00"
2019-04-01,"7,511","6,48","0,65","6,60","1,26","15.119,00"
2019-04-02,"7,485","6,48","0,65","6,60","1,26","15.119,00"
2019-04-03,"7,553","6,48","0,65","6,60","1,26","15.119,00"
2019-04-04,"7,620","6,48","0,65","6,60","1,26","15.119,00"
2019-04-05,"7,508","6,48","0,65","6,60","1,26","15.119,00"
2019-04-08,"7,420","6,48","0,65","6,60","1,26","15.119,00"
2019-04-09,"7,388","6,48","0,65","6,60","1,26","15.119,00"
2019-04-10,"7,394","6,48","0,65","6,60","1,26","15.119,00"
2019-04-11,"7,436","6,48","0,65","6,60","1,26","15.119,00"
2019-04-12,"7,432","6,48","0,65","6,60","1,26","15.119,00"
2019-04-15,"7,467","6,48","0,65","6,60","1,26","15.119,00"
2019-04-16,"7,404","6,48","0,65","6,60","1,26","15.119,00"
2019-04-17,"7,500","6,48","0,65","6,60","1,26","15.119,00"
2019-04-18,"7,508","6,48","0,65","6,60","1,26","15.119,00"
2019-04-23,"7,432","6,48","0,65","6,60","1,26","15.119,00"
2019-04-24,"7,343","6,48","0,65","6,60","1,26","15.119,00"
2019-04-25,"7,384","6,48","0,65","6,60","1,26","15.119,00"
2019-04-26,"7,463","6,48","0,65","6,60","1,26","15.119,00"
2019-04-29,"7,510","6,48","0,65","6,60","1,26","15.119,00"
2019-04-30,"7,432","6,48","0,65","6,60","1,26","15.119,00"
2019-05-02,"7,321","6,48","0,65","6,60","1,26","15.119,00"
2019-05-03,"7,293","6,48","0,65","6,60","1,26","15.119,00"
2019-05-06,"7,288","6,48","0,65","6,60","1,26","15.119,00"
2019-05-07,"7,221","6,48","0,65","6,60","1,26","15.119,00"
2019-05-08,"7,180","6,48","0,65","6,60","1,26","15.119,00"
2019-05-09,"7,119","6,48","0,65","6,60","1,26","15.119,00"
2019-05-10,"7,107","6,48","0,65","6,60","1,26","15.119,00"
2019-05-13,"7,024","6,48","0,65","6,60","1,26","15.119,00"
2019-05-14,"7,111","6,48","0,65","6,60","1,26","15.119,00"
2019-05-15,"7,150","6,48","0,65","6,60","1,26","15.119,00"
2019-05-16,"7,217","6,48","0,65","6,60","1,26","15.119,00"
2019-05-17,"7,176","6,48","0,65","6,60","1,26","15.119,00"
2019-05-20,"7,177","6,48","0,65","6,60","1,26","15.119,00"
2019-05-21,"7,202","6,48","0,65","6,60","1,26","15.119,00"
2019-05-22,"7,228","6,48","0,65","6,60","1,26","15.119,00"
2019-05-23,"7,184","6,48","0,65","6,60","1,26","15.119,00"
2019-05-24,"7,204","6,48","0,65","6,60","1,26","15.119,00"
2019-05-27,"7,243","6,48","0,65","6,60","1,26","15.119,00"
2019-05-28,"7,252","6,48","0,65","6,60","1,26","15.119,00"
2019-05-29,"7,190","6,48","0,65","6,60","1,26","15.119,00"
2019-05-30,"7,216","6,48","0,65","6,60","1,26","15.119,00"
2019-05-31,"7,178","6,48","0,65","6,60","1,26","15.119,00"
2019-06-03,"7,195","6,48","0,65","6,60","1,26","15.119,00"
2019-06-04,"7,317","6,48","0,65","6,60","1,26","15.119,00"
2019-06-05,"7,394","6,48","0,65","6,60","1,26","15.119,00"
2019-06-06,"7,398","6,48","0,65","6,60","1,26","15.119,00"
2019-06-07,"7,470","6,48","0,65","6,60","1,26","15.119,00"
2019-06-10,"7,459","6,48","0,65","6,60","1,26","15.119,00"
2019-06-11,"7,527","6,48","0,65","6,60","1,26","15.119,00"
2019-06-12,"7,591","6,48","0,65","6,60","1,26","15.119,00"
2019-06-13,"7,489","6,48","0,65","6,60","1,26","15.119,00"
2019-06-14,"7,444","6,48","0,65","6,60","1,26","15.119,00"
2019-06-17,"7,384","6,48","0,65","6,60","1,26","15.119,00"
2019-06-18,"7,362","6,48","0,65","6,60","1,26","15.119,00"
2019-06-19,"7,358","6,48","0,65","6,60","1,26","15.119,00"
2019-06-20,"7,323","6,48","0,65","6,60","1,26","15.119,00"
2019-06-21,"7,264","6,48","0,65","6,60","1,26","15.119,00"
2019-06-24,"7,258","6,48","0,65","6,60","1,26","15.119,00"
2019-06-25,"7,278","6,48","0,65","6,60","1,26","15.119,00"
2019-06-26,"7,297","6,48","0,65","6,60","1,26","15.119,00"
2019-06-27,"7,214","6,48","0,65","6,60","1,26","15.119,00"
2019-06-28,"7,221","6,48","0,65","6,60","1,26","15.119,00"
2019-07-01,"7,273","6,48","0,65","6,60","1,26","15.119,00"
2019-07-02,"7,308","6,48","0,65","6,60","1,26","15.119,00"
2019-07-03,"7,320","6,48","0,65","6,60","1,26","15.119,00"
2019-07-04,"7,428","6,48","0,65","6,60","1,26","15.119,00"
2019-07-05,"7,394","6,48","0,65","6,60","1,26","15.119,00"
2019-07-08,"7,386","6,48","0,65","6,60","1,26","15.119,00"
2019-07-09,"7,452","6,48","0,65","6,60","1,26","15.119,00"
2019-07-10,"7,396","6,48","0,65","6,60","1,26","15.119,00"
2019-07-11,"7,440","6,48","0,65","6,60","1,26","15.119,00"
2019-07-12,"7,393","6,48","0,65","6,60","1,26","15.119,00"
2019-07-15,"7,380","6,48","0,65","6,60","1,26","15.119,00"
2019-07-16,"7,419","6,48","0,65","6,60","1,26","15.119,00"
2019-07-17,"7,312","6,48","0,65","6,60","1,26","15.119,00"
2019-07-18,"7,284","6,48","0,65","6,60","1,26","15.119,00"
2019-07-19,"7,244","6,48","0,65","6,60","1,26","15.119,00"
2019-07-22,"7,218","6,48","0,65","6,60","1,26","15.119,00"
2019-07-23,"7,273","6,48","0,65","6,60","1,26","15.119,00"
2019-07-24,"7,282","6,48","0,65","6,60","1,26","15.119,00"
2019-07-25,"7,069","6,48","0,65","6,60","1,26","15.119,00"
2019-07-26,"7,058","6,48","0,65","6,60","1,26","15.119,00"
2019-07-29,"7,102","6,48","0,65","6,60","1,26","15.119,00"
2019-07-30,"6,964","6,48","0,65","6,60","1,26","15.119,00"
2019-07-31,"6,921","6,48","0,65","6,60","1,26","15.119,00"
2019-08-01,"6,876","6,48","0,65","6,60","1,26","15.119,00"
2019-08-02,"6,775","6,48","0,65","6,60","1,26","15.119,00"
2019-08-05,"6,655","6,48","0,65","6,60","1,26","15.119,00"
2019-08-06,"6,527","6,48","0,65","6,60","1,26","15.119,00"
2019-08-07,"6,505","6,48","0,65","6,60","1,26","15.119,00"
2019-08-08,"6,526","6,48","0,65","6,60","1,26","15.119,00"
2019-08-09,"6,345","6,48","0,65","6,60","1,26","15.119,00"
2019-08-12,"6,254","6,48","0,65","6,60","1,26","15.119,00"
2019-08-13,"6,250","6,48","0,65","6,60","1,26","15.119,00"
2019-08-14,"5,987","6,48","0,65","6,60","1,26","15.119,00"
2019-08-15,"5,945","6,48","0,65","6,60","1,26","15.119,00"
2019-08-16,"6,006","6,48","0,65","6,60","1,26","15.119,00"
2019-08-19,"6,110","6,48","0,65","6,60","1,26","15.119,00"
2019-08-20,"5,952","6,48","0,65","6,60","1,26","15.119,00"
2019-08-21,"5,972","6,48","0,65","6,60","1,26","15.119,00"
2019-08-22,"5,993","6,48","0,65","6,60","1,26","15.119,00"
2019-08-23,"5,939","6,48","0,65","6,60","1,26","15.119,00"
2019-08-26,"6,057","6,48","0,65","6,60","1,26","15.119,00"
2019-08-27,"6,143","6,48","0,65","6,60","1,26","15.119,00"
2019-08-28,"6,234","6,48","0,65","6,60","1,26","15.119,00"
2019-08-29,"6,294","6,48","0,65","6,60","1,26","15.119,00"
2019-08-30,"6,301","6,48","0,65","6,60","1,26","15.119,00"
2019-09-02,"6,356","6,48","0,65","6,60","1,26","15.119,00"
2019-09-03,"6,372","6,48","0,65","6,60","1,26","15.119,00"
2019-09-04,"6,437","6,48","0,65","6,60","1,26","15.119,00"
2019-09-05,"6,507","6,48","0,65","6,60","1,26","15.119,00"
2019-09-06,"6,582","6,48","0,65","6,60","1,26","15.119,00"
2019-09-09,"6,660","6,48","0,65","6,60","1,26","15.119,00"
2019-09-10,"6,686","6,48","0,65","6,60","1,26","15.119,00"
2019-09-11,"6,691","6,48","0,65","6,60","1,26","15.119,00"
2019-09-12,"6,722","6,48","0,65","6,60","1,26","15.119,00"
2019-09-13,"6,789","6,48","0,65","6,60","1,26","15.119,00"
2019-09-16,"6,793","6,48","0,65","6,60","1,26","15.119,00"
2019-09-17,"6,672","6,48","0,65","6,60","1,26","15.119,00"
2019-09-18,"6,724","6,48","0,65","6,60","1,26","15.119,00"
2019-09-19,"6,754","6,48","0,65","6,60","1,26","15.119,00"
2019-09-20,"6,912","6,48","0,65","6,60","1,26","15.119,00"
2019-09-23,"6,888","6,48","0,65","6,60","1,26","15.119,00"
2019-09-24,"6,866","6,48","0,65","6,60","1,26","15.119,00"
2019-09-25,"6,890","6,48","0,65","6,60","1,26","15.119,00"
2019-09-26,"6,944","6,48","0,65","6,60","1,26","15.119,00"
2019-09-27,"6,997","6,48","0,65","6,60","1,26","15.119,00"
2019-09-30,"7,001","6,48","0,65","6,60","1,26","15.119,00"
2019-10-01,"6,946","6,48","0,65","6,60","1,26","15.119,00"
2019-10-02,"6,775","6,48","0,65","6,60","1,26","15.119,00"
2019-10-03,"6,767","6,48","0,65","6,60","1,26","15.119,00"
2019-10-04,"6,809","6,48","0,65","6,60","1,26","15.119,00"
2019-10-07,"6,869","6,48","0,65","6,60","1,26","15.119,00"
2019-10-08,"6,771","6,48","0,65","6,60","1,26","15.119,00"
2019-10-09,"6,815","6,48","0,65","6,60","1,26","15.119,00"
2019-10-10,"6,891","6,48","0,65","6,60","1,26","15.119,00"
2019-10-11,"7,039","6,48","0,65","6,60","1,26","15.119,00"
2019-10-14,"6,985","6,48","0,65","6,60","1,26","15.119,00"
2019-10-15,"7,042","6,48","0,65","6,60","1,26","15.119,00"
2019-10-16,"7,079","6,48","0,65","6,60","1,26","15.119,00"
2019-10-17,"7,047","6,48","0,65","6,60","1,26","15.119,00"
2019-10-18,"7,068","6,48","0,65","6,60","1,26","15.119,00"
2019-10-21,"7,097","6,48","0,65","6,60","1,26","15.119,00"
2019-10-22,"7,148","6,48","0,65","6,60","1,26","15.119,00"
2019-10-23,"7,218","6,48","0,65","6,60","1,26","15.119,00"
2019-10-24,"7,168","6,48","0,65","6,60","1,26","15.119,00"
2019-10-25,"7,153","6,48","0,65","6,60","1,26","15.119,00"
2019-10-28,"7,112","6,48","0,65","6,60","1,26","15.119,00"
2019-10-29,"6,920","6,48","0,65","6,60","1,26","15.119,00"
2019-10-30,"6,867","6,48","0,65","6,60","1,26","15.119,00"
2019-10-31,"6,875","6,48","0,65","6,60","1,26","15.119,00"
2019-11-01,"6,914","6,48","0,65","6,60","1,26","15.119,00"
2019-11-04,"6,933","6,48","0,65","6,60","1,26","15.119,00"
2019-11-05,"6,866","6,48","0,65","6,60","1,26","15.119,00"
2019-11-06,"6,745","6,48","0,65","6,60","1,26","15.119,00"
2019-11-07,"6,864","6,48","0,65","6,60","1,26","15.119,00"
2019-11-08,"6,856","6,48","0,65","6,60","1,26","15.119,00"
2019-11-11,"6,905","6,48","0,65","6,60","1,26","15.119,00"
2019-11-12,"6,855","6,48","0,65","6,60","1,26","15.119,00"
2019-11-13,"6,705","6,48","0,65","6,60","1,26","15.119,00"
2019-11-14,"6,682","6,48","0,65","6,60","1,26","15.119,00"
2019-11-15,"6,759","6,48","0,65","6,60","1,26","15.119,00"
2019-11-18,"6,696","6,48","0,65","6,60","1,26","15.119,00"
2019-11-19,"6,728","6,48","0,65","6,60","1,26","15.119,00"
2019-11-20,"6,706","6,48","0,65","6,60","1,26","15.119,00"
2019-11-21,"6,673","6,48","0,65","6,60","1,26","15.119,00"
2019-11-22,"6,765","6,48","0,65","6,60","1,26","15.119,00"
2019-11-25,"6,759","6,48","0,65","6,60","1,26","15.119,00"
2019-11-26,"6,676","6,48","0,65","6,60","1,26","15.119,00"
2019-11-27,"6,777","6,48","0,65","6,60","1,26","15.119,00"
2019-11-28,"6,856","6,48","0,65","6,60","1,26","15.119,00"
2019-11-29,"6,952","6,48","0,65","6,60","1,26","15.119,00"
2019-12-02,"6,796","6,48","0,65","6,60","1,26","15.119,00"
2019-12-03,"6,717","6,48","0,65","6,60","1,26","15.119,00"
2019-12-04,"6,843","6,48","0,65","6,60","1,26","15.119,00"
2019-12-05,"6,785","6,48","0,65","6,60","1,26","15.119,00"
2019-12-06,"6,868","6,48","0,65","6,60","1,26","15.119,00"
2019-12-09,"6,761","6,48","0,65","6,60","1,26","15.119,00"
2019-12-10,"6,743","6,48","0,65","6,60","1,26","15.119,00"
2019-12-11,"6,761","6,48","0,65","6,60","1,26","15.119,00"
2019-12-12,"6,693","6,48","0,65","6,60","1,26","15.119,00"
2019-12-13,"6,726","6,48","0,65","6,60","1,26","15.119,00"
2019-12-16,"6,851","6,48","0,65","6,60","1,26","15.119,00"
2019-12-17,"6,621","6,48","0,65","6,60","1,26","15.119,00"
2019-12-18,"6,579","6,48","0,65","6,60","1,26","15.119,00"
2019-12-19,"6,478","6,48","0,65","6,60","1,26","15.119,00"
2019-12-20,"6,533","6,48","0,65","6,60","1,26","15.119,00"
2019-12-23,"6,454","6,48","0,65","6,60","1,26","15.119,00"
2019-12-24,"6,412","6,48","0,65","6,60","1,26","15.119,00"
2019-12-27,"6,414","6,48","0,65","6,60","1,26","15.119,00"
2019-12-30,"6,320","6,48","0,65","6,60","1,26","15.119,00"
2019-12-31,"6,227","6,48","0,65","6,60","1,26","15.119,00"
2020-01-02,"6,332","8,48","0,50","4,73","1,16","15.160,37"
2020-01-03,"6,337","8,48","0,50","4,73","1,16","15.160,37"
2020-01-06,"6,345","8,48","0,50","4,73","1,16","15.160,37"
2020-01-07,"6,249","8,48","0,50","4,73","1,16","15.160,37"
2020-01-08,"6,161","8,48","0,50","4,73","1,16","15.160,37"
2020-01-09,"6,181","8,48","0,50","4,73","1,16","15.160,37"
2020-01-10,"6,179","8,48","0,50","4,73","1,16","15.160,37"
2020-01-13,"6,097","8,48","0,50","4,73","1,16","15.160,37"
2020-01-14,"6,066","8,48","0,50","4,73","1,16","15.160,37"
2020-01-15,"6,037","8,48","0,50","4,73","1,16","15.160,37"
2020-01-16,"6,100","8,48","0,50","4,73","1,16","15.160,37"
2020-01-17,"6,150","8,48","0,50","4,73","1,16","15.160,37"
2020-01-20,"6,317","8,48","0,50","4,73","1,16","15.160,37"
2020-01-21,"6,332","8,48","0,50","4,73","1,16","15.160,37"
2020-01-22,"6,267","8,48","0,50","4,73","1,16","15.160,37"
2020-01-23,"6,182","8,48","0,50","4,73","1,16","15.160,37"
2020-01-24,"6,118","8,48","0,50","4,73","1,16","15.160,37"
2020-01-27,"6,042","8,48","0,50","4,73","1,16","15.160,37"
2020-01-28,"6,269","8,48","0,50","4,73","1,16","15.160,37"
2020-01-29,"6,200","8,48","0,50","4,73","1,16","15.160,37"
2020-01-30,"6,159","8,48","0,50","4,73","1,16","15.160,37"
2020-01-31,"6,109","8,48","0,50","4,73","1,16","15.160,37"
2020-02-03,"6,110","8,48","0,50","4,73","1,16","15.160,37"
2020-02-04,"6,177","8,48","0,50","4,73","1,16","15.160,37"
2020-02-05,"6,159","8,48","0,50","4,73","1,16","15.160,37"
2020-02-06,"6,222","8,48","0,50","4,73","1,16","15.160,37"
2020-02-07,"6,216","8,48","0,50","4,73","1,16","15.160,37"
2020-02-10,"6,177","8,48","0,50","4,73","1,16","15.160,37"
2020-02-11,"6,170","8,48","0,50","4,73","1,16","15.160,37"
2020-02-12,"6,330","8,48","0,50","4,73","1,16","15.160,37"
2020-02-13,"6,234","8,48","0,50","4,73","1,16","15.160,37"
2020-02-14,"6,247","8,48","0,50","4,73","1,16","15.160,37"
2020-02-17,"6,383","8,48","0,50","4,73","1,16","15.160,37"
2020-02-18,"6,531","8,48","0,50","4,73","1,16","15.160,37"
2020-02-19,"6,540","8,48","0,50","4,73","1,16","15.160,37"
2020-02-20,"6,290","8,48","0,50","4,73","1,16","15.160,37"
2020-02-21,"6,110","8,48","0,50","4,73","1,16","15.160,37"
2020-02-24,"5,997","8,48","0,50","4,73","1,16","15.160,37"
2020-02-25,"5,823","8,48","0,50","4,73","1,16","15.160,37"
2020-02-26,"5,843","8,48","0,50","4,73","1,16","15.160,37"
2020-02-27,"5,704","8,48","0,50","4,73","1,16","15.160,37"
2020-02-28,"5,360","8,48","0,50","4,73","1,16","15.160,37"
2020-03-02,"5,343","8,48","0,50","4,73","1,16","15.160,37"
2020-03-03,"5,283","8,48","0,50","4,73","1,16","15.160,37"
2020-03-04,"5,386","8,48","0,50","4,73","1,16","15.160,37"
2020-03-05,"5,196","8,48","0,50","4,73","1,16","15.160,37"
2020-03-06,"5,093","8,48","0,50","4,73","1,16","15.160,37"
2020-03-09,"4,593","8,48","0,50","4,73","1,16","15.160,37"
2020-03-10,"4,411","8,48","0,50","4,73","1,16","15.160,37"
2020-03-11,"4,419","8,48","0,50","4,73","1,16","15.160,37"
2020-03-12,"3,800","8,48","0,50","4,73","1,16","15.160,37"
2020-03-13,"3,884","8,48","0,50","4,73","1,16","15.160,37"
2020-03-16,"3,682","8,48","0,50","4,73","1,16","15.160,37"
2020-03-17,"4,338","8,48","0,50","4,73","1,16","15.160,37"
2020-03-18,"4,346","8,48","0,50","4,73","1,16","15.160,37"
2020-03-19,"4,653","8,48","0,50","4,73","1,16","15.160,37"
2020-03-20,"4,391","8,48","0,50","4,73","1,16","15.160,37"
2020-03-23,"4,220","8,48","0,50","4,73","1,16","15.160,37"
2020-03-24,"4,513","8,48","0,50","4,73","1,16","15.160,37"
2020-03-25,"4,450","8,48","0,50","4,73","1,16","15.160,37"
2020-03-26,"4,277","8,48","0,50","4,73","1,16","15.160,37"
2020-03-27,"4,129","8,48","0,50","4,73","1,16","15.160,37"
2020-03-30,"4,138","8,48","0,50","4,73","1,16","15.160,37"
2020-03-31,"4,174","8,48","0,50","4,73","1,16","15.160,37"
2020-04-01,"4,020","8,48","0,50","4,73","1,16","15.160,37"
2020-04-02,"4,069","7,06","0,59","9,83","1,14","16.684,86"
2020-04-03,"4,045","7,06","0,59","9,89","1,14","16.684,86"
2020-04-06,"4,320","6,91","0,59","9,26","1,11","16.345,3"
2020-04-07,"4,396","6,91","0,59","9,10","1,11","16.345,3"
2020-04-08,"4,368","6,91","0,59","9,16","1,11","16.345,3"
2020-04-09,"4,324","7,39","0,59","9,25","1,19","16.345,3"
2020-04-14,"4,322","7,39","0,59","9,25","1,19","16.345,3"
2020-04-15,"4,135","7,39","0,59","9,67","1,19","16.345,3"
2020-04-16,"4,097","7,39","0,59","9,76","1,19","16.345,3"
2020-04-17,"4,109","7,39","0,59","9,73","1,19","16.345,3"
2020-04-20,"4,083","8,48","0,50","4,73","1,16","15.160,37"
2020-04-21,"3,916","7,02","0,59","10,21","1,13","16.291,44"
2020-04-22,"4,012","7,02","0,59","9,97","1,13","16.291,44"
2020-04-23,"4,038","7,02","0,59","9,91","1,13","16.291,44"
2020-04-24,"3,973","7,02","0,59","10,07","1,13","16.291,44"
2020-04-27,"4,026","6,79","0,59","9,94","1,09","16.291,44"
2020-04-28,"4,055","6,79","0,59","9,86","1,09","16.291,44"
2020-04-29,"4,180","6,79","0,59","9,57","1,09","16.291,44"
2020-04-30,"4,180","6,79","0,59","9,57","1,09","16.291,44"
2020-05-04,"4,299","7,15","0,59","9,30","1,15",16.232
2020-05-05,"4,380","7,15","0,59","9,13","1,15",16.232
2020-05-06,"4,281","7,15","0,59","9,34","1,15",16.232
2020-05-07,"4,284","7,15","0,59","9,34","1,15",16.232
2020-05-08,"4,215","8,48","0,50","4,73","1,16","15.160,37"
2020-05-11,"4,195","8,48","0,50","4,73","1,16","15.160,37"
2020-05-12,"4,319","7,55","0,56","9,26","1,12","15.575,71"
2020-05-13,"4,181","7,55","0,56","9,57","1,12","15.575,71"
2020-05-14,"4,237","7,55","0,56","9,44","1,12","15.575,71"
2020-05-15,"4,195","7,55","0,56","9,54","1,12","15.575,71"
2020-05-18,"4,306","7,55","0,56","9,29","1,12","15.575,71"
2020-05-19,"3,900","7,55","0,56","10,26","1,12","15.575,71"
2020-05-20,"4,015","7,55","0,56","9,96","1,12","15.575,71"
2020-05-21,"4,112","7,55","0,56","9,73","1,12","15.575,71"
2020-05-22,"4,100","7,55","0,56","9,76","1,12","15.575,71"
2020-05-25,"4,225","8,48","0,50","4,73","1,16","15.160,37"
2020-05-26,"4,061","8,28","0,5","9,85","1,13","15.166,68"
2020-05-27,"4,157","8,28","0,5","9,62","1,13","15.166,68"
2020-05-28,"4,338","8,28","0,5","9,22","1,13","15.166,68"
2020-05-29,"4,241","8,28","0,5","9,43","1,13","15.166,68"
2020-06-02,"4,282","8,48","0,5","8,97","1,17",15.173
2020-06-03,"4,472","8,48","0,5","8,59","1,17",15.173
2020-06-04,"4,457","8,48","0,5","8,62","1,17",15.173
2020-06-05,"4,671","8,48","0,5","8,22","1,17",15.173
2020-06-08,"4,756","9,93","0,49","8,07","1,34",15.173
2020-06-09,"4,666","9,93","0,49","8,23","1,34",15.173
2020-06-10,"4,608","9,93","0,49","8,33","1,34",15.173
2020-06-11,"4,312","9,93","0,49","8,90","1,34",15.173
2020-06-12,"4,360","9,93","0,49","8,81","1,34",15.173
2020-06-15,"4,288","8,48","0,50","8,95","1,16","15.160,37"
2020-06-16,"4,548","9,15","0,5","8,44","1,25","15.160,37"
2020-06-17,"4,539","9,15","0,5","8,81","1,25","15.160,37"
2020-06-18,"4,367","9,15","0,5","9,16","1,25","15.160,37"
2020-06-19,"4,420","9,15","0,5","4,52","1,25","15.160,37"
2020-06-22,"4,271","8,9","0,5","4,68","1,22","15.160,37"
2020-06-23,"4,296","8,9","0,5","4,66","1,22","15.160,37"
2020-06-24,"4,200","8,9","0,5","4,76","1,22","15.160,37"
2020-06-25,"4,298","8,9","0,5","4,65","1,22","15.160,37"
2020-06-26,"4,212","8,9","0,5","4,75","1,22","15.160,37"
2020-06-29,"4,318","8,48","0,5","4,63","1,16","15.160,37"
2020-06-30,"4,247","8,48","0,5","4,71","1,16","15.160,37"
2020-07-01,"4,227","8,48","0,5","4,73","1,16","15.160,37"
2020-07-02,"4,270","8,48","0,5","4,68","1,16","15.160,37"
2020-07-03,"4,151","8,48","0,50","4,73","1,16","15.160,37"
2020-07-06,"4,211","8,48","0,50","4,73","1,16","15.160,37"
2020-07-07,"4,075","8,65","0,48","9,82","1,19",15.155
2020-07-08,"4,000","8,65","0,48","10,00","1,19",15.155
2020-07-09,"3,950","8,65","0,48","10,13","1,19",15.155
2020-07-10,"3,999","8,65","0,48","10,00","1,19",15.155
2020-07-13,"4,083","8,48","0,50","4,73","1,16","15.160,37"
2020-07-14,"4,168","8,33","0,48","9,60","1,14",15.070
2020-07-15,"4,116","8,33","0,48","9,72","1,14",15.070
2020-07-16,"4,149","8,48","0,50","4,73","1,16","15.160,37"
2020-07-17,"4,134","8,48","0,50","4,73","1,16","15.160,37"
2020-07-20,"4,156","8,61","0,48","9,62","1,18",15.027
2020-07-21,"4,107","8,61","0,48","9,74","1,18",15.027
2020-07-22,"4,042","8,61","0,48","9,90","1,18",15.027
2020-07-23,"3,977","8,61","0,48","10,06","1,18",15.027
2020-07-24,"3,866","8,48","0,50","4,73","1,16","15.160,37"
2020-07-27,"3,736","8,4","0,46","10,71","1,1","14.991,01"
2020-07-28,"3,784","8,4","0,46","10,57","1,1","14.991,01"
2020-07-29,"3,824","8,4","0,46","10,46","1,1","14.991,01"
2020-07-30,"3,709","8,48","0,50","4,73","1,16","15.160,37"
2020-07-31,"3,548","8,4","0,46","11,27","1,1","14.991,01"
2020-08-03,"3,600","8,06","0,44","11,11","1,01","14.882,5"
2020-08-04,"3,683","8,06","0,44","10,86","1,01","14.882,5"
2020-08-05,"3,571","8,48","0,50","4,73","1,16","15.160,37"
2020-08-06,"3,431","8,06","0,44","11,66","1,01","14.882,5"
2020-08-07,"3,471","8,48","0,50","4,73","1,16","15.160,37"
2020-08-10,"3,548","8,14","0,43","11,27","0,99",14.806
2020-08-11,"3,641","8,14","0,43","10,99","0,99",14.806
2020-08-12,"3,645","8,14","0,43","10,97","0,99",14.806
2020-08-13,"3,656","8,48","0,50","4,73","1,16","15.160,37"
2020-08-14,"3,631","8,48","0,50","4,73","1,16","15.160,37"
2020-08-17,"3,580","8,48","0,50","4,73","1,16","15.160,37"
2020-08-18,"3,525","8,48","0,50","4,73","1,16","15.160,37"
2020-08-19,"3,610","8,64","0,42","11,08","1,04",14.760
2020-08-20,"3,512","8,48","0,50","4,73","1,16","15.160,37"
2020-08-21,"3,482","8,48","0,50","4,73","1,16","15.160,37"
2020-08-24,"3,585","8,29","0,42","11,16","1,01",14.615
2020-08-25,"3,515","8,29","0,42","11,38","1,01",14.615
2020-08-26,"3,468","8,29","0,42","11,53","1,01",14.615
2020-08-27,"3,435","8,29","0,42","11,64","1,01",14.615
