ultimo,apertura,maximo,minimo,vol,variacion
6103.0,6257.0,6344.0,5803.0,0.0,-7.94
6629.6,6763.7,7140.5,6468.3,473.17,3.74
6390.9,7040.8,7077.7,6347.0,723.61,-14.06
7436.4,7589.3,7717.1,7364.6,369.15,-0.34
7461.5,7815.6,8007.7,7440.6,506.03,-3.21
7708.7,7884.0,8022.9,7621.4,598.77,-7.96
8375.6,8532.6,8542.0,8310.4,345.9,-3.54
8683.0,8960.8,8962.5,8639.9,342.8,-2.55
8910.0,8827.8,8963.7,8745.9,321.26,1.12
8811.6,8860.2,9014.3,8776.4,351.22,0.8
8741.5,8910.2,8913.5,8541.1,355.48,0.21
8723.2,8748.1,8818.6,8582.7,497.98,-2.92
8985.9,9182.2,9204.4,8877.4,341.79,-3.55
9316.8,9213.0,9362.8,9030.7,299.26,0.71
9250.8,9507.0,9518.9,9248.0,263.35,-2.45
9483.5,9649.8,9676.8,9459.6,256.06,-4.07
9886.2,9893.0,9946.4,9843.5,194.95,-0.45
9931.0,10048.7,10050.3,9931.0,178.85,-1.51
10083.6,10042.0,10100.2,10020.7,151.87,0.78
10005.8,9977.4,10041.5,9967.8,184.04,-0.16
10022.2,9979.2,10022.2,9955.2,105.78,0.66
9956.8,9910.9,9969.7,9905.2,127.06,0.47
9909.8,9893.9,9910.1,9794.3,161.75,-0.31
9940.4,9897.9,9946.6,9888.6,199.83,0.58
9882.6,9863.4,9884.0,9817.8,167.63,0.68
9816.0,9790.6,9820.4,9773.5,132.13,0.05
9811.0,9789.3,9816.2,9761.8,179.59,-0.0
9811.3,9767.1,9816.2,9757.0,248.42,0.96
9717.8,9553.4,9721.9,9540.2,221.92,1.62
9562.9,9465.9,9577.3,9462.4,174.13,1.68
9404.7,9404.4,9431.6,9361.5,168.67,0.39
9367.9,9519.3,9545.1,9365.1,303.55,-1.16
9477.9,9460.8,9528.4,9439.3,164.09,-0.72
9546.7,9532.7,9574.3,9510.7,187.15,0.66
9484.2,9401.8,9488.0,9363.8,154.92,1.26
9366.3,9447.1,9482.8,9357.8,164.52,-2.05
9562.0,9576.8,9639.9,9552.5,154.73,0.46
9518.5,9549.4,9604.7,9499.3,169.14,-0.58
9573.7,9622.0,9632.8,9557.0,134.57,-0.39
9611.3,9593.4,9620.7,9550.0,126.45,-0.49
9658.8,9676.6,9680.9,9623.1,99.96,-0.23
9681.3,9616.1,9709.9,9611.3,159.82,1.14
9572.5,9516.7,9579.5,9481.6,133.84,0.64
9511.7,9521.2,9530.2,9475.0,162.0,-0.17
9528.3,9548.1,9548.4,9466.0,143.77,-0.16
9543.9,9586.6,9586.6,9507.4,124.15,-0.31
9573.6,9611.3,9623.6,9557.9,132.89,-0.09
9581.8,9629.2,9644.8,9573.8,151.79,-0.1
9591.4,9535.1,9604.3,9520.3,133.96,0.12
9579.8,9623.1,9657.9,9557.9,133.48,-0.22
9600.9,9585.4,9618.2,9492.7,103.52,-0.47
9646.6,9631.2,9650.7,9581.2,135.13,-0.46
9691.2,9639.1,9705.4,9615.1,142.38,1.49
9549.2,9564.9,9564.9,9518.5,62.7,-0.66
9612.6,9672.5,9682.1,9612.6,95.1,-0.91
9700.5,9673.0,9700.5,9657.5,103.11,0.4
9661.8,9632.1,9661.8,9607.8,35.44,0.02
9659.6,9650.2,9670.9,9639.0,119.33,-0.16
9675.5,9620.4,9675.5,9605.8,366.71,0.61
9617.2,9622.6,9635.4,9567.4,165.38,-0.05
9621.8,9606.1,9659.2,9606.1,156.46,0.06
9615.9,9630.7,9652.4,9608.1,157.68,-0.67
9680.6,9607.9,9692.4,9599.7,163.33,1.22
9563.7,9598.2,9650.9,9554.1,261.41,1.01
9468.5,9416.3,9505.6,9370.0,213.48,0.81
9392.5,9315.4,9421.5,9300.3,145.84,0.77
9321.1,9355.6,9355.7,9246.1,136.83,-0.36
9354.6,9378.2,9403.5,9354.6,106.94,-0.3
9382.7,9267.3,9395.4,9247.7,125.32,1.51
9243.4,9284.3,9325.8,9243.4,120.86,-0.3
9270.8,9146.2,9277.6,9144.8,152.24,1.48
9135.7,9176.8,9209.8,9110.1,162.64,-0.22
9156.3,9367.2,9390.9,9146.6,200.67,-2.09
9352.0,9334.5,9404.7,9312.5,140.84,-0.07
9359.0,9353.6,9373.1,9343.8,107.16,-0.04
9362.7,9353.5,9388.7,9333.4,135.05,0.41
9324.8,9323.6,9329.8,9288.2,214.69,0.05
9319.9,9300.0,9340.3,9292.3,128.38,0.7
9254.7,9238.5,9295.5,9229.7,173.88,0.44
9214.0,9175.1,9223.1,9152.1,142.0,-0.12
9225.4,9223.7,9240.4,9165.4,139.9,-0.37
9259.2,9288.0,9327.6,9234.4,121.8,0.01
9258.0,9265.1,9293.1,9213.0,135.27,-0.04
9261.4,9222.1,9273.3,9186.9,161.26,0.96
9173.3,9203.1,9216.9,9170.3,154.13,-0.23
9194.5,9270.2,9270.2,9132.8,246.05,-1.21
9306.7,9427.8,9436.8,9306.7,182.15,-0.87
9388.5,9370.3,9400.4,9334.4,153.71,-0.06
9393.7,9418.5,9436.1,9369.7,182.55,-0.57
9447.3,9435.4,9482.5,9409.6,190.11,0.52
9398.4,9407.3,9443.9,9360.9,173.97,-0.1
9407.9,9424.2,9432.3,9373.8,218.12,-0.09
9416.4,9376.5,9439.0,9354.3,180.1,0.95
9328.0,9293.1,9343.1,9252.8,160.72,0.76
9257.5,9296.3,9305.3,9208.9,227.12,-0.29
9284.5,9384.5,9386.6,9219.7,192.87,-1.23
9400.1,9440.7,9445.5,9362.2,155.53,-0.35
9433.0,9432.3,9455.6,9394.6,123.72,0.03
9430.2,9409.9,9433.3,9381.1,124.88,0.41
9391.8,9413.5,9448.0,9378.6,157.23,0.07
9385.0,9339.3,9392.3,9332.4,146.31,0.05
9380.2,9393.3,9417.4,9344.6,139.5,-0.24
9402.3,9350.3,9424.3,9342.1,167.99,0.78
9329.8,9310.3,9362.2,9307.6,150.24,-0.11
9340.0,9360.9,9494.5,9340.0,195.29,-0.5
9386.7,9346.5,9398.6,9288.2,205.49,0.33
9356.1,9292.0,9370.3,9278.3,191.06,1.19
9246.5,9229.2,9247.6,9195.2,125.13,-0.29
9273.8,9112.9,9273.8,9104.8,248.41,1.86
9104.4,8997.4,9112.2,8970.3,156.1,1.25
8991.9,8952.7,9035.6,8934.2,103.64,0.58
8940.1,9066.5,9071.5,8900.8,140.37,-1.15
9044.1,8954.7,9046.3,8930.4,131.08,0.92
8961.8,8944.2,8961.8,8858.6,148.75,0.67
8902.2,8935.8,8971.4,8850.6,152.59,-0.11
8912.2,9150.1,9157.1,8912.2,193.95,-2.77
9165.9,9277.0,9298.8,9165.1,150.85,-0.85
9244.6,9194.8,9257.3,9189.6,177.88,0.66
9184.1,9149.7,9210.5,9131.0,127.03,0.6
9129.7,9064.6,9143.0,9061.4,132.27,0.49
9085.3,9087.2,9119.2,9000.9,148.05,-0.36
9118.2,9116.1,9154.2,9103.8,139.48,0.27
9093.6,9154.9,9168.3,9055.9,161.36,-0.93
9179.0,9137.0,9210.9,9132.2,405.54,0.47
9136.0,9043.1,9138.5,9027.8,168.88,1.15
9031.7,9016.5,9049.7,8963.8,182.24,0.31
9004.2,9050.6,9052.1,8975.8,221.43,-0.53
9052.0,9099.9,9101.2,9049.0,174.34,-0.94
9137.9,9099.8,9153.5,9084.3,226.2,0.61
9082.3,9078.1,9112.9,8994.3,231.32,0.25
9059.5,9109.3,9124.0,9029.4,212.02,-0.21
9078.2,9007.4,9088.1,8947.7,265.63,0.75
9010.6,8997.7,9026.3,8987.6,179.01,0.23
8990.1,8992.8,9025.9,8958.6,168.79,-0.03
8992.7,8913.0,8995.4,8908.1,215.61,1.54
8856.6,8872.3,8904.5,8856.6,169.52,0.54
8809.2,8806.8,8828.8,8772.8,158.82,-0.07
8815.5,8810.8,8858.4,8804.9,97.95,0.03
8812.9,8808.0,8858.8,8797.1,146.44,0.21
8794.3,8728.2,8841.1,8725.9,142.7,0.54
8747.1,8711.5,8753.8,8678.9,107.4,0.21
8728.9,8682.2,8767.9,8662.1,156.83,0.57
8679.2,8603.3,8702.0,8592.2,86.67,0.34
8649.5,8764.4,8782.6,8649.5,133.61,-0.77
8716.4,8684.4,8806.4,8675.6,143.42,0.17
8701.5,8645.9,8722.9,8644.3,109.02,0.97
8618.3,8707.1,8727.6,8618.3,140.09,-1.32
8733.3,8726.9,8774.6,8701.9,149.33,0.73
8670.4,8530.0,8671.3,8530.0,307.07,1.78
8519.0,8551.1,8566.5,8409.1,186.02,-0.04
8522.7,8684.0,8684.0,8497.8,193.78,-1.98
8695.1,8628.2,8782.3,8610.1,200.74,0.22
8676.4,8796.9,8811.5,8675.8,141.74,-0.93
8757.8,8814.1,8825.6,8740.3,157.54,-1.25
8869.0,8828.8,8869.0,8790.5,161.82,1.41
8746.1,8743.7,8820.9,8679.8,175.61,0.54
8699.4,8774.6,8820.9,8699.4,177.52,-0.89
8777.2,8824.0,8864.5,8752.9,182.75,-1.35
8897.6,8905.7,8997.1,8870.5,236.59,-1.56
9038.2,8947.6,9038.2,8939.4,148.85,0.75
8971.0,8993.6,9003.6,8946.4,175.71,-0.17
8986.6,9216.4,9216.4,8956.8,229.9,-2.48
9215.4,9201.3,9258.1,9194.4,143.2,-0.11
9225.5,9281.1,9291.9,9204.8,220.71,-0.69
9289.9,9354.6,9453.2,9231.1,209.48,-0.43
9329.7,9287.4,9341.3,9269.4,142.61,0.52
9281.6,9224.4,9299.3,9210.6,157.25,1.29
9163.5,9172.6,9194.8,9137.4,135.56,-0.08
9170.5,9263.1,9289.7,9152.9,167.67,-0.6
9225.7,9209.4,9259.1,9179.2,155.71,-0.63
9284.2,9359.3,9363.3,9277.1,141.21,-0.99
9377.1,9326.0,9393.9,9316.3,129.21,0.57
9323.6,9313.2,9355.3,9280.1,119.54,0.33
9293.2,9284.7,9318.7,9281.7,120.78,0.14
9280.3,9268.2,9300.4,9230.8,114.24,0.3
9252.9,9241.3,9299.6,9218.3,145.2,-0.23
9273.9,9258.7,9273.9,9227.6,142.22,-0.12
9284.7,9303.3,9340.2,9268.9,146.31,-0.54
9335.0,9391.7,9417.8,9314.2,170.13,-0.7
9401.0,9371.0,9402.4,9355.2,163.99,0.07
9394.4,9290.5,9407.5,9277.1,139.58,1.22
9281.5,9284.0,9298.4,9223.4,130.06,0.18
9264.6,9290.3,9314.3,9217.5,154.92,0.72
9198.8,9148.8,9216.3,9118.5,152.19,0.56
9147.8,9168.0,9196.8,9125.8,137.19,-0.1
9157.4,9162.3,9220.7,9142.4,147.06,-0.03
9159.8,9165.3,9173.2,9120.7,147.68,-0.36
9192.5,9230.0,9285.4,9173.3,121.86,-0.38
9227.2,9228.2,9297.7,9209.3,332.95,0.2
9208.5,9272.1,9292.7,9204.8,208.46,-0.25
9231.2,9257.3,9263.3,9192.4,180.12,-0.1
9240.7,9112.9,9253.4,9060.4,200.01,1.19
9131.7,9199.6,9205.1,9127.9,118.12,-0.68
9194.2,9233.8,9244.7,9169.3,114.98,-0.57
9247.1,9227.6,9301.7,9208.8,126.13,0.09
9238.5,9244.4,9274.6,9223.1,145.2,-0.47
9282.1,9288.6,9332.5,9273.4,144.7,-0.13
9294.1,9284.2,9302.2,9248.1,102.32,0.63
9236.1,9186.7,9261.4,9185.7,150.66,0.73
9169.2,9169.2,9246.2,9136.7,212.72,0.2
9150.5,9136.8,9173.4,9095.0,158.75,0.36
9117.6,8972.7,9138.5,8964.2,197.02,1.05
9022.8,8945.7,9022.8,8903.1,156.19,0.21
9004.2,9054.9,9074.0,8959.5,208.66,-1.68
9157.8,9120.8,9175.2,9114.1,101.39,0.85
9080.5,9113.2,9116.7,9035.1,148.99,-1.21
9191.8,9220.4,9224.9,9132.9,218.9,-0.27
9216.4,9225.9,9294.6,9204.7,60.18,0.46
9174.6,9150.3,9211.1,9141.4,121.67,0.66
9114.0,9170.7,9186.7,9098.4,161.09,-1.28
9232.2,9232.3,9288.7,9182.5,146.55,-0.07
9239.1,9229.0,9255.0,9185.2,131.58,0.43
9199.7,9286.0,9334.9,9177.9,153.32,-0.87
9280.1,9278.7,9321.6,9223.1,159.8,-0.26
9304.3,9161.4,9304.3,9136.7,157.57,1.39
9177.1,9143.0,9177.1,9061.9,143.43,0.54
9127.6,9078.2,9127.6,9053.6,139.68,0.89
9046.8,9127.6,9127.6,9025.7,147.44,-0.78
9117.5,9149.4,9179.4,9099.1,147.76,0.25
9095.2,9162.1,9184.8,9079.8,167.0,-1.43
9227.0,9233.9,9261.2,9158.3,185.75,-0.09
9235.1,9332.9,9404.6,9221.0,199.27,-1.03
9331.0,9259.0,9347.2,9236.3,121.6,-0.84
9409.6,9427.9,9450.7,9388.7,126.74,-0.09
9418.2,9545.5,9559.7,9412.2,205.61,-1.59
9570.6,9497.3,9570.6,9455.5,186.88,0.56
9517.2,9435.3,9517.2,9414.4,146.3,0.12
9506.0,9512.1,9527.4,9448.8,153.32,0.05
9501.2,9450.8,9503.8,9421.3,147.42,0.47
9456.4,9506.3,9525.2,9427.4,157.93,-0.74
9527.2,9586.0,9588.2,9492.2,159.55,-0.57
9581.9,9553.7,9581.9,9480.0,165.27,0.34
9549.8,9486.0,9580.6,9460.5,193.16,0.55
9497.3,9492.4,9543.7,9462.9,140.51,0.0
9497.1,9488.1,9528.4,9468.1,156.93,0.3
9468.5,9441.3,9509.2,9390.2,212.33,0.24
9445.4,9423.1,9468.7,9372.3,178.53,0.41
9406.5,9423.5,9467.5,9395.2,152.2,-0.01
9407.8,9428.3,9511.2,9388.3,137.6,-0.32
9437.7,9483.4,9495.1,9425.2,121.81,-0.76
9510.3,9542.4,9553.6,9476.5,178.69,-0.25
9534.1,9488.9,9551.5,9472.0,164.76,0.49
9487.8,9457.1,9491.2,9436.5,173.81,1.33
9363.5,9356.7,9400.7,9322.9,152.28,0.23
9341.7,9304.8,9355.2,9269.7,200.87,1.1
9240.3,9226.5,9273.8,9190.5,181.74,0.72
9174.7,9214.1,9245.6,9170.4,153.24,-0.6
9229.9,9194.8,9323.5,9146.1,239.05,0.51
9183.1,9189.7,9211.7,9151.5,168.85,0.03
9179.9,9159.4,9232.8,9127.3,169.09,-0.21
9199.4,9394.6,9395.2,9188.3,216.68,-1.67
9355.6,9387.4,9397.6,9326.2,179.84,-0.53
9405.6,9467.7,9509.2,9405.6,138.67,-0.91
9492.3,9428.4,9532.9,9417.9,150.4,0.88
9409.1,9350.8,9418.8,9343.9,152.58,0.72
9342.2,9219.5,9342.2,9216.1,372.91,1.44
9209.8,9193.7,9283.9,9192.1,155.13,0.19
9192.7,9134.7,9202.7,9123.0,162.61,0.34
9161.7,9206.9,9213.8,9137.2,144.9,-0.11
9171.9,9157.7,9181.7,9106.8,129.69,0.47
9129.3,9173.2,9205.5,9110.5,197.95,-1.3
9249.9,9301.0,9366.7,9216.1,253.05,-0.5
9296.7,9243.1,9344.6,9235.4,140.84,0.42
9258.2,9255.7,9298.7,9204.3,140.18,-0.02
9259.8,9309.3,9322.0,9248.0,112.92,-0.09
9267.7,9313.5,9361.4,9267.7,167.87,-0.11
9277.7,9166.3,9293.1,9141.0,260.63,0.72
9211.7,9206.2,9226.2,9160.9,174.51,-0.17
9227.2,9172.0,9235.8,9141.8,127.1,0.25
9204.3,9244.2,9261.4,9198.8,131.23,-0.0
9204.6,9184.7,9238.9,9175.3,131.2,0.15
9191.2,9202.5,9224.7,9162.9,137.6,0.11
9181.1,9156.8,9189.7,9148.7,130.32,0.49
9136.4,9152.1,9187.6,9096.1,117.86,-0.21
9155.5,9134.6,9174.7,9123.6,115.18,0.35
9123.2,8953.4,9134.8,8918.5,208.11,1.91
8952.5,9035.7,9038.0,8943.9,169.67,-0.33
8982.4,8993.3,9015.6,8956.9,155.3,-0.01
8983.1,8989.5,9032.3,8961.4,138.79,0.52
8936.4,8905.1,8974.8,8893.1,132.24,0.9
8856.8,8915.4,8928.4,8826.5,165.21,-0.91
8938.3,9062.4,9098.4,8938.3,178.62,-1.79
9100.9,9070.4,9113.7,9055.8,149.92,0.1
9092.0,8982.0,9092.0,8949.2,210.16,1.3
8975.2,9015.3,9036.0,8905.8,221.48,-0.49
9019.4,9058.6,9078.7,8942.4,286.84,-0.41
9056.7,9103.8,9117.1,8981.7,222.89,-0.16
9071.5,9123.9,9142.1,9034.1,154.21,-0.52
9119.1,9064.6,9163.8,9034.1,144.38,0.63
9062.4,9149.5,9181.5,9048.9,134.49,-1.34
9185.2,9206.9,9225.4,9164.6,161.49,0.38
9150.0,9150.0,9205.4,9088.0,163.42,0.23
9128.8,9011.9,9169.7,9006.4,135.9,1.01
9037.5,9009.0,9055.6,9001.1,143.28,-0.18
9053.8,9064.8,9070.6,9033.2,90.49,-0.17
9069.1,8962.3,9080.8,8950.9,203.55,1.8
8908.6,8868.1,8939.1,8850.6,152.92,-0.05
8912.7,8869.5,8912.7,8836.7,176.32,0.71
8850.1,8878.4,8915.9,8768.2,136.52,0.36
8818.6,8819.2,8840.4,8751.2,126.0,-0.66
8877.1,8855.9,8900.4,8836.0,151.62,0.23
8856.8,8790.0,8856.8,8784.5,148.19,0.38
8823.6,8887.4,8892.9,8807.0,160.46,-0.27
8847.3,8783.1,8895.9,8773.4,160.82,0.81
8776.3,8781.2,8783.5,8710.4,128.76,0.44
8737.8,8593.8,8774.3,8588.1,169.09,2.52
8523.3,8497.5,8590.9,8488.1,135.07,-0.31
8550.0,8448.3,8582.4,8354.8,130.76,0.12
8539.9,8510.8,8583.3,8490.7,64.73,0.54
8493.7,8386.2,8513.4,8378.7,143.83,1.55
8363.9,8555.6,8557.7,8286.2,211.96,-1.38
8480.6,8490.2,8528.4,8471.2,53.51,-0.89
8556.8,8563.2,8598.4,8468.4,389.12,-0.46
8596.5,8647.8,8698.5,8567.0,231.92,-1.97
8769.1,8720.1,8804.2,8717.8,188.36,0.78
8700.8,8781.1,8802.1,8700.8,225.82,-1.27
8812.5,8862.9,8906.2,8807.9,173.09,-0.83
8886.1,8865.9,8908.0,8787.6,151.98,-0.45
8926.3,8915.8,8974.9,8868.6,216.18,0.82
8853.4,8724.9,8887.7,8718.1,219.18,1.35
8735.5,8709.4,8826.4,8671.9,210.51,0.87
8660.0,8771.0,8804.6,8644.0,174.11,-1.76
8815.5,8819.6,8914.6,8805.2,164.63,0.58
8764.5,8926.0,8927.4,8743.7,214.51,-2.75
9012.2,8983.7,9048.5,8945.5,136.51,-0.55
9061.7,9148.5,9170.8,9057.7,164.52,-1.28
9179.6,9239.8,9262.1,9159.1,167.66,1.13
9077.2,9112.4,9117.8,9046.2,207.83,-0.24
9098.9,9168.9,9199.6,9080.7,145.11,-0.04
9102.7,9120.4,9163.1,9096.8,148.53,0.19
9085.6,9091.7,9156.4,9033.0,173.49,-0.06
9091.2,8984.0,9104.6,8984.0,173.69,1.96
8916.7,8903.2,8951.1,8867.7,94.33,0.12
8906.2,8917.4,8947.6,8878.7,118.0,-0.61
8960.6,8905.7,8979.2,8896.3,145.08,1.06
8866.5,8970.7,8977.0,8829.6,176.4,-1.55
9006.3,9073.8,9138.3,9006.3,123.71,-0.56
9056.8,9111.6,9131.5,9015.9,202.08,-0.18
9073.5,9133.7,9189.8,9018.6,184.7,-0.36
9106.6,9097.8,9176.4,9036.7,139.66,-0.42
9145.4,9097.2,9163.3,9074.5,153.9,0.76
9076.3,9174.8,9180.6,9068.3,141.48,-0.64
9134.8,9117.7,9156.8,9079.7,203.27,-0.46
9177.0,9182.7,9232.3,9147.8,147.22,0.1
9167.9,9165.2,9174.2,9117.7,249.73,1.99
8988.9,9002.3,9013.1,8911.3,146.18,-0.24
9010.7,9005.4,9065.3,9002.2,142.75,0.2
8993.0,9058.7,9073.5,8976.5,173.42,0.43
8954.8,8882.5,8985.3,8875.8,169.06,0.69
8893.5,8911.5,8962.6,8883.8,299.96,0.99
8806.1,8849.5,8874.0,8776.2,194.83,-0.17
8821.2,8775.7,8882.7,8752.9,184.72,1.04
8730.4,8746.1,8746.1,8627.6,234.58,-0.62
8785.2,8639.5,8797.9,8637.5,253.39,1.24
8677.4,8767.0,8805.5,8677.4,201.04,-0.56
8726.1,8715.4,8781.9,8681.7,249.66,-0.91
8806.5,8997.7,9013.1,8796.3,197.33,-0.96
8892.1,8874.7,8960.2,8768.6,349.74,0.03
8889.6,8970.7,9063.8,8887.9,313.57,-1.2
8997.2,9113.4,9140.3,8967.1,185.71,-0.85
9074.7,8967.8,9096.8,8934.0,200.18,1.69
8923.7,8883.1,8936.5,8849.4,169.65,0.24
8902.0,9094.7,9098.1,8897.5,168.95,-1.18
9007.9,9018.4,9121.0,8970.8,238.99,-1.69
9162.9,9243.2,9273.0,9158.8,177.15,-1.05
9260.5,9231.7,9283.3,9136.2,171.34,0.67
9199.2,9227.1,9243.0,9167.4,140.67,-0.59
9253.9,9318.1,9318.1,9239.9,133.29,-0.65
9314.5,9349.0,9378.7,9304.7,170.7,-0.5
9361.1,9360.6,9424.7,9300.8,156.82,0.6
9305.5,9349.1,9356.1,9285.1,187.25,-1.08
9407.0,9384.3,9475.2,9367.6,155.28,0.19
9389.2,9468.0,9468.9,9299.6,243.63,-1.45
9527.5,9492.5,9542.8,9406.8,151.51,0.03
9524.8,9519.6,9530.3,9471.1,136.92,0.33
9493.6,9524.8,9568.0,9480.4,141.86,-0.2
9512.8,9549.9,9586.0,9499.9,142.11,-0.81
9590.4,9614.3,9665.4,9563.3,408.47,0.07
9583.7,9489.5,9607.0,9488.3,232.06,1.03
9486.3,9464.4,9502.9,9422.4,205.65,0.41
9447.5,9406.7,9453.6,9385.8,141.91,0.46
9404.6,9350.3,9434.4,9349.9,147.15,0.42
9365.3,9359.4,9378.3,9324.2,132.23,0.39
9329.2,9308.0,9387.1,9296.7,159.38,0.24
9306.8,9286.5,9319.7,9248.7,130.32,0.24
9284.1,9301.1,9302.5,9211.8,122.17,0.14
9270.8,9173.0,9300.9,9161.0,144.74,1.09
9171.2,9209.2,9237.9,9111.1,162.08,-0.41
9208.7,9267.7,9291.8,9208.2,160.95,-1.0
9301.3,9353.2,9377.6,9301.3,180.7,-0.8
9376.3,9414.7,9436.1,9308.7,159.84,0.0
9376.1,9387.7,9421.6,9356.1,89.35,-0.24
9399.1,9466.3,9470.6,9375.1,172.66,-0.72
9467.6,9546.1,9574.1,9445.1,144.31,-1.06
9569.5,9585.7,9597.1,9502.3,104.42,-0.39
9606.5,9667.6,9671.1,9598.4,114.91,-0.55
9659.8,9631.6,9662.7,9596.2,79.6,0.73
9589.5,9559.7,9625.8,9559.7,99.42,0.23
9567.3,9592.5,9630.2,9556.2,93.56,-0.13
9580.2,9535.5,9595.4,9512.4,114.12,0.33
9549.0,9465.9,9591.0,9459.4,110.66,0.85
9468.6,9448.9,9512.5,9437.1,95.32,0.54
9417.3,9450.3,9457.0,9357.6,141.12,-0.11
9427.4,9440.8,9458.9,9384.7,138.15,0.43
9386.8,9537.0,9547.6,9339.5,163.61,-1.26
9507.0,9574.8,9596.3,9476.9,164.12,-0.25
9530.4,9543.8,9558.4,9475.1,177.47,-0.75
9602.1,9669.6,9675.6,9557.4,224.94,-1.56
9754.6,9745.2,9756.7,9693.2,108.33,0.08
9747.1,9763.9,9794.0,9700.4,107.99,-0.26
9772.8,9751.8,9813.6,9743.4,101.97,0.52
9722.7,9758.4,9788.4,9699.3,114.09,-0.18
9739.8,9710.3,9762.7,9671.2,146.43,0.43
9698.2,9765.9,9783.8,9666.6,196.96,-1.03
9799.3,9871.1,9902.3,9795.1,136.28,-0.72
9870.7,9846.2,9924.4,9843.5,203.08,0.17
9854.1,9827.9,9905.3,9825.1,140.6,-0.14
9867.9,9781.6,9896.0,9775.9,230.69,0.9
9780.0,9741.2,9789.7,9732.5,184.76,0.79
9703.1,9769.8,9771.7,9686.2,149.29,-0.72
9773.1,9775.9,9820.1,9753.9,160.66,0.48
9726.1,9699.7,9747.6,9661.4,116.98,0.01
9724.8,9710.4,9751.3,9654.3,162.18,0.04
9721.1,9748.9,9796.7,9696.2,147.19,-0.33
9753.2,9739.1,9753.2,9672.7,143.48,0.35
9719.4,9716.4,9759.5,9643.9,175.05,0.03
9716.9,9733.6,9781.1,9697.1,113.17,-0.18
9734.8,9807.5,9807.5,9717.6,132.53,-0.33
9767.4,9774.8,9784.8,9694.4,128.9,0.35
9733.6,9822.5,9833.4,9733.6,175.89,-1.57
9889.3,9935.6,9938.0,9873.3,147.68,-0.38
9927.0,9923.5,9971.6,9912.7,130.08,0.22
9905.0,9905.0,9926.9,9833.2,166.58,0.39
9866.2,9773.5,9919.5,9773.5,184.52,1.11
9757.5,9643.8,9767.2,9642.8,137.32,1.0
9660.9,9591.6,9693.4,9556.1,134.42,1.07
9558.3,9526.3,9591.0,9443.5,153.11,-0.67
9622.7,9671.1,9741.3,9620.3,200.36,0.35
9589.0,9603.6,9669.2,9541.9,144.7,-0.72
9658.6,9636.6,9723.9,9506.6,182.58,0.22
9637.4,9670.3,9699.8,9619.1,158.75,0.2
9617.9,9711.4,9737.9,9617.9,151.25,-1.78
9792.1,9738.9,9799.5,9724.9,155.31,0.93
9702.1,9824.4,9844.0,9683.4,161.7,-0.89
9788.9,9835.0,9876.8,9788.9,164.7,0.34
9755.4,9656.6,9782.6,9598.5,172.89,-0.14
9769.4,9818.0,9859.5,9717.0,145.64,-0.83
9851.0,9980.1,9985.9,9798.9,377.07,-1.07
9957.7,9862.4,9973.9,9836.5,180.25,0.59
9899.1,9900.2,9923.9,9838.3,172.85,-0.15
9914.4,9940.6,9961.6,9901.6,158.18,0.16
9898.3,9835.0,9915.2,9799.1,199.95,1.56
9746.3,9762.7,9772.2,9713.2,176.05,-0.84
9829.0,9844.2,9940.6,9814.8,190.78,0.38
9791.6,9702.7,9793.8,9654.4,202.43,1.09
9686.4,9730.6,9812.9,9686.4,183.42,-0.66
9750.3,9716.3,9830.7,9686.8,193.67,1.22
9632.4,9544.7,9677.5,9529.0,238.95,1.76
9465.5,9625.1,9649.0,9400.3,355.89,-1.05
9566.2,9553.0,9618.3,9477.2,283.88,0.47
9521.3,9668.4,9668.4,9447.6,364.03,-2.49
9764.4,9891.4,9921.4,9732.6,155.74,-0.63
9826.5,10031.0,10053.1,9722.8,298.27,-1.7
9996.0,10045.5,10092.5,9964.0,155.88,-0.29
10025.0,10101.8,10101.8,9957.8,157.92,-1.12
10138.8,10081.5,10156.4,10060.8,145.4,0.72
10066.5,10155.2,10155.9,10055.8,110.38,-0.45
10112.4,10209.3,10221.0,10088.4,249.55,-1.02
10216.4,10120.8,10216.4,10108.5,153.62,1.04
10111.0,10189.8,10194.2,10089.8,212.0,-0.95
10207.6,10237.9,10265.0,10159.1,152.74,-0.49
10257.8,10277.2,10291.4,10215.3,108.96,-0.13
10271.4,10245.2,10284.5,10242.1,120.33,0.24
10246.6,10243.3,10257.1,10191.1,116.75,0.25
10221.2,10163.7,10222.7,10138.9,133.26,0.52
10168.1,10135.1,10180.5,10091.9,177.96,0.27
10140.9,10114.2,10148.6,10106.3,89.76,0.36
10104.1,10047.1,10104.1,10029.4,162.05,0.65
10038.8,10080.7,10095.2,10017.6,140.96,-0.5
10088.9,9982.6,10098.9,9981.4,157.39,1.09
9980.6,9924.0,9995.4,9916.1,142.92,0.56
9925.4,9894.2,9947.3,9883.8,139.09,0.23
9902.3,9871.5,9914.7,9856.7,131.27,0.45
9858.0,9829.2,9858.4,9793.0,161.12,-0.26
9883.4,9922.7,9939.4,9848.4,188.82,-0.39
9922.0,9898.6,9922.0,9862.6,118.07,0.38
9884.2,9864.4,9908.0,9847.1,139.38,0.16
9868.0,9861.8,9902.7,9838.8,120.8,0.11
9857.3,9814.5,9871.3,9800.3,146.9,0.54
9803.9,9785.4,9824.4,9762.3,112.4,0.39
9766.1,9768.7,9796.5,9747.3,100.4,-0.01
9767.3,9764.0,9858.9,9744.4,137.08,0.21
9747.0,9733.0,9767.6,9706.1,127.53,0.12
9735.8,9742.6,9786.3,9717.3,122.93,-0.28
9763.5,9798.5,9806.0,9738.7,125.8,0.21
9742.8,9735.1,9790.2,9716.8,99.21,0.62
9682.8,9688.3,9734.2,9658.9,114.95,-0.6
9740.9,9637.5,9761.8,9616.7,162.49,2.39
9513.3,9555.5,9560.4,9417.3,151.22,-0.38
9549.6,9532.1,9577.5,9500.0,129.87,-0.53
9600.4,9595.6,9657.5,9581.7,153.27,0.48
9555.0,9397.8,9555.0,9348.9,177.67,0.86
9473.6,9518.2,9519.2,9441.6,137.67,0.99
9381.0,9418.1,9460.6,9343.3,159.53,-0.13
9393.1,9399.2,9428.9,9327.6,227.0,-0.99
9487.4,9580.4,9648.3,9432.6,199.76,-1.49
9630.9,9701.5,9702.4,9592.1,145.64,-0.52
9681.6,9676.3,9693.2,9608.5,129.6,0.18
9664.1,9733.9,9747.3,9646.0,123.28,-0.99
9761.0,9676.2,9800.8,9664.0,313.97,0.79
9684.2,9715.3,9720.6,9647.5,146.82,-0.04
9688.5,9698.9,9737.4,9632.2,159.02,-0.03
9691.7,9737.2,9811.4,9670.7,151.21,-0.37
9727.5,9747.4,9761.3,9702.5,110.66,0.43
9686.1,9651.0,9704.9,9631.5,117.28,0.41
9646.2,9617.0,9666.4,9564.2,144.63,0.49
9599.3,9561.3,9612.4,9547.1,132.06,0.13
9586.8,9663.6,9677.0,9586.3,143.03,-0.04
9590.8,9500.0,9604.2,9494.5,147.0,0.63
9531.1,9680.0,9680.0,9510.8,208.31,-2.13
9738.6,9795.3,9808.9,9715.2,161.71,-1.03
9840.3,9869.8,9887.2,9830.2,203.42,-0.61
9900.2,9930.3,9937.2,9863.4,153.54,-0.02
9902.4,9888.4,9915.1,9841.7,156.6,0.81
9822.4,9882.9,9891.1,9764.9,181.44,-0.55
9876.5,9767.6,9903.1,9744.9,175.18,0.54
9823.3,9874.5,9876.1,9777.5,155.38,-0.73
9895.3,9806.9,9901.1,9806.9,153.24,0.91
9806.2,9865.1,9905.4,9797.2,122.82,-0.26
9832.1,9785.2,9839.7,9768.7,188.85,1.21
9714.9,9770.7,9832.1,9674.9,165.51,0.3
9686.2,9715.7,9743.9,9595.9,178.71,0.37
9650.7,9788.5,9797.4,9650.7,164.8,-1.23
9771.1,9760.1,9815.2,9731.0,170.17,1.36
9639.6,9710.9,9752.2,9581.1,255.5,-1.2
9756.3,9928.5,9959.8,9726.5,228.48,-2.21
9976.9,9950.8,9988.5,9811.7,234.4,1.7
9810.0,9794.9,9967.3,9721.5,313.3,-2.53
10064.5,10138.4,10173.8,10058.5,195.01,-1.44
10211.2,10359.3,10369.2,10205.3,203.69,-1.81
10399.0,10518.3,10543.7,10359.4,197.54,-0.5
10451.5,10436.4,10482.7,10422.1,190.19,0.22
10428.2,10481.9,10506.4,10416.2,180.47,-1.21
10555.6,10605.5,10605.7,10540.0,150.49,-0.38
10595.4,10598.6,10635.1,10563.2,139.54,0.0
10595.3,10564.6,10630.5,10559.7,183.93,0.31
10563.0,10595.3,10617.2,10563.0,129.49,-0.44
10609.5,10640.3,10643.4,10583.7,168.2,0.24
10584.0,10503.6,10601.9,10488.3,179.08,1.0
10479.5,10417.5,10500.1,10396.2,143.56,0.45
10432.7,10500.1,10509.2,10403.2,123.09,-0.4
10474.6,10475.6,10504.9,10441.2,144.36,-0.44
10520.4,10479.0,10572.9,10466.2,160.06,0.51
10467.2,10471.6,10493.7,10446.9,112.26,0.05
10462.4,10463.7,10492.2,10443.4,154.55,0.26
10435.2,10435.9,10475.0,10401.2,208.92,0.07
10428.3,10423.2,10474.9,10399.1,210.84,0.02
10426.5,10400.9,10461.9,10385.6,132.57,0.27
10398.4,10439.8,10456.9,10398.4,135.17,-0.12
10411.4,10343.1,10411.4,10343.1,145.84,0.94
10314.4,10154.6,10325.0,10151.0,189.79,1.96
10116.0,10101.4,10145.2,10083.6,137.8,0.37
10079.1,10089.6,10097.9,10017.0,146.99,0.35
10043.9,10091.3,10100.2,10028.7,118.04,-0.49
10093.1,10150.3,10162.8,10076.5,97.24,-0.71
10165.2,10167.2,10213.2,10138.8,96.22,-0.16
10182.0,10145.6,10235.8,10138.3,138.51,-1.19
10304.6,10192.6,10322.6,10144.4,152.66,0.95
10207.7,10242.0,10246.5,10140.5,129.67,-0.26
10234.3,10239.0,10283.5,10228.4,116.42,-0.1
10244.1,10197.9,10257.8,10188.1,178.89,0.92
10150.4,10156.7,10212.3,10113.8,321.6,-0.26
10176.5,10250.0,10293.1,10176.5,170.19,-0.82
10260.5,10300.2,10355.0,10260.5,132.94,-0.27
10288.3,10319.6,10326.2,10248.1,160.15,-0.18
10306.9,10339.3,10348.8,10285.1,141.87,-0.14
10321.1,10322.5,10380.3,10316.5,161.04,0.57
10262.6,10195.8,10271.2,10171.3,129.94,0.77
10184.0,10156.4,10201.8,10098.1,146.63,-0.27
10211.3,10204.6,10246.1,10162.3,132.39,0.03
10208.6,10182.8,10248.4,10127.6,143.88,1.23
10085.0,10225.5,10225.5,10083.8,183.51,-1.23
10211.0,10266.6,10323.1,10211.0,270.74,-0.55
10267.7,10221.8,10314.2,10211.1,216.02,1.22
10144.4,10083.8,10148.8,10059.5,117.47,0.81
10063.1,10027.4,10136.6,10014.4,114.37,0.1
10053.5,10044.9,10125.4,10036.6,111.15,0.21
10032.8,9994.1,10079.2,9983.2,118.61,0.19
10013.9,10010.2,10092.4,10005.8,124.9,0.21
9993.4,10017.4,10072.2,9989.3,146.58,-0.32
10025.5,9999.7,10061.8,9981.3,115.33,0.15
10010.4,10074.4,10087.5,9998.7,182.67,-0.78
10088.7,10074.0,10173.5,10043.1,161.04,0.75
10013.9,9920.6,10029.8,9889.4,178.55,0.24
9990.4,10063.6,10101.8,9970.9,143.16,-0.59
10049.9,10124.0,10124.0,9984.2,143.99,-0.42
10092.7,10138.6,10168.0,10075.8,158.36,-0.48
10141.1,10223.2,10244.7,10117.2,163.56,-0.86
10228.7,10236.2,10242.7,10155.4,173.57,-0.02
10230.7,10365.7,10376.2,10212.5,166.4,-0.83
10316.5,10358.1,10358.1,10264.0,131.98,-0.4
10357.8,10463.3,10464.3,10295.9,190.29,-0.96
10457.8,10509.0,10538.4,10403.2,155.34,-0.47
10506.7,10591.4,10594.2,10486.2,200.54,-0.16
10523.5,10463.2,10570.5,10438.1,238.02,0.74
10446.0,10321.2,10470.7,10293.0,266.08,2.44
10197.5,10354.3,10382.4,10136.9,290.37,-1.45
10347.8,10140.3,10422.7,10121.2,374.89,1.92
10153.3,10199.0,10273.4,10137.1,180.68,-0.51
10205.7,10150.6,10235.4,10148.3,157.49,0.44
10161.4,10202.4,10216.4,10141.4,145.12,-0.6
10222.7,10202.0,10249.0,10176.5,196.13,0.25
10197.5,10251.3,10276.6,10167.4,185.4,-0.74
10273.4,10237.0,10283.5,10165.4,181.89,0.55
10216.8,10164.9,10297.1,10134.0,167.14,0.35
10181.4,10244.4,10248.7,10153.9,155.27,-0.75
10258.0,10298.6,10299.7,10231.5,141.95,-0.17
10275.9,10284.5,10304.0,10244.8,117.36,-0.02
10278.4,10304.6,10313.1,10247.3,250.98,1.34
10142.3,10225.0,10225.0,10107.8,208.2,-0.92
10236.0,10210.6,10306.8,10206.1,173.27,0.5
10185.5,10185.2,10214.5,10116.6,207.01,-0.29
10214.7,9934.3,10259.9,9922.3,327.0,2.51
9964.9,10226.8,10226.8,9947.3,348.22,-2.85
10257.5,10250.6,10276.6,10151.1,173.27,0.02
10255.7,10262.3,10327.2,10185.9,249.45,-1.21
10381.5,10336.9,10381.5,10277.5,199.15,0.51
10328.5,10381.2,10406.5,10319.4,178.76,-0.39
10368.9,10221.3,10398.9,10216.7,218.24,1.76
10189.6,10203.8,10224.7,10166.7,118.76,-0.26
10216.5,10270.0,10272.4,10186.7,146.85,-0.86
10305.0,10286.6,10313.9,10270.9,130.09,0.08
10297.0,10318.2,10340.8,10266.8,149.86,0.05
10292.1,10349.0,10375.5,10248.4,146.94,-0.83
10378.4,10312.2,10399.1,10296.1,129.99,0.39
10338.4,10358.0,10410.2,10330.1,133.38,0.2
10317.4,10321.2,10370.8,10287.2,302.2,-0.42
10361.1,10352.7,10365.1,10284.3,156.38,-0.1
10371.0,10324.8,10395.1,10308.0,170.75,0.34
10336.2,10354.5,10372.5,10324.7,129.03,0.13
10322.6,10199.9,10343.5,10197.8,145.46,1.91
10129.6,10118.4,10165.7,10087.6,141.95,0.05
10124.9,10175.2,10189.5,10118.4,179.64,-0.06
10131.0,10130.9,10176.9,10096.8,132.35,-0.48
10179.8,10244.7,10287.6,10173.6,136.7,-0.62
10243.2,10234.1,10274.7,10229.8,83.2,-0.8
10325.5,10328.8,10366.5,10314.1,103.85,0.25
10299.5,10279.5,10354.3,10275.1,179.78,0.52
10245.8,10264.6,10274.3,10216.8,94.78,0.52
10192.6,10233.2,10244.7,10134.3,147.97,-0.91
10285.9,10313.7,10360.2,10284.2,51.54,-0.57
10345.3,10373.9,10419.8,10334.0,71.65,-0.12
10357.4,10378.7,10421.9,10357.2,98.55,0.19
10338.1,10414.0,10445.0,10309.8,95.49,-0.69
10409.8,10425.2,10440.4,10360.2,83.38,0.48
10360.2,10360.0,10418.2,10330.4,84.93,-0.25
10385.7,10323.6,10392.5,10284.8,129.45,-0.56
10443.8,10535.7,10537.1,10428.6,129.09,-0.95
10544.3,10521.0,10575.9,10517.4,95.93,0.6
10481.5,10489.0,10508.7,10436.7,79.39,0.19
10461.2,10329.4,10490.6,10329.3,108.13,1.73
10282.9,10377.3,10399.0,10252.4,163.18,-1.6
10450.0,10576.6,10584.3,10416.7,148.11,-1.38
10596.0,10681.4,10705.9,10525.1,153.53,-1.29
10734.7,10674.4,10758.2,10665.2,111.26,0.55
10676.5,10682.8,10689.8,10643.5,90.55,0.17
10658.4,10525.0,10696.1,10516.4,148.69,1.04
10549.1,10487.2,10553.8,10416.9,133.0,0.33
10513.9,10592.3,10607.8,10493.1,135.54,-0.69
10586.7,10613.4,10622.2,10510.9,150.97,0.8
10502.2,10536.6,10593.9,10495.4,166.1,-0.32
10536.1,10574.4,10577.3,10497.7,226.26,-0.63
10603.4,10549.3,10652.9,10544.4,161.51,0.26
10575.4,10523.8,10584.6,10508.5,152.25,0.49
10523.4,10451.2,10621.3,10446.2,206.5,0.74
10446.5,10432.0,10480.2,10368.1,161.23,0.19
10426.6,10530.7,10562.8,10381.2,207.71,-1.31
10564.8,10597.4,10627.2,10534.8,244.52,-0.22
10588.1,10533.9,10588.1,10456.1,275.33,0.6
10524.5,10616.0,10684.6,10511.5,179.66,-1.19
10651.2,10665.5,10670.3,10604.2,144.92,-0.04
10655.1,10664.6,10704.3,10619.3,164.86,-0.03
10658.3,10594.5,10674.1,10583.1,205.97,0.93
10560.4,10482.2,10580.5,10470.5,191.89,1.07
10449.1,10531.5,10536.9,10438.8,156.56,-0.57
10509.5,10525.4,10535.9,10451.4,152.2,0.2
10488.8,10495.2,10505.7,10433.5,164.17,-0.09
10498.4,10546.1,10546.2,10402.0,211.68,-0.24
10523.6,10535.9,10589.5,10509.5,191.74,-0.41
10566.7,10543.3,10611.4,10530.3,150.48,-0.35
10604.2,10507.6,10615.1,10502.2,161.64,1.53
10444.5,10541.2,10583.7,10433.2,197.99,-0.82
10531.1,10735.9,10772.0,10514.5,242.89,-1.6
10702.7,10607.8,10716.7,10526.6,232.69,0.51
10647.9,10674.0,10726.2,10643.9,180.89,-0.46
10696.6,10666.1,10757.0,10656.5,123.2,0.62
10630.8,10685.6,10715.5,10596.3,120.33,-0.74
10709.9,10709.6,10725.2,10641.9,128.77,-0.29
10740.7,10721.9,10761.5,10615.9,138.99,-0.05
10746.1,10892.3,10901.5,10746.1,155.9,-0.95
10848.9,10839.8,10884.2,10807.6,151.49,0.83
10759.4,10731.9,10786.3,10702.1,348.07,0.56
10699.6,10750.8,10751.6,10598.0,225.3,-0.71
10775.8,10858.5,10934.0,10775.3,189.42,-0.98
10882.1,10872.6,10937.0,10846.5,154.04,0.37
10842.4,10929.7,10936.6,10818.5,193.1,-1.24
10978.3,10947.2,11048.0,10884.7,223.09,0.23
10953.1,10847.2,10981.3,10837.4,262.97,0.75
10871.7,10813.6,10946.9,10761.7,276.98,-0.07
10879.7,10859.0,10907.8,10817.9,403.56,-0.05
10884.7,10889.6,10916.4,10842.1,297.63,-0.19
10905.9,10960.0,11007.7,10879.6,426.28,0.23
10881.0,10891.6,10909.1,10836.4,434.89,0.01
10880.0,10885.0,10957.8,10856.2,740.25,0.03
10876.9,10812.5,10918.5,10788.7,217.85,-0.07
10884.0,10864.0,10915.4,10844.8,110.54,-0.19
10904.2,10911.1,10918.8,10801.6,179.95,-0.31
10937.7,10971.2,10983.9,10920.7,184.8,0.28
10907.4,10931.2,10942.8,10882.3,204.71,-0.08
10916.3,10766.3,10928.7,10756.5,238.31,1.14
10793.4,10843.5,10851.0,10761.4,226.73,-0.39
10835.4,10711.8,10843.6,10689.9,320.25,1.41
10684.9,10727.8,10756.5,10564.3,414.32,-0.94
10786.1,10925.9,10965.9,10761.3,304.08,-1.79
10982.4,10959.8,10991.2,10928.3,263.76,0.22
10957.8,10941.1,10960.5,10891.9,200.1,0.56
10897.0,10861.9,10907.6,10836.0,262.44,0.33
10861.4,11051.3,11052.6,10823.9,400.68,-1.57
11034.8,11029.6,11053.5,10958.4,347.63,-0.13
11049.2,11120.1,11135.1,11047.1,268.38,-0.42
11096.3,11177.3,11184.4,11036.8,316.18,-0.35
11135.4,10971.5,11135.4,10967.2,363.49,1.11
11012.9,10872.1,11012.9,10856.4,310.82,1.62
10837.0,10793.0,10841.1,10769.0,192.96,0.15
10820.3,10737.7,10820.3,10719.4,225.31,0.98
10715.8,10658.4,10745.5,10622.8,298.34,0.3
10683.9,10718.8,10722.2,10663.3,273.46,-0.74
10763.4,10810.4,10815.3,10710.9,278.42,-0.18
10783.1,10786.1,10828.8,10719.0,299.93,0.15
10766.8,10714.2,10769.8,10668.0,496.99,3.76
10377.0,10388.6,10434.4,10307.7,325.22,0.04
10372.5,10349.3,10473.9,10328.5,292.27,0.02
10370.3,10272.7,10377.5,10266.0,324.42,1.03
10264.5,10365.6,10370.6,10216.9,283.86,-0.6
10326.1,10347.9,10350.4,10264.6,233.81,-0.33
10360.5,10441.3,10486.0,10353.8,310.21,-0.54
10416.3,10381.4,10463.2,10358.9,309.44,-0.21
10437.7,10507.9,10509.0,10436.5,222.75,-0.87
10529.0,10466.9,10529.0,10443.5,194.31,0.1
10518.9,10349.6,10534.5,10322.0,230.29,1.12
10402.7,10377.2,10467.3,10369.1,254.05,0.4
10361.2,10304.1,10361.2,10270.3,303.65,0.35
10325.3,10457.7,10457.7,10324.6,321.62,-1.32
10462.9,10368.5,10462.9,10352.2,252.48,0.55
10405.9,10372.1,10406.0,10348.5,207.2,0.37
10367.6,10409.2,10424.5,10303.2,232.26,-0.21
10389.0,10345.6,10394.8,10312.9,215.14,0.84
10302.9,10218.5,10302.9,10191.1,221.94,-0.06
10309.4,10312.5,10330.3,10276.2,189.56,-0.15
10324.9,10248.9,10324.9,10202.0,226.58,0.93
10229.3,10151.8,10268.8,10092.8,299.75,0.17
10211.9,10270.5,10334.7,10188.9,313.02,-0.02
10214.0,10216.7,10243.0,10189.0,188.82,-0.31
10245.8,10153.0,10250.2,10143.9,452.78,0.77
10168.0,10090.8,10175.3,10063.7,412.42,1.85
9983.2,9931.2,10000.1,9913.2,265.81,0.79
9905.1,9987.7,9995.0,9886.9,234.66,-0.91
9995.9,10020.0,10023.4,9957.4,193.63,-0.1
10006.4,10038.8,10091.4,9989.1,405.12,0.08
9998.4,9844.9,10014.5,9837.4,390.8,1.5
9850.5,9792.3,9881.3,9785.1,247.12,0.5
9801.7,9817.7,9819.8,9767.4,172.06,-0.02
9804.1,9772.3,9825.3,9753.9,228.4,0.06
9798.5,9694.5,9799.6,9669.2,308.71,0.85
9716.0,9753.1,9762.3,9715.8,275.02,-0.36
9751.5,9618.0,9756.5,9616.6,351.7,2.05
9555.5,9515.0,9570.7,9484.0,279.24,0.96
9464.3,9494.0,9499.3,9427.7,194.24,0.11
9453.5,9513.7,9530.4,9383.1,285.87,-0.42
9493.4,9519.8,9541.8,9479.7,276.0,0.17
9477.2,9577.7,9606.1,9439.7,280.84,-0.88
9561.0,9523.6,9591.3,9467.6,209.8,0.36
9526.6,9564.4,9577.7,9512.0,178.86,0.28
9500.3,9564.8,9571.0,9438.2,234.06,-0.57
9554.7,9582.5,9614.6,9526.0,213.99,-0.31
9584.1,9557.1,9612.8,9528.2,235.35,0.78
9510.2,9489.1,9528.6,9461.0,206.91,0.28
9484.1,9421.9,9501.3,9387.7,178.86,1.13
9378.1,9478.2,9498.3,9356.0,231.38,-0.64
9438.4,9353.9,9444.9,9318.1,274.08,1.17
9329.7,9362.0,9378.4,9236.6,312.73,-0.02
9331.5,9321.9,9389.2,9304.5,284.08,-0.28
9357.3,9459.4,9482.0,9337.4,287.14,-1.11
9462.7,9435.3,9482.6,9396.8,393.83,0.6
9406.4,9321.2,9426.4,9301.5,293.59,0.81
9330.8,9416.0,9423.3,9304.5,304.38,0.17
9315.2,9365.9,9430.3,9315.2,282.77,-0.49
9361.3,9460.6,9472.8,9349.1,220.04,-1.5
9504.1,9531.4,9533.5,9420.2,234.87,-0.09
9512.8,9601.6,9623.5,9495.5,285.95,-0.38
9549.3,9483.5,9588.8,9479.4,404.76,1.73
9387.2,9319.2,9387.2,9296.6,201.31,0.89
9304.8,9337.8,9362.4,9279.0,197.62,-0.8
9380.1,9377.5,9439.0,9345.2,238.87,0.01
9379.1,9406.4,9431.3,9327.4,259.1,-0.08
9386.2,9425.1,9430.8,9362.2,211.88,-0.09
9394.9,9390.4,9429.0,9361.9,255.12,-0.16
9410.0,9457.2,9465.2,9407.8,197.58,-1.07
9511.6,9445.1,9524.3,9416.7,210.31,1.11
9407.4,9378.0,9452.3,9343.0,261.9,-0.01
9408.6,9456.4,9468.1,9378.6,298.56,-0.46
9452.0,9497.1,9497.3,9425.0,220.46,-0.43
9492.8,9536.9,9536.9,9446.2,194.38,-0.24
9515.9,9487.0,9515.9,9451.2,144.57,0.29
9488.2,9427.9,9507.2,9413.6,221.28,0.27
9462.9,9522.1,9538.4,9424.1,238.02,-0.33
9494.7,9448.3,9552.1,9438.8,280.88,0.81
9418.7,9332.6,9432.6,9318.1,108.39,0.71
9352.1,9310.0,9352.1,9293.2,166.81,0.27
9327.1,9283.4,9333.4,9269.5,130.74,-0.19
9344.9,9357.2,9369.2,9317.7,151.82,-0.34
9376.6,9354.8,9390.9,9346.9,109.3,0.1
9367.7,9347.4,9377.9,9339.6,156.03,0.37
9333.6,9341.5,9374.8,9297.5,181.12,-0.41
9371.7,9384.7,9420.8,9300.3,336.07,-0.38
9407.9,9329.1,9421.5,9322.3,261.18,0.76
9336.7,9376.8,9387.0,9336.0,266.99,-0.81
9412.8,9310.3,9452.9,9299.3,577.32,0.77
9340.8,9225.8,9354.8,9220.3,363.02,1.33
9218.4,9306.9,9319.4,9207.1,297.1,-1.21
9331.3,9160.9,9341.9,9132.6,362.54,1.58
9186.4,9171.7,9208.6,9148.5,258.1,0.18
9169.6,9121.1,9179.4,9093.4,330.16,0.26
9145.4,9002.5,9179.6,8992.6,468.93,2.06
8960.4,8951.2,8974.7,8912.6,361.0,0.75
8893.3,8692.4,8906.6,8670.5,316.38,2.64
8664.7,8533.9,8750.8,8512.4,288.0,0.67
8607.1,8610.6,8635.6,8576.0,249.93,-0.72
8669.2,8671.6,8711.3,8632.7,365.92,-0.22
8688.2,8662.7,8714.9,8638.4,350.82,0.24
8667.0,8614.3,8697.8,8591.4,215.9,0.55
8619.3,8651.8,8698.9,8586.7,270.08,-0.64
8674.4,8671.0,8674.8,8623.8,170.46,0.2
8657.2,8657.4,8672.7,8614.6,166.34,0.34
8627.5,8666.6,8673.6,8604.8,273.14,-0.28
8651.5,8672.8,8684.7,8640.7,285.02,0.43
8614.6,8659.9,8660.9,8558.5,199.68,-0.1
8622.9,8754.7,8756.3,8581.5,293.09,-1.09
8718.0,8622.4,8718.0,8611.6,274.43,0.92
8638.5,8712.9,8753.1,8563.6,287.03,-0.56
8687.1,8665.7,8707.9,8620.6,283.0,0.33
8658.2,8733.0,8765.2,8602.1,331.69,0.22
8639.2,8819.5,8840.1,8614.1,358.28,-1.34
8756.8,8983.0,9053.9,8708.4,559.62,-1.63
8901.5,8595.3,8901.9,8570.4,582.35,-0.4
8937.0,8936.8,8952.0,8859.8,253.82,0.2
8918.8,8949.4,8960.1,8890.7,211.37,1.45
8791.6,8862.3,8866.1,8755.1,230.51,-0.99
8879.9,8858.2,8929.7,8835.5,248.75,0.07
8873.4,8972.8,8973.9,8864.8,271.69,-1.85
9040.7,9206.5,9214.1,9032.0,224.86,-1.12
9143.3,9144.9,9171.7,9109.2,271.72,-0.63
9201.3,9150.4,9206.6,9086.0,341.23,0.04
9197.2,9163.5,9200.0,9102.8,310.94,0.26
9173.3,9151.5,9183.7,9111.2,271.8,0.37
9139.7,9207.8,9236.6,9116.4,286.93,-0.83
9216.2,9156.4,9255.3,9145.5,335.32,1.27
9100.4,9063.7,9100.4,9035.6,260.46,0.43
9061.2,8975.4,9077.2,8961.6,297.55,1.24
8950.1,8890.3,8956.9,8842.5,261.21,0.96
8865.3,8786.5,8879.8,8769.9,253.5,1.43
8740.7,8721.0,8784.8,8714.5,215.14,-0.31
8767.9,8640.8,8800.8,8635.5,244.61,1.85
8608.7,8634.9,8634.9,8551.2,289.16,-0.9
8686.5,8714.5,8760.0,8677.1,165.22,-0.08
8693.2,8690.4,8752.6,8657.5,210.9,-0.1
8701.5,8631.3,8713.7,8566.7,200.51,0.9
8624.3,8759.9,8762.3,8596.0,284.89,-1.52
8757.4,8820.8,8846.4,8742.3,273.33,-0.24
8778.3,8691.3,8788.2,8669.3,243.78,0.11
8769.0,8769.0,8810.1,8741.2,212.65,0.2
8751.6,8759.0,8788.9,8707.2,157.19,-0.32
8779.4,8649.0,8805.4,8543.1,452.0,-0.19
8796.3,8834.0,8864.8,8778.4,226.72,0.64
8740.4,8744.0,8806.5,8715.8,196.36,0.6
8688.2,8776.0,8781.0,8634.2,268.22,-0.27
8711.4,8765.4,8765.4,8630.0,261.95,-1.27
8823.6,8885.9,8893.9,8785.8,315.88,-1.25
8934.9,8819.8,8966.1,8815.3,279.39,2.01
8758.5,8817.0,8837.4,8748.0,247.44,0.83
8686.1,8695.1,8735.2,8649.5,167.67,-0.34
8715.5,8723.5,8736.3,8689.5,185.97,0.95
8633.4,8700.9,8725.1,8603.3,406.19,-1.0
8720.5,8697.0,8742.8,8665.4,214.62,0.21
8702.4,8769.9,8779.6,8684.2,232.22,-0.25
8724.2,8907.2,8924.0,8724.2,216.03,-1.61
8866.6,8877.1,8880.7,8790.8,243.74,-1.76
9025.5,9065.5,9135.8,9004.8,232.05,-0.83
9101.1,9028.6,9115.6,8974.9,251.73,0.95
9015.3,8931.8,9021.9,8908.7,206.12,1.3
8899.5,8991.4,8996.3,8893.9,187.94,-0.6
8953.3,8928.4,8979.3,8913.5,153.72,0.5
8908.9,8789.9,8912.6,8743.2,227.6,1.67
8762.8,8746.3,8884.9,8730.8,300.78,0.53
8716.8,8677.4,8780.7,8671.4,297.36,0.36
8685.4,8629.4,8731.9,8629.0,155.9,0.8
8616.4,8611.2,8660.9,8573.7,98.61,-0.5
8659.5,8595.7,8673.9,8566.5,125.66,0.7
8599.5,8612.3,8628.1,8555.0,132.16,-0.65
8655.5,8532.0,8665.9,8509.8,196.14,0.87
8580.9,8512.8,8602.4,8506.3,163.44,1.33
8468.0,8431.3,8522.8,8407.6,135.1,0.21
8450.6,8556.2,8556.3,8393.5,162.78,-1.16
8550.1,8549.2,8555.1,8481.3,166.8,0.74
8487.0,8646.2,8652.7,8485.6,154.96,-1.56
8621.7,8689.0,8714.3,8621.7,153.28,-1.13
8720.6,8711.0,8753.6,8694.6,81.08,0.05
8716.4,8704.5,8747.6,8698.0,123.77,-0.04
8719.5,8699.0,8719.5,8626.5,142.88,0.7
8658.9,8610.5,8688.6,8598.7,187.37,-0.08
8665.4,8541.1,8673.9,8531.8,166.83,1.2
8562.5,8573.5,8632.4,8548.1,171.2,0.27
8539.4,8422.4,8552.5,8422.0,179.77,1.84
8385.5,8324.1,8424.6,8318.6,214.14,1.48
8263.5,8319.1,8329.7,8229.4,244.86,-0.17
8277.3,8495.6,8498.2,8256.6,342.28,-2.77
8513.4,8667.5,8679.1,8496.8,258.3,-0.86
8587.2,8525.1,8619.0,8505.6,293.41,1.27
8479.2,8630.0,8659.1,8479.2,256.59,-2.1
8661.4,8593.6,8720.2,8581.6,240.19,1.18
8560.2,8574.5,8587.3,8485.8,214.21,-0.18
8575.7,8605.7,8647.6,8537.1,187.64,-0.28
8599.9,8566.3,8618.9,8516.3,299.86,0.19
8583.6,8589.3,8620.9,8501.0,274.3,0.09
8575.5,8556.0,8576.6,8470.3,228.57,1.06
8485.2,8490.7,8559.0,8439.3,221.86,-0.46
8524.4,8552.9,8609.1,8446.3,208.11,-0.08
8531.0,8527.3,8582.3,8446.2,264.73,-0.25
8552.3,8563.7,8593.8,8454.2,271.81,0.93
8473.9,8471.9,8580.3,8426.4,384.22,-0.38
8506.0,8313.8,8528.3,8292.6,376.5,2.42
8305.1,8265.8,8319.7,8168.7,245.09,1.46
8185.9,7985.6,8242.8,7961.2,327.41,2.22
8008.2,7996.4,8064.4,7966.3,269.74,1.03
7926.2,8005.7,8040.1,7857.8,376.84,-1.75
8067.6,8176.2,8196.0,8050.4,321.76,-2.28
8255.9,8302.9,8328.1,8229.4,216.88,-0.16
8268.9,8240.1,8304.4,8134.1,304.25,1.29
8163.3,8081.7,8186.8,7993.9,456.69,0.72
8105.3,7947.0,8105.3,7935.1,407.52,3.45
7835.0,7836.8,7916.9,7793.7,467.34,2.48
7645.5,8001.5,8053.2,7579.8,768.02,-1.83
7787.7,8263.6,8328.4,7743.4,1080.0,-12.35
8885.3,8758.9,8912.0,8684.8,319.11,2.11
8702.0,8711.9,8774.3,8605.7,247.58,0.4
8667.3,8636.9,8697.9,8607.7,272.66,0.23
8647.1,8592.7,8652.1,8578.6,281.9,3.41
8362.0,8290.2,8425.2,8278.3,472.79,1.98
8199.9,8150.7,8220.6,8107.0,331.33,-0.62
8250.8,8216.8,8315.8,8193.3,322.39,1.53
8126.7,8238.6,8270.4,8124.8,342.43,-2.13
8303.8,8388.2,8424.9,8291.5,290.43,-2.2
8490.5,8732.2,8732.6,8486.8,388.96,-3.18
8769.5,8806.8,8832.7,8751.3,316.75,-0.7
8831.4,8857.9,8866.9,8798.2,252.01,-0.71
8894.5,8873.0,8945.9,8865.8,208.14,0.8
8823.5,8810.1,8870.9,8785.6,180.47,0.25
8801.6,9004.3,9038.4,8756.8,272.78,-1.74
8957.9,8918.6,9056.6,8907.5,316.09,0.46
8916.9,9028.3,9033.4,8880.9,264.05,-1.3
9034.0,9130.5,9155.5,9013.2,309.22,-0.91
9116.9,9110.9,9134.0,9066.5,119.75,0.11
9107.3,9045.4,9126.3,9026.6,262.45,0.31
9079.2,9074.4,9101.8,9020.4,383.45,-0.5
9125.0,8988.5,9149.3,8982.1,307.94,2.32
8918.1,8687.3,8938.8,8670.9,208.85,2.34
8714.0,8776.2,8809.9,8677.3,181.05,-0.65
8771.2,8737.5,8793.8,8713.8,172.28,1.11
8674.7,8745.5,8785.2,8669.6,245.15,-1.14
8775.1,8647.3,8797.2,8632.8,201.5,0.88
8698.7,8743.7,8829.5,8645.8,221.83,0.19
8682.1,8626.4,8701.6,8579.8,120.69,-0.45
8721.5,8622.7,8752.6,8596.3,211.09,0.67
8663.1,8629.4,8787.0,8582.2,247.42,-0.01
8663.9,8773.0,8793.7,8614.1,217.3,-1.27
8775.2,8749.4,8831.1,8711.8,225.7,1.32
8660.8,8776.1,8839.7,8643.6,249.8,-0.47
8702.1,8659.5,8768.3,8563.9,266.58,0.15
8689.4,8698.2,8792.5,8660.9,237.81,0.41
8654.3,8767.8,8802.3,8648.6,279.48,-1.26
8764.9,9009.4,9015.1,8753.7,297.61,-2.85
9022.1,9066.9,9092.6,8980.8,144.92,-0.04
9025.7,9161.4,9195.9,9025.7,333.51,-2.62
9269.0,9227.6,9269.0,9085.5,353.27,-0.68
9332.6,9306.7,9360.2,9277.0,306.65,0.53
9283.0,9171.9,9299.5,9162.7,295.44,1.56
9140.0,9225.4,9257.5,9123.7,232.57,-1.01
9232.8,9183.9,9244.4,9161.6,299.6,0.39
9197.2,9178.5,9218.7,9120.6,324.42,0.55
9147.2,8948.4,9161.9,8940.0,305.43,1.96
8971.3,8914.5,9004.2,8890.2,293.01,1.01
8881.6,8703.4,8891.5,8674.1,243.88,0.35
8850.9,8855.4,8886.6,8809.3,275.85,-0.12
8861.5,8854.0,8870.9,8743.5,343.39,0.46
8820.7,8660.1,8820.7,8596.1,415.15,3.21
8546.3,8519.8,8587.9,8425.6,326.59,0.57
8497.6,8413.4,8563.4,8344.4,270.18,0.83
8427.6,8309.9,8462.8,8309.9,297.77,1.62
8292.9,8418.2,8431.4,8256.1,311.34,-1.26
8398.6,8398.8,8468.9,8340.2,287.75,0.13
8387.7,8483.8,8491.5,8377.7,272.83,-2.44
8597.5,8589.3,8712.9,8552.2,212.42,-0.06
8602.3,8624.6,8677.2,8531.8,325.37,-1.38
8723.1,8825.5,8827.9,8698.3,318.4,-1.66
8870.2,8874.4,8960.7,8856.1,223.84,0.7
8808.3,8843.2,8906.5,8751.5,235.0,0.21
8789.8,8862.5,8890.8,8781.7,209.36,-1.54
8927.1,9017.2,9046.0,8880.2,186.65,-0.72
8992.0,8969.3,8992.0,8840.4,216.83,-0.32
9021.0,9006.1,9138.9,8966.5,182.19,-0.33
9051.1,8995.3,9074.5,8904.7,395.75,0.81
8978.8,9064.9,9071.2,8782.8,385.79,0.18
8962.8,9018.4,9062.0,8898.6,253.94,-0.28
8988.3,9099.5,9122.2,8961.6,376.24,-1.69
9142.7,9156.1,9217.3,9120.1,362.9,0.57
9090.6,8930.3,9101.3,8913.6,476.0,3.69
8766.9,8782.0,9105.8,8730.6,533.69,0.07
8761.1,8765.5,8889.6,8741.0,315.89,0.24
8740.3,8736.3,8848.8,8663.2,310.22,-0.53
8786.8,8785.7,8834.7,8672.8,272.4,-0.28
8811.6,8812.6,8877.9,8734.6,322.35,0.51
8767.0,8787.9,8812.0,8692.9,273.57,0.03
8764.5,8662.3,8778.5,8641.2,353.54,1.78
8611.0,8454.6,8611.6,8423.6,322.25,1.77
8461.4,8291.9,8463.4,8222.6,295.55,1.34
8349.2,8313.3,8397.8,8265.2,321.92,1.63
8215.6,8128.1,8260.2,8103.5,258.74,2.52
8013.7,8255.0,8269.1,7968.1,307.97,-3.07
8267.6,8345.4,8447.8,8259.0,270.11,-1.42
8387.0,8290.3,8399.3,8281.7,246.1,2.35
8194.2,8284.9,8335.2,8105.0,312.66,-1.22
8295.4,8420.3,8479.6,8255.4,312.11,-0.83
8364.9,8166.2,8366.9,8140.9,324.4,2.79
8137.6,8262.8,8262.8,8092.0,303.51,-0.51
8179.2,8133.0,8217.5,8081.4,304.55,3.26
7920.8,7849.9,7920.8,7771.2,385.25,2.25
7746.3,8047.3,8047.3,7746.3,461.01,-4.88
8143.7,8013.8,8249.8,7920.9,386.48,2.73
7927.6,8129.0,8212.6,7862.0,484.32,-2.39
8122.1,8537.9,8540.9,8083.4,352.12,-4.44
8499.5,8477.1,8615.0,8411.3,412.59,0.37
8468.1,8437.1,8521.7,8287.0,375.8,1.85
8314.5,8510.3,8519.7,8180.4,432.08,-2.51
8528.7,8768.0,8772.5,8478.5,385.37,-2.96
8788.5,8849.3,8896.5,8718.4,320.61,-0.31
8815.8,8728.2,8815.8,8671.6,402.07,2.62
8590.6,8697.8,8811.4,8516.8,354.36,-1.72
8741.0,8676.1,8741.0,8608.9,225.52,0.56
8692.5,8426.1,8698.0,8402.3,422.23,1.46
8567.7,8763.2,8763.2,8525.9,263.31,-1.78
8722.9,8638.0,8795.7,8565.7,374.44,3.3
8444.2,8311.8,8502.5,8277.1,358.23,1.97
8281.4,8390.2,8398.4,8206.0,371.17,-3.2
8554.9,8624.3,8656.9,8527.5,298.45,1.01
8469.3,8525.5,8627.1,8427.3,281.06,-0.87
8543.6,8769.4,8796.4,8491.9,458.71,-2.78
8787.7,8852.5,8854.5,8662.2,329.17,-1.64
8934.5,8998.5,9074.0,8877.9,300.8,0.21
8915.4,8867.9,9041.5,8818.9,297.58,0.33
8886.1,8849.9,9022.0,8835.1,301.41,-0.26
8909.2,8909.2,8909.2,8909.2,0.0,0.0
8909.2,9093.3,9138.0,8909.2,310.72,-1.66
9059.3,8973.8,9103.0,8889.7,395.76,-1.5
9197.4,9330.3,9330.3,9122.6,288.66,-1.48
9335.2,9431.5,9446.2,9260.2,208.64,0.24
9313.2,9429.8,9440.9,9263.7,279.17,-2.42
9544.2,9604.2,9615.6,9538.8,79.92,-1.01
9641.9,9650.0,9696.4,9607.9,141.29,-0.29
9670.4,9611.7,9677.7,9606.4,147.77,1.23
9552.5,9675.6,9724.9,9533.0,137.89,-1.35
9682.9,9663.0,9706.2,9653.1,70.62,0.43
9641.0,9505.6,9661.9,9503.9,236.26,2.39
9415.6,9451.8,9456.3,9351.8,220.11,0.53
9365.8,9520.5,9558.2,9365.8,356.51,-3.62
9717.1,9794.1,9874.2,9644.9,408.98,-1.63
9878.5,9909.1,10000.4,9850.9,324.2,1.72
9711.0,9762.5,9817.4,9635.7,342.15,-0.01
9711.6,9496.3,9747.5,9492.5,302.45,3.0
9428.5,9658.0,9732.1,9428.5,273.72,-2.1
9630.7,9772.9,9791.6,9606.8,263.24,-1.51
9778.7,9779.4,9872.5,9719.4,258.2,-0.58
9835.5,9865.3,9932.1,9713.2,250.83,-0.02
9837.1,10029.0,10031.2,9790.4,221.18,-2.04
10042.4,10139.0,10158.2,10021.9,219.57,-0.36
10078.7,10046.1,10131.5,9931.1,289.63,-0.14
10092.9,10353.4,10476.6,10083.3,355.47,-2.41
10342.0,10411.9,10447.0,10323.5,233.4,-0.36
10379.2,10409.9,10469.2,10344.9,208.11,-0.07
10386.9,10299.0,10430.3,10275.9,258.6,0.74
10310.7,10285.8,10390.7,10264.5,200.14,-0.21
10332.3,10217.3,10352.9,10174.8,268.32,1.03
10227.3,10184.2,10247.1,10083.1,418.78,0.2
10207.2,10231.3,10231.3,10045.6,219.02,-0.68
10277.4,10262.3,10307.7,10206.8,184.51,-0.13
10290.3,10373.2,10385.0,10247.6,231.93,-0.62
10354.7,10340.5,10408.4,10325.7,272.12,0.91
10261.1,10284.0,10307.4,10226.5,257.18,-0.99
10363.8,10214.6,10376.0,10199.6,246.06,2.36
10124.5,10012.4,10158.1,10005.2,172.14,0.13
10111.4,10118.3,10201.2,10012.3,229.55,-0.32
10144.0,10350.6,10369.0,10113.4,276.46,-2.25
10377.2,10345.1,10463.1,10344.2,205.12,0.39
10336.8,10364.0,10376.3,10244.3,213.29,0.11
10325.2,10451.6,10476.9,10322.9,260.46,-1.22
10453.2,10425.8,10500.3,10318.5,300.13,0.21
10431.2,10483.9,10552.7,10385.0,252.12,-0.4
10473.5,10524.8,10631.6,10454.0,308.33,0.08
10465.2,10398.6,10465.2,10375.4,284.75,0.45
10418.2,10279.3,10463.5,10259.1,265.78,0.55
10360.7,10394.2,10405.7,10258.7,294.54,-0.35
10397.2,10451.8,10455.2,10298.1,254.88,-0.24
10421.9,10321.0,10440.1,10296.8,218.57,0.96
10322.4,10458.2,10458.2,10300.7,243.68,-1.49
10478.3,10473.9,10517.6,10408.6,248.74,0.02
10476.3,10449.7,10591.9,10418.2,344.63,1.07
10365.4,10130.1,10402.5,10109.5,272.76,2.05
10157.5,10126.1,10188.3,10004.0,208.28,0.56
10100.6,10196.8,10217.0,10055.1,218.59,-1.05
10207.3,10221.5,10310.4,10164.7,186.38,-0.24
10231.5,10174.9,10244.0,10153.1,246.08,1.28
10101.7,10132.1,10132.7,10055.1,239.3,0.64
10037.6,10065.4,10129.0,9992.4,253.69,-0.77
10115.3,10227.4,10229.3,10049.8,259.78,-1.28
10246.4,10318.8,10379.0,10208.5,222.78,-0.61
10309.6,10279.1,10354.1,10224.9,365.52,1.26
10181.2,10137.8,10190.3,10063.2,300.04,0.11
10170.0,10176.1,10289.8,10119.9,369.63,0.66
10103.3,9996.5,10138.2,9909.5,281.16,1.32
9971.3,9777.3,9980.9,9731.5,332.67,3.83
9603.6,9650.4,9688.1,9428.8,280.4,0.38
9567.3,9668.9,9718.0,9543.8,273.44,0.08
9559.9,9580.6,9606.3,9491.1,277.07,1.77
9393.9,9280.4,9514.4,9264.4,303.21,-0.0
9394.2,9500.9,9598.6,9357.4,284.12,-1.32
9519.5,9444.2,9575.3,9430.2,317.51,2.45
9291.4,9492.1,9540.2,9231.3,405.85,-1.93
9474.6,9529.0,9659.1,9463.9,386.54,-0.79
9550.2,9856.1,9857.8,9528.2,335.15,-3.11
9856.8,9826.1,9952.0,9820.3,220.6,0.1
9847.2,10048.6,10050.3,9801.7,557.11,-2.57
10106.6,10015.0,10141.8,9988.9,344.89,1.3
9976.8,9869.5,9983.0,9843.0,286.87,1.99
9782.5,9708.3,9834.8,9620.7,275.76,0.89
9696.4,9764.8,9836.9,9685.6,213.98,-0.43
9737.9,9877.0,9886.0,9722.7,261.36,-1.23
9859.0,9929.2,9989.7,9840.0,260.44,-1.78
10037.8,10078.8,10193.0,10031.1,263.82,1.74
9866.2,9860.3,9987.7,9857.6,222.43,0.62
9805.4,9893.5,9931.8,9796.6,170.28,-0.17
9821.8,9947.0,9950.8,9737.9,325.76,-2.2
10042.4,10023.8,10118.7,9945.9,311.83,1.05
9938.3,10009.7,10071.1,9855.8,278.09,-0.55
9992.8,10136.1,10148.5,9921.1,286.17,-2.59
10259.0,10297.2,10319.1,10190.4,184.68,-0.91
10352.9,10322.7,10352.9,10235.7,202.08,0.61
10290.2,10229.6,10357.3,10176.2,332.91,3.06
9984.5,10005.8,10132.9,9875.4,345.7,-1.29
10115.4,9880.4,10168.1,9819.9,448.31,3.68
9756.6,9973.7,10078.0,9502.4,637.1,-5.01
10271.7,10434.4,10576.2,10270.2,336.67,-2.98
10587.0,10748.2,10797.5,10564.8,292.08,-1.81
10782.4,10843.7,10905.3,10776.8,229.36,-1.06
10897.9,10878.0,10952.2,10846.1,167.05,-0.02
10900.3,10983.1,11023.3,10774.4,202.5,0.19
10879.3,10952.4,11034.3,10851.6,221.08,-0.63
10947.9,11030.8,11057.1,10938.5,213.8,0.62
10880.1,11054.4,11054.4,10840.3,308.27,-2.44
11152.3,11278.5,11319.1,11137.8,231.92,-1.41
11311.7,11239.5,11330.0,11129.3,174.26,1.19
11178.2,11244.9,11264.0,11176.8,202.37,-0.67
11253.6,11263.6,11327.0,11239.4,209.27,-0.23
11279.5,11195.0,11302.9,11184.7,255.67,1.16
11150.5,11240.3,11244.8,11098.5,409.88,-1.02
11265.9,11180.6,11288.5,11141.2,278.42,0.76
11180.7,11198.4,11200.9,11039.5,278.12,0.11
11168.6,11347.7,11362.4,11117.6,292.61,-1.01
11282.9,11310.0,11325.6,11185.8,218.99,0.27
11252.4,11179.5,11294.0,11168.1,224.45,0.96
11145.4,11252.7,11264.2,11136.7,334.76,-1.45
11309.3,11415.4,11460.3,11300.9,339.31,-1.16
11441.9,11552.0,11553.6,11429.4,229.34,-0.37
11484.3,11389.2,11525.4,11365.5,261.18,0.22
11458.6,11571.9,11579.7,11432.1,222.07,-0.84
11556.1,11506.9,11612.6,11499.4,178.8,0.66
11480.7,11551.0,11551.0,11472.6,229.03,-0.26
11510.6,11405.2,11536.3,11398.6,282.71,1.54
11335.7,11262.0,11360.4,11234.3,208.08,0.69
11258.3,11220.1,11258.3,11140.8,302.65,0.3
11224.2,11178.2,11253.5,11121.8,306.04,1.7
11036.1,10958.2,11069.8,10896.9,358.66,3.08
10706.4,10479.4,10761.1,10463.6,306.82,2.65
10430.3,10364.7,10478.7,10316.4,320.3,0.81
10346.0,10554.9,10588.5,10332.1,325.14,-1.84
10540.1,10571.8,10653.7,10496.0,353.56,-2.22
10779.8,10835.7,10860.7,10730.0,197.29,-0.61
10846.4,10932.0,10960.7,10835.5,209.13,-0.6
10911.5,10857.7,11036.9,10784.3,310.65,1.32
10769.5,10811.6,10954.5,10723.2,369.23,-0.78
10853.9,11148.4,11202.6,10816.4,463.51,-4.56
11372.3,11238.7,11434.8,11199.9,217.13,0.57
11308.4,11245.0,11441.3,11213.1,294.85,-0.12
11321.9,11419.0,11420.1,11220.4,272.69,-0.71
11402.5,11461.5,11497.1,11384.5,271.93,0.3
11368.2,11184.5,11394.2,11168.9,353.6,3.87
10944.3,10890.7,11029.1,10880.8,354.74,0.67
10871.9,10788.5,10888.4,10654.3,309.14,0.54
10813.4,10900.0,10933.9,10779.5,189.36,-0.53
10871.4,10766.0,10895.5,10659.7,241.07,0.27
10842.1,10893.6,10939.9,10775.6,223.28,-1.71
11030.5,11124.5,11159.3,10932.6,215.49,-1.13
11156.7,11097.6,11231.3,11085.1,243.78,0.53
11097.5,10879.9,11138.4,10854.4,241.56,1.46
10938.1,10895.0,10945.0,10750.0,295.3,0.19
10917.3,11022.8,11056.1,10917.3,205.93,-1.31
11062.0,11061.5,11127.9,10984.1,227.46,-0.75
11146.1,11201.2,11292.7,11070.0,239.54,-1.08
11267.6,11302.9,11361.8,11201.1,227.42,-0.03
11271.4,11314.5,11369.1,11151.3,232.39,0.3
11238.1,11264.8,11343.2,11180.5,194.25,0.18
11217.6,11375.6,11402.7,11192.1,327.77,-1.45
11382.8,11387.9,11450.7,11291.9,191.89,-0.42
11431.1,11281.7,11467.8,11247.2,241.03,1.7
11240.3,11297.1,11344.7,11169.4,315.13,-0.72
11322.3,11421.2,11455.3,11262.1,156.48,-2.01
11554.2,11594.7,11609.9,11533.7,168.22,-0.36
11595.4,11517.9,11595.4,11515.7,185.43,0.18
11574.1,11505.1,11588.7,11460.6,192.41,0.66
11497.7,11406.1,11537.8,11404.0,282.09,1.35
11345.0,11336.8,11368.0,11203.1,234.03,0.24
11317.3,11438.8,11438.8,11265.9,230.82,-0.71
11398.7,11304.6,11428.3,11203.9,211.84,0.65
11324.6,11366.0,11430.9,11282.4,249.28,0.02
11322.6,11332.0,11354.0,11221.5,292.9,-1.08
11445.8,11433.7,11481.6,11377.7,198.98,0.18
11424.7,11260.8,11424.7,11212.9,309.36,2.19
11180.3,11125.1,11214.8,10928.2,322.77,0.15
11163.6,11100.4,11232.8,11048.3,275.55,0.43
11115.6,11416.4,11503.9,11102.9,319.65,-2.74
11429.1,11377.1,11501.8,11280.5,224.66,0.39
11385.0,11351.1,11469.2,11258.0,386.58,0.05
11378.9,11619.0,11651.9,11371.5,310.36,-1.97
11607.7,11656.0,11684.6,11543.0,280.72,-0.28
11640.2,11532.0,11679.8,11365.5,310.81,1.17
11505.4,11469.6,11605.5,11434.6,340.44,0.7
11425.8,11417.5,11461.1,11291.3,244.09,0.23
11399.2,11452.2,11480.4,11276.3,306.27,-0.2
11422.3,11439.0,11504.0,11368.2,337.59,0.33
11384.6,11400.2,11418.8,11306.4,209.41,0.22
11359.4,11565.5,11598.0,11299.9,465.82,-2.17
11611.7,11772.3,11772.3,11580.3,287.02,-1.42
11778.4,11742.4,11815.6,11710.4,292.62,0.63
11704.7,11798.5,11862.6,11645.6,377.82,-1.36
11866.4,11761.7,11884.6,11760.8,229.31,1.0
11749.3,11755.3,11778.0,11679.2,336.79,0.13
11734.6,11688.4,11747.3,11655.2,299.82,0.68
11655.5,11738.4,11771.4,11615.8,301.55,-0.64
11730.5,11715.6,11771.8,11669.3,366.06,0.83
11634.0,11583.6,11649.9,11559.2,205.81,0.55
11569.8,11482.0,11662.8,11454.3,305.8,0.42
11521.1,11510.8,11596.1,11444.6,336.27,-0.07
11529.1,11459.8,11543.2,11432.3,304.32,0.89
11427.4,11469.7,11524.2,11403.9,310.09,-0.23
11453.8,11400.4,11453.8,11294.7,308.56,-0.1
11464.7,11560.7,11591.7,11449.3,252.13,-0.99
11579.3,11428.5,11618.3,11409.9,331.91,1.1
11452.8,11394.0,11465.4,11364.3,328.74,0.29
11419.6,11109.8,11458.3,11090.2,618.65,2.96
11091.0,11062.9,11146.5,11040.2,259.18,0.37
11050.0,11057.4,11076.0,10957.7,295.71,0.2
11028.1,11117.5,11129.0,10953.7,260.65,-0.78
11114.7,11082.4,11146.7,11077.4,292.85,0.73
11033.8,11072.9,11077.7,10993.5,253.11,0.2
11011.8,11022.9,11068.0,10993.1,439.29,-0.09
11021.8,10950.3,11048.2,10908.0,265.92,1.1
10902.2,11060.5,11081.2,10858.4,299.03,-1.38
11054.2,11007.9,11078.8,10962.4,221.02,-0.34
11091.9,11144.5,11158.9,11070.2,272.19,-0.29
11124.4,11078.1,11154.3,11039.2,260.66,0.66
11051.3,11048.1,11079.3,10921.4,253.27,0.33
11014.7,11197.6,11212.8,11001.7,246.88,-1.47
11178.5,11190.5,11239.8,11123.3,312.32,0.0
11178.3,11142.9,11184.5,11070.8,412.54,0.35
11139.5,11023.3,11145.9,11014.4,271.21,0.81
11049.5,11027.9,11072.5,11011.7,255.5,-0.14
11064.5,11027.7,11082.7,10951.1,297.63,0.68
10990.1,11001.3,11015.4,10935.1,272.02,1.02
10879.3,10889.8,10916.8,10759.0,336.3,-0.29
10910.4,10781.0,10918.4,10726.3,350.26,0.97
10805.3,10764.6,10852.6,10764.1,298.37,1.0
10698.0,10591.6,10730.1,10526.6,272.47,0.08
10689.5,10717.8,10793.1,10679.9,220.58,-0.47
10739.5,10618.5,10794.9,10606.7,427.94,1.68
10562.2,10349.6,10607.1,10328.5,328.0,1.9
