fecha,SAN_ultimo,SAN_per,SAN_bpa,SAN_rentabilidad_por_dividendo,SAN_precio_valor_contable,SAN_ebitda
2015-02-12,"5,910",,,,,
2015-02-13,"6,057",,,,,
2015-02-16,"6,049",,,,,
2015-02-17,"6,074",,,,,
2015-02-18,"6,174",,,,,
2015-02-19,"6,215",,,,,
2015-02-20,"6,171",,,,,
2015-02-23,"6,212",,,,,
2015-02-24,"6,221",,,,,
2015-02-25,"6,184",,,,,
2015-02-26,"6,260",,,,,
2015-02-27,"6,292",,,,,
2015-03-02,"6,300",,,,,
2015-03-03,"6,192",,,,,
2015-03-04,"6,257",,,,,
2015-03-05,"6,293",,,,,
2015-03-06,"6,240",,,,,
2015-03-09,"6,241",,,,,
2015-03-10,"6,080",,,,,
2015-03-11,"6,171",,,,,
2015-03-12,"6,202",,,,,
2015-03-13,"6,188",,,,,
2015-03-16,"6,246",,,,,
2015-03-17,"6,221",,,,,
2015-03-18,"6,216",,,,,
2015-03-19,"6,247",,,,,
2015-03-20,"6,549",,,,,
2015-03-23,"6,581",,,,,
2015-03-24,"6,681",,,,,
2015-03-25,"6,608",,,,,
2015-03-26,"6,659",,,,,
2015-03-27,"6,628",,,,,
2015-03-30,"6,725",,,,,
2015-03-31,"6,758",,,,,
2015-04-01,"6,760",,,,,
2015-04-02,"6,812",,,,,
2015-04-07,"6,860",,,,,
2015-04-08,"6,794",,,,,
2015-04-09,"6,817",,,,,
2015-04-10,"6,799",,,,,
2015-04-13,"6,888",,,,,
2015-04-14,"6,718",,,,,
2015-04-15,"6,760",,,,,
2015-04-16,"6,633",,,,,
2015-04-17,"6,430",,,,,
2015-04-20,"6,455",,,,,
2015-04-21,"6,430",,,,,
2015-04-22,"6,430",,,,,
2015-04-23,"6,450",,,,,
2015-04-24,"6,532",,,,,
2015-04-27,"6,638",,,,,
2015-04-28,"6,717",,,,,
2015-04-29,"6,603",,,,,
2015-04-30,"6,625",,,,,
2015-05-04,"6,618",,,,,
2015-05-05,"6,393",,,,,
2015-05-06,"6,462",,,,,
2015-05-07,"6,476",,,,,
2015-05-08,"6,668",,,,,
2015-05-11,"6,659",,,,,
2015-05-12,"6,561",,,,,
2015-05-13,"6,537",,,,,
2015-05-14,"6,599",,,,,
2015-05-15,"6,514",,,,,
2015-05-18,"6,485",,,,,
2015-05-19,"6,590",,,,,
2015-05-20,"6,633",,,,,
2015-05-21,"6,651",,,,,
2015-05-22,"6,628",,,,,
2015-05-25,"6,486",,,,,
2015-05-26,"6,423",,,,,
2015-05-27,"6,537",,,,,
2015-05-28,"6,463",,,,,
2015-05-29,"6,366",,,,,
2015-06-01,"6,337",,,,,
2015-06-02,"6,427",,,,,
2015-06-03,"6,483",,,,,
2015-06-04,"6,452",,,,,
2015-06-05,"6,416",,,,,
2015-06-08,"6,323",,,,,
2015-06-09,"6,326",,,,,
2015-06-10,"6,342",,,,,
2015-06-11,"6,350",,,,,
2015-06-12,"6,258",,,,,
2015-06-15,"6,122",,,,,
2015-06-16,"6,117",,,,,
2015-06-17,"6,083",,,,,
2015-06-18,"6,135",,,,,
2015-06-19,"6,186",,,,,
2015-06-22,"6,553",,,,,
2015-06-23,"6,567",,,,,
2015-06-24,"6,496",,,,,
2015-06-25,"6,503",,,,,
2015-06-26,"6,546",,,,,
2015-06-29,"6,108",,,,,
2015-06-30,"6,049",,,,,
2015-07-01,"6,186",,,,,
2015-07-02,"6,145",,,,,
2015-07-03,"6,098",,,,,
2015-07-06,"5,926",,,,,
2015-07-07,"5,792",,,,,
2015-07-08,"5,824",,,,,
2015-07-09,"6,029",,,,,
2015-07-10,"6,255",,,,,
2015-07-13,"6,389",,,,,
2015-07-14,"6,352",,,,,
2015-07-15,"6,402",,,,,
2015-07-16,"6,532",,,,,
2015-07-17,"6,482",,,,,
2015-07-20,"6,528",,,,,
2015-07-21,"6,455",,,,,
2015-07-22,"6,485",,,,,
2015-07-23,"6,443",,,,,
2015-07-24,"6,326",,,,,
2015-07-27,"6,186",,,,,
2015-07-28,"6,247",,,,,
2015-07-29,"6,275",,,,,
2015-07-30,"6,061",,,,,
2015-07-31,"6,068",,,,,
2015-08-03,"6,057",,,,,
2015-08-04,"5,975",,,,,
2015-08-05,"6,059",,,,,
2015-08-06,"6,041",,,,,
2015-08-07,"5,991",,,,,
2015-08-10,"6,089",,,,,
2015-08-11,"5,979",,,,,
2015-08-12,"5,811",,,,,
2015-08-13,"5,794",,,,,
2015-08-14,"5,732",,,,,
2015-08-17,"5,741",,,,,
2015-08-18,"5,721",,,,,
2015-08-19,"5,665",,,,,
2015-08-20,"5,581",,,,,
2015-08-21,"5,405",,,,,
2015-08-24,"5,028",,,,,
2015-08-25,"5,244",,,,,
2015-08-26,"5,127",,,,,
2015-08-27,"5,324",,,,,
2015-08-28,"5,373",,,,,
2015-08-31,"5,272",,,,,
2015-09-01,"5,125",,,,,
2015-09-02,"5,110",,,,,
2015-09-03,"5,147",,,,,
2015-09-04,"5,000",,,,,
2015-09-07,"4,987",,,,,
2015-09-08,"4,996",,,,,
2015-09-09,"5,107",,,,,
2015-09-10,"4,938",,,,,
2015-09-11,"4,857",,,,,
2015-09-14,"4,835",,,,,
2015-09-15,"4,877",,,,,
2015-09-16,"4,975",,,,,
2015-09-17,"5,054",,,,,
2015-09-18,"4,877",,,,,
2015-09-21,"4,879",,,,,
2015-09-22,"4,672",,,,,
2015-09-23,"4,574",,,,,
2015-09-24,"4,421",,,,,
2015-09-25,"4,523",,,,,
2015-09-28,"4,439",,,,,
2015-09-29,"4,470",,,,,
2015-09-30,"4,549",,,,,
2015-10-01,"4,538",,,,,
2015-10-02,"4,571",,,,,
2015-10-05,"4,776",,,,,
2015-10-06,"4,911",,,,,
2015-10-07,"5,031",,,,,
2015-10-08,"5,001",,,,,
2015-10-09,"5,149",,,,,
2015-10-12,"5,066",,,,,
2015-10-13,"4,929",,,,,
2015-10-14,"4,838",,,,,
2015-10-15,"4,829",,,,,
2015-10-16,"4,977",,,,,
2015-10-19,"4,938",,,,,
2015-10-20,"4,862",,,,,
2015-10-21,"4,885",,,,,
2015-10-22,"5,043",,,,,
2015-10-23,"5,096",,,,,
2015-10-26,"5,051",,,,,
2015-10-27,"4,968",,,,,
2015-10-28,"5,031",,,,,
2015-10-29,"4,916",,,,,
2015-10-30,"4,931",,,,,
2015-11-02,"4,975",,,,,
2015-11-03,"5,023",,,,,
2015-11-04,"5,100",,,,,
2015-11-05,"5,034",,,,,
2015-11-06,"5,129",,,,,
2015-11-09,"5,021",,,,,
2015-11-10,"5,003",,,,,
2015-11-11,"5,047",,,,,
2015-11-12,"4,861",,,,,
2015-11-13,"4,832",,,,,
2015-11-16,"4,787",,,,,
2015-11-17,"4,942",,,,,
2015-11-18,"4,935",,,,,
2015-11-19,"5,033",,,,,
2015-11-20,"4,992",,,,,
2015-11-23,"5,003",,,,,
2015-11-24,"5,019",,,,,
2015-11-25,"4,919",,,,,
2015-11-26,"5,001",,,,,
2015-11-27,"4,947",,,,,
2015-11-30,"4,996",,,,,
2015-12-01,"4,999",,,,,
2015-12-02,"4,928",,,,,
2015-12-03,"4,778",,,,,
2015-12-04,"4,794",,,,,
2015-12-07,"4,708",,,,,
2015-12-08,"4,576",,,,,
2015-12-09,"4,577",,,,,
2015-12-10,"4,547",,,,,
2015-12-11,"4,454",,,,,
2015-12-14,"4,297",,,,,
2015-12-15,"4,479",,,,,
2015-12-16,"4,513",,,,,
2015-12-17,"4,628",,,,,
2015-12-18,"4,548",,,,,
2015-12-21,"4,327",,,,,
2015-12-22,"4,368",,,,,
2015-12-23,"4,493",,,,,
2015-12-24,"4,535",,,,,
2015-12-28,"4,429",,,,,
2015-12-29,"4,468",,,,,
2015-12-30,"4,458",,,,,
2015-12-31,"4,407",,,,,
2016-01-04,"4,270",,,,,
2016-01-05,"4,234",,,,,
2016-01-06,"4,097",,,,,
2016-01-07,"4,013",,,,,
2016-01-08,"3,905",,,,,
2016-01-11,"3,943",,,,,
2016-01-12,"3,994",,,,,
2016-01-13,"4,009",,,,,
2016-01-14,"3,973",,,,,
2016-01-15,"3,865",,,,,
2016-01-18,"3,817",,,,,
2016-01-19,"3,793",,,,,
2016-01-20,"3,610",,,,,
2016-01-21,"3,720",,,,,
2016-01-22,"3,885",,,,,
2016-01-25,"3,727",,,,,
2016-01-26,"3,857",,,,,
2016-01-27,"3,850",,,,,
2016-01-28,"3,712",,,,,
2016-01-29,"3,804",,,,,
2016-02-01,"3,679",,,,,
2016-02-02,"3,490",,,,,
2016-02-03,"3,348",,,,,
2016-02-04,"3,537",,,,,
2016-02-05,"3,624",,,,,
2016-02-08,"3,399",,,,,
2016-02-09,"3,268",,,,,
2016-02-10,"3,436",,,,,
2016-02-11,"3,200",,,,,
2016-02-12,"3,366",,,,,
2016-02-15,"3,489",,,,,
2016-02-16,"3,483",,,,,
2016-02-17,"3,632",,,,,
2016-02-18,"3,494",,,,,
2016-02-19,"3,383",,,,,
2016-02-22,"3,552",,,,,
2016-02-23,"3,491",,,,,
2016-02-24,"3,325",,,,,
2016-02-25,"3,408",,,,,
2016-02-26,"3,563",,,,,
2016-02-29,"3,628",,,,,
2016-03-01,"3,704",,,,,
2016-03-02,"3,913",,,,,
2016-03-03,"3,913",,,,,
2016-03-04,"3,985",,,,,
2016-03-07,"3,967",,,,,
2016-03-08,"4,005",,,,,
2016-03-09,"3,974",,,,,
2016-03-10,"4,017",,,,,
2016-03-11,"4,304",,,,,
2016-03-14,"4,364",,,,,
2016-03-15,"4,171",,,,,
2016-03-16,"4,072",,,,,
2016-03-17,"4,103",,,,,
2016-03-18,"4,140",,,,,
2016-03-21,"4,094",,,,,
2016-03-22,"4,032",,,,,
2016-03-23,"3,945",,,,,
2016-03-24,"3,857",,,,,
2016-03-29,"3,835",,,,,
2016-03-30,"3,844",,,,,
2016-03-31,"3,745",,,,,
2016-04-01,"3,669",,,,,
2016-04-04,"3,655",,,,,
2016-04-05,"3,529",,,,,
2016-04-06,"3,518",,,,,
2016-04-07,"3,457",,,,,
2016-04-08,"3,541",,,,,
2016-04-11,"3,607",,,,,
2016-04-12,"3,647",,,,,
2016-04-13,"3,923",,,,,
2016-04-14,"3,953",,,,,
2016-04-15,"3,922",,,,,
2016-04-18,"3,989",,,,,
2016-04-19,"4,030",,,,,
2016-04-20,"4,176",,,,,
2016-04-21,"4,293",,,,,
2016-04-22,"4,322",,,,,
2016-04-25,"4,234",,,,,
2016-04-26,"4,376",,,,,
2016-04-27,"4,444",,,,,
2016-04-28,"4,473",,,,,
2016-04-29,"4,274",,,,,
2016-05-02,"4,227",,,,,
2016-05-03,"4,022",,,,,
2016-05-04,"3,923",,,,,
2016-05-05,"3,906",,,,,
2016-05-06,"3,931",,,,,
2016-05-09,"3,829",,,,,
2016-05-10,"3,940",,,,,
2016-05-11,"3,905",,,,,
2016-05-12,"3,894",,,,,
2016-05-13,"3,926",,,,,
2016-05-16,"3,922",,,,,
2016-05-17,"3,932",,,,,
2016-05-18,"3,993",,,,,
2016-05-19,"3,951",,,,,
2016-05-20,"4,007",,,,,
2016-05-23,"3,937",,,,,
2016-05-24,"4,047",,,,,
2016-05-25,"4,293",,,,,
2016-05-26,"4,213",,,,,
2016-05-27,"4,254",,,,,
2016-05-30,"4,267",,,,,
2016-05-31,"4,148",,,,,
2016-06-01,"4,033",,,,,
2016-06-02,"4,064",,,,,
2016-06-03,"3,918",,,,,
2016-06-06,"3,947",,,,,
2016-06-07,"4,004",,,,,
2016-06-08,"3,949",,,,,
2016-06-09,"3,931",,,,,
2016-06-10,"3,733",,,,,
2016-06-13,"3,602",,,,,
2016-06-14,"3,505",,,,,
2016-06-15,"3,563",,,,,
2016-06-16,"3,538",,,,,
2016-06-17,"3,679",,,,,
2016-06-20,"3,825",,,,,
2016-06-21,"3,891",,,,,
2016-06-22,"3,915",,,,,
2016-06-23,"4,084",,,,,
2016-06-24,"3,272",,,,,
2016-06-27,"3,190",,,,,
2016-06-28,"3,246",,,,,
2016-06-29,"3,361",,,,,
2016-06-30,"3,315",,,,,
2016-07-01,"3,387",,,,,
2016-07-04,"3,371",,,,,
2016-07-05,"3,271",,,,,
2016-07-06,"3,210",,,,,
2016-07-07,"3,239",,,,,
2016-07-08,"3,406",,,,,
2016-07-11,"3,450",,,,,
2016-07-12,"3,675",,,,,
2016-07-13,"3,600",,,,,
2016-07-14,"3,697",,,,,
2016-07-15,"3,685",,,,,
2016-07-18,"3,679",,,,,
2016-07-19,"3,638",,,,,
2016-07-20,"3,684",,,,,
2016-07-21,"3,733",,,,,
2016-07-22,"3,749",,,,,
2016-07-25,"3,663",,,,,
2016-07-26,"3,629",,,,,
2016-07-27,"3,735",,,,,
2016-07-28,"3,587",,,,,
2016-07-29,"3,668",,,,,
2016-08-01,"3,583",,,,,
2016-08-02,"3,392",,,,,
2016-08-03,"3,379",,,,,
2016-08-04,"3,473",,,,,
2016-08-05,"3,581",,,,,
2016-08-08,"3,644",,,,,
2016-08-09,"3,683",,,,,
2016-08-10,"3,696",,,,,
2016-08-11,"3,723",,,,,
2016-08-12,"3,714",,,,,
2016-08-15,"3,716",,,,,
2016-08-16,"3,683",,,,,
2016-08-17,"3,590",,,,,
2016-08-18,"3,595",,,,,
2016-08-19,"3,519",,,,,
2016-08-22,"3,542",,,,,
2016-08-23,"3,643",,,,,
2016-08-24,"3,732",,,,,
2016-08-25,"3,722",,,,,
2016-08-26,"3,756",,,,,
2016-08-29,"3,741",,,,,
2016-08-30,"3,797",,,,,
2016-08-31,"3,886",,,,,
2016-09-01,"3,904",,,,,
2016-09-02,"3,965",,,,,
2016-09-05,"3,986",,,,,
2016-09-06,"3,934",,,,,
2016-09-07,"3,992",,,,,
2016-09-08,"4,082",,,,,
2016-09-09,"4,061",,,,,
2016-09-12,"3,955",,,,,
2016-09-13,"3,847",,,,,
2016-09-14,"3,796",,,,,
2016-09-15,"3,825",,,,,
2016-09-16,"3,750",,,,,
2016-09-19,"3,786",,,,,
2016-09-20,"3,748",,,,,
2016-09-21,"3,840",,,,,
2016-09-22,"3,927",,,,,
2016-09-23,"3,800",,,,,
2016-09-26,"3,722",,,,,
2016-09-27,"3,706",,,,,
2016-09-28,"3,754",,,,,
2016-09-29,"3,789",,,,,
2016-09-30,"3,789",,,,,
2016-10-03,"3,787",,,,,
2016-10-04,"3,794",,,,,
2016-10-05,"3,850",,,,,
2016-10-06,"3,889",,,,,
2016-10-07,"3,810",,,,,
2016-10-10,"3,823",,,,,
2016-10-11,"3,824",,,,,
2016-10-12,"3,839",,,,,
2016-10-13,"3,756",,,,,
2016-10-14,"3,888",,,,,
2016-10-17,"3,877",,,,,
2016-10-18,"3,968",,,,,
2016-10-19,"4,056",,,,,
2016-10-20,"4,155",,,,,
2016-10-21,"4,199",,,,,
2016-10-24,"4,356",,,,,
2016-10-25,"4,307",,,,,
2016-10-26,"4,324",,,,,
2016-10-27,"4,401",,,,,
2016-10-28,"4,382",,,,,
2016-10-31,"4,342",,,,,
2016-11-01,"4,258",,,,,
2016-11-02,"4,180",,,,,
2016-11-03,"4,224",,,,,
2016-11-04,"4,167",,,,,
2016-11-07,"4,241",,,,,
2016-11-08,"4,280",,,,,
2016-11-09,"4,289",,,,,
2016-11-10,"4,295",,,,,
2016-11-11,"4,122",,,,,
2016-11-14,"4,191",,,,,
2016-11-15,"4,237",,,,,
2016-11-16,"4,192",,,,,
2016-11-17,"4,215",,,,,
2016-11-18,"4,137",,,,,
2016-11-21,"4,141",,,,,
2016-11-22,"4,199",,,,,
2016-11-23,"4,202",,,,,
2016-11-24,"4,175",,,,,
2016-11-25,"4,149",,,,,
2016-11-28,"4,083",,,,,
2016-11-29,"4,133",,,,,
2016-11-30,"4,183",,,,,
2016-12-01,"4,211",,,,,
2016-12-02,"4,161",,,,,
2016-12-05,"4,219",,,,,
2016-12-06,"4,432",,,,,
2016-12-07,"4,542",,,,,
2016-12-08,"4,781",,,,,
2016-12-09,"4,727",,,,,
2016-12-12,"4,745",,,,,
2016-12-13,"4,803",,,,,
2016-12-14,"4,741",,,,,
2016-12-15,"4,847",,,,,
2016-12-16,"4,881",,,,,
2016-12-19,"4,768",,,,,
2016-12-20,"4,844",,,,,
2016-12-21,"4,823",,,,,
2016-12-22,"4,803",,,,,
2016-12-23,"4,823",,,,,
2016-12-27,"4,804",,,,,
2016-12-28,"4,779",,,,,
2016-12-29,"4,754",,,,,
2016-12-30,"4,819",,,,,
2017-01-02,"4,849","4,60","0,46","4,23","0,36","0,00"
2017-01-03,"4,966","4,60","0,46","4,23","0,36","0,00"
2017-01-04,"4,989","4,60","0,46","4,23","0,36","0,00"
2017-01-05,"5,003","4,60","0,46","4,23","0,36","0,00"
2017-01-06,"5,031","4,60","0,46","4,23","0,36","0,00"
2017-01-09,"4,975","4,60","0,46","4,23","0,36","0,00"
2017-01-10,"4,970","4,60","0,46","4,23","0,36","0,00"
2017-01-11,"4,927","4,60","0,46","4,23","0,36","0,00"
2017-01-12,"4,918","4,60","0,46","4,23","0,36","0,00"
2017-01-13,"5,003","4,60","0,46","4,23","0,36","0,00"
2017-01-16,"4,922","4,60","0,46","4,23","0,36","0,00"
2017-01-17,"4,899","4,60","0,46","4,23","0,36","0,00"
2017-01-18,"4,916","4,60","0,46","4,23","0,36","0,00"
2017-01-19,"4,943","4,60","0,46","4,23","0,36","0,00"
2017-01-20,"4,988","4,60","0,46","4,23","0,36","0,00"
2017-01-23,"4,907","4,60","0,46","4,23","0,36","0,00"
2017-01-24,"5,017","4,60","0,46","4,23","0,36","0,00"
2017-01-25,"5,219","4,60","0,46","4,23","0,36","0,00"
2017-01-26,"5,210","4,60","0,46","4,23","0,36","0,00"
2017-01-27,"5,205","4,60","0,46","4,23","0,36","0,00"
2017-01-30,"5,056","4,60","0,46","4,23","0,36","0,00"
2017-01-31,"5,003","4,60","0,46","4,23","0,36","0,00"
2017-02-01,"5,059","4,60","0,46","4,23","0,36","0,00"
2017-02-02,"5,139","4,60","0,46","4,23","0,36","0,00"
2017-02-03,"5,184","4,60","0,46","4,23","0,36","0,00"
2017-02-06,"5,074","4,60","0,46","4,23","0,36","0,00"
2017-02-07,"4,973","4,60","0,46","4,23","0,36","0,00"
2017-02-08,"4,904","4,60","0,46","4,23","0,36","0,00"
2017-02-09,"4,982","4,60","0,46","4,23","0,36","0,00"
2017-02-10,"4,898","4,60","0,46","4,23","0,36","0,00"
2017-02-13,"4,986","4,60","0,46","4,23","0,36","0,00"
2017-02-14,"5,025","4,60","0,46","4,23","0,36","0,00"
2017-02-15,"5,111","4,60","0,46","4,23","0,36","0,00"
2017-02-16,"5,060","4,60","0,46","4,23","0,36","0,00"
2017-02-17,"4,995","4,60","0,46","4,23","0,36","0,00"
2017-02-20,"5,017","4,60","0,46","4,23","0,36","0,00"
2017-02-21,"5,053","4,60","0,46","4,23","0,36","0,00"
2017-02-22,"4,958","4,60","0,46","4,23","0,36","0,00"
2017-02-23,"4,971","4,60","0,46","4,23","0,36","0,00"
2017-02-24,"4,906","4,60","0,46","4,23","0,36","0,00"
2017-02-27,"4,914","4,60","0,46","4,23","0,36","0,00"
2017-02-28,"5,008","4,60","0,46","4,23","0,36","0,00"
2017-03-01,"5,168","4,60","0,46","4,23","0,36","0,00"
2017-03-02,"5,081","4,60","0,46","4,23","0,36","0,00"
2017-03-03,"5,165","4,60","0,46","4,23","0,36","0,00"
2017-03-06,"5,134","4,60","0,46","4,23","0,36","0,00"
2017-03-07,"5,137","4,60","0,46","4,23","0,36","0,00"
2017-03-08,"5,191","4,60","0,46","4,23","0,36","0,00"
2017-03-09,"5,318","4,60","0,46","4,23","0,36","0,00"
2017-03-10,"5,335","4,60","0,46","4,23","0,36","0,00"
2017-03-13,"5,306","4,60","0,46","4,23","0,36","0,00"
2017-03-14,"5,208","4,60","0,46","4,23","0,36","0,00"
2017-03-15,"5,279","4,60","0,46","4,23","0,36","0,00"
2017-03-16,"5,475","4,60","0,46","4,23","0,36","0,00"
2017-03-17,"5,490","4,60","0,46","4,23","0,36","0,00"
2017-03-20,"5,476","4,60","0,46","4,23","0,36","0,00"
2017-03-21,"5,497","4,60","0,46","4,23","0,36","0,00"
2017-03-22,"5,520","4,60","0,46","4,23","0,36","0,00"
2017-03-23,"5,562","4,60","0,46","4,23","0,36","0,00"
2017-03-24,"5,553","4,60","0,46","4,23","0,36","0,00"
2017-03-27,"5,505","4,60","0,46","4,23","0,36","0,00"
2017-03-28,"5,597","4,60","0,46","4,23","0,36","0,00"
2017-03-29,"5,560","4,60","0,46","4,23","0,36","0,00"
2017-03-30,"5,582","4,60","0,46","4,23","0,36","0,00"
2017-03-31,"5,582","4,60","0,46","4,23","0,36","0,00"
2017-04-03,"5,485","4,60","0,46","4,23","0,36","0,00"
2017-04-04,"5,503","4,60","0,46","4,23","0,36","0,00"
2017-04-05,"5,539","4,60","0,46","4,23","0,36","0,00"
2017-04-06,"5,597","4,60","0,46","4,23","0,36","0,00"
2017-04-07,"5,612","4,60","0,46","4,23","0,36","0,00"
2017-04-10,"5,517","4,60","0,46","4,23","0,36","0,00"
2017-04-11,"5,475","4,60","0,46","4,23","0,36","0,00"
2017-04-12,"5,405","4,60","0,46","4,23","0,36","0,00"
2017-04-13,"5,332","4,60","0,46","4,23","0,36","0,00"
2017-04-18,"5,320","4,60","0,46","4,23","0,36","0,00"
2017-04-19,"5,478","4,60","0,46","4,23","0,36","0,00"
2017-04-20,"5,500","4,60","0,46","4,23","0,36","0,00"
2017-04-21,"5,509","4,60","0,46","4,23","0,36","0,00"
2017-04-24,"5,830","4,60","0,46","4,23","0,36","0,00"
2017-04-25,"5,869","4,60","0,46","4,23","0,36","0,00"
2017-04-26,"5,879","4,60","0,46","4,23","0,36","0,00"
2017-04-27,"5,774","4,60","0,46","4,23","0,36","0,00"
2017-04-28,"5,817","4,60","0,46","4,23","0,36","0,00"
2017-05-02,"5,885","4,60","0,46","4,23","0,36","0,00"
2017-05-03,"5,901","4,60","0,46","4,23","0,36","0,00"
2017-05-04,"5,993","4,60","0,46","4,23","0,36","0,00"
2017-05-05,"6,119","4,60","0,46","4,23","0,36","0,00"
2017-05-08,"6,088","4,60","0,46","4,23","0,36","0,00"
2017-05-09,"5,984","4,60","0,46","4,23","0,36","0,00"
2017-05-10,"5,959","4,60","0,46","4,23","0,36","0,00"
2017-05-11,"5,888","4,60","0,46","4,23","0,36","0,00"
2017-05-12,"5,857","4,60","0,46","4,23","0,36","0,00"
2017-05-15,"5,970","4,60","0,46","4,23","0,36","0,00"
2017-05-16,"5,961","4,60","0,46","4,23","0,36","0,00"
2017-05-17,"5,789","4,60","0,46","4,23","0,36","0,00"
2017-05-18,"5,575","4,60","0,46","4,23","0,36","0,00"
2017-05-19,"5,668","4,60","0,46","4,23","0,36","0,00"
2017-05-22,"5,546","4,60","0,46","4,23","0,36","0,00"
2017-05-23,"5,674","4,60","0,46","4,23","0,36","0,00"
2017-05-24,"5,709","4,60","0,46","4,23","0,36","0,00"
2017-05-25,"5,718","4,60","0,46","4,23","0,36","0,00"
2017-05-26,"5,701","4,60","0,46","4,23","0,36","0,00"
2017-05-29,"5,698","4,60","0,46","4,23","0,36","0,00"
2017-05-30,"5,637","4,60","0,46","4,23","0,36","0,00"
2017-05-31,"5,617","4,60","0,46","4,23","0,36","0,00"
2017-06-01,"5,626","4,60","0,46","4,23","0,36","0,00"
2017-06-02,"5,655","4,60","0,46","4,23","0,36","0,00"
2017-06-05,"5,646","4,60","0,46","4,23","0,36","0,00"
2017-06-06,"5,636","4,60","0,46","4,23","0,36","0,00"
2017-06-07,"5,586","4,60","0,46","4,23","0,36","0,00"
2017-06-08,"5,879","4,60","0,46","4,23","0,36","0,00"
2017-06-09,"5,947","4,60","0,46","4,23","0,36","0,00"
2017-06-12,"5,893","4,60","0,46","4,23","0,36","0,00"
2017-06-13,"5,887","4,60","0,46","4,23","0,36","0,00"
2017-06-14,"5,762","4,60","0,46","4,23","0,36","0,00"
2017-06-15,"5,720","4,60","0,46","4,23","0,36","0,00"
2017-06-16,"5,688","4,60","0,46","4,23","0,36","0,00"
2017-06-19,"5,758","4,60","0,46","4,23","0,36","0,00"
2017-06-20,"5,691","4,60","0,46","4,23","0,36","0,00"
2017-06-21,"5,684","4,60","0,46","4,23","0,36","0,00"
2017-06-22,"5,690","4,60","0,46","4,23","0,36","0,00"
2017-06-23,"5,631","4,60","0,46","4,23","0,36","0,00"
2017-06-26,"5,679","4,60","0,46","4,23","0,36","0,00"
2017-06-27,"5,718","4,60","0,46","4,23","0,36","0,00"
2017-06-28,"5,829","4,60","0,46","4,23","0,36","0,00"
2017-06-29,"5,742","4,60","0,46","4,23","0,36","0,00"
2017-06-30,"5,628","4,60","0,46","4,23","0,36","0,00"
2017-07-03,"5,832","4,60","0,46","4,23","0,36","0,00"
2017-07-04,"5,786","4,60","0,46","4,23","0,36","0,00"
2017-07-05,"5,753","4,60","0,46","4,23","0,36","0,00"
2017-07-06,"5,805","4,60","0,46","4,23","0,36","0,00"
2017-07-07,"5,739","4,60","0,46","4,23","0,36","0,00"
2017-07-10,"5,739","4,60","0,46","4,23","0,36","0,00"
2017-07-11,"5,693","4,60","0,46","4,23","0,36","0,00"
2017-07-12,"5,716","4,60","0,46","4,23","0,36","0,00"
2017-07-13,"5,779","4,60","0,46","4,23","0,36","0,00"
2017-07-14,"5,725","4,60","0,46","4,23","0,36","0,00"
2017-07-17,"5,666","4,60","0,46","4,23","0,36","0,00"
2017-07-18,"5,615","4,60","0,46","4,23","0,36","0,00"
2017-07-19,"5,587","4,60","0,46","4,23","0,36","0,00"
2017-07-20,"5,651","4,60","0,46","4,23","0,36","0,00"
2017-07-21,"5,569","4,60","0,46","4,23","0,36","0,00"
2017-07-24,"5,635","4,60","0,46","4,23","0,36","0,00"
2017-07-25,"5,739","4,60","0,46","4,23","0,36","0,00"
2017-07-26,"5,736","4,60","0,46","4,23","0,36","0,00"
2017-07-27,"5,738","4,60","0,46","4,23","0,36","0,00"
2017-07-28,"5,730","4,60","0,46","4,23","0,36","0,00"
2017-07-31,"5,704","4,60","0,46","4,23","0,36","0,00"
2017-08-01,"5,754","4,60","0,46","4,23","0,36","0,00"
2017-08-02,"5,646","4,60","0,46","4,23","0,36","0,00"
2017-08-03,"5,689","4,60","0,46","4,23","0,36","0,00"
2017-08-04,"5,745","4,60","0,46","4,23","0,36","0,00"
2017-08-07,"5,762","4,60","0,46","4,23","0,36","0,00"
2017-08-08,"5,782","4,60","0,46","4,23","0,36","0,00"
2017-08-09,"5,663","4,60","0,46","4,23","0,36","0,00"
2017-08-10,"5,532","4,60","0,46","4,23","0,36","0,00"
2017-08-11,"5,405","4,60","0,46","4,23","0,36","0,00"
2017-08-14,"5,526","4,60","0,46","4,23","0,36","0,00"
2017-08-15,"5,541","4,60","0,46","4,23","0,36","0,00"
2017-08-16,"5,574","4,60","0,46","4,23","0,36","0,00"
2017-08-17,"5,435","4,60","0,46","4,23","0,36","0,00"
2017-08-18,"5,424","4,60","0,46","4,23","0,36","0,00"
2017-08-21,"5,372","4,60","0,46","4,23","0,36","0,00"
2017-08-22,"5,415","4,60","0,46","4,23","0,36","0,00"
2017-08-23,"5,367","4,60","0,46","4,23","0,36","0,00"
2017-08-24,"5,404","4,60","0,46","4,23","0,36","0,00"
2017-08-25,"5,404","4,60","0,46","4,23","0,36","0,00"
2017-08-28,"5,380","4,60","0,46","4,23","0,36","0,00"
2017-08-29,"5,305","4,60","0,46","4,23","0,36","0,00"
2017-08-30,"5,342","4,60","0,46","4,23","0,36","0,00"
2017-08-31,"5,393","4,60","0,46","4,23","0,36","0,00"
2017-09-01,"5,411","4,60","0,46","4,23","0,36","0,00"
2017-09-04,"5,374","4,60","0,46","4,23","0,36","0,00"
2017-09-05,"5,284","4,60","0,46","4,23","0,36","0,00"
2017-09-06,"5,239","4,60","0,46","4,23","0,36","0,00"
2017-09-07,"5,216","4,60","0,46","4,23","0,36","0,00"
2017-09-08,"5,279","4,60","0,46","4,23","0,36","0,00"
2017-09-11,"5,456","4,60","0,46","4,23","0,36","0,00"
2017-09-12,"5,505","4,60","0,46","4,23","0,36","0,00"
2017-09-13,"5,527","4,60","0,46","4,23","0,36","0,00"
2017-09-14,"5,590","4,60","0,46","4,23","0,36","0,00"
2017-09-15,"5,520","4,60","0,46","4,23","0,36","0,00"
2017-09-18,"5,558","4,60","0,46","4,23","0,36","0,00"
2017-09-19,"5,607","4,60","0,46","4,23","0,36","0,00"
2017-09-20,"5,558","4,60","0,46","4,23","0,36","0,00"
2017-09-21,"5,624","4,60","0,46","4,23","0,36","0,00"
2017-09-22,"5,670","4,60","0,46","4,23","0,36","0,00"
2017-09-25,"5,606","4,60","0,46","4,23","0,36","0,00"
2017-09-26,"5,598","4,60","0,46","4,23","0,36","0,00"
2017-09-27,"5,789","4,60","0,46","4,23","0,36","0,00"
2017-09-28,"5,819","4,60","0,46","4,23","0,36","0,00"
2017-09-29,"5,836","4,60","0,46","4,23","0,36","0,00"
2017-10-02,"5,742","4,60","0,46","4,23","0,36","0,00"
2017-10-03,"5,755","4,60","0,46","4,23","0,36","0,00"
2017-10-04,"5,534","4,60","0,46","4,23","0,36","0,00"
2017-10-05,"5,696","4,60","0,46","4,23","0,36","0,00"
2017-10-06,"5,704","4,60","0,46","4,23","0,36","0,00"
2017-10-09,"5,709","4,60","0,46","4,23","0,36","0,00"
2017-10-10,"5,542","4,60","0,46","4,23","0,36","0,00"
2017-10-11,"5,578","4,60","0,46","4,23","0,36","0,00"
2017-10-12,"5,562","4,60","0,46","4,23","0,36","0,00"
2017-10-13,"5,497","4,60","0,46","4,23","0,36","0,00"
2017-10-16,"5,498","4,60","0,46","4,23","0,36","0,00"
2017-10-17,"5,562","4,60","0,46","4,23","0,36","0,00"
2017-10-18,"5,604","4,60","0,46","4,23","0,36","0,00"
2017-10-19,"5,537","4,60","0,46","4,23","0,36","0,00"
2017-10-20,"5,565","4,60","0,46","4,23","0,36","0,00"
2017-10-23,"5,506","4,60","0,46","4,23","0,36","0,00"
2017-10-24,"5,590","4,60","0,46","4,23","0,36","0,00"
2017-10-25,"5,597","4,60","0,46","4,23","0,36","0,00"
2017-10-26,"5,777","4,60","0,46","4,23","0,36","0,00"
2017-10-27,"5,663","4,60","0,46","4,23","0,36","0,00"
2017-10-30,"5,790","4,60","0,46","4,23","0,36","0,00"
2017-10-31,"5,787","4,60","0,46","4,23","0,36","0,00"
2017-11-01,"5,795","4,60","0,46","4,23","0,36","0,00"
2017-11-02,"5,784","4,60","0,46","4,23","0,36","0,00"
2017-11-03,"5,676","4,60","0,46","4,23","0,36","0,00"
2017-11-06,"5,606","4,60","0,46","4,23","0,36","0,00"
2017-11-07,"5,585","4,60","0,46","4,23","0,36","0,00"
2017-11-08,"5,565","4,60","0,46","4,23","0,36","0,00"
2017-11-09,"5,524","4,60","0,46","4,23","0,36","0,00"
2017-11-10,"5,529","4,60","0,46","4,23","0,36","0,00"
2017-11-13,"5,501","4,60","0,46","4,23","0,36","0,00"
2017-11-14,"5,425","4,60","0,46","4,23","0,36","0,00"
2017-11-15,"5,493","4,60","0,46","4,23","0,36","0,00"
2017-11-16,"5,499","4,60","0,46","4,23","0,36","0,00"
2017-11-17,"5,447","4,60","0,46","4,23","0,36","0,00"
2017-11-20,"5,464","4,60","0,46","4,23","0,36","0,00"
2017-11-21,"5,433","4,60","0,46","4,23","0,36","0,00"
2017-11-22,"5,463","4,60","0,46","4,23","0,36","0,00"
2017-11-23,"5,478","4,60","0,46","4,23","0,36","0,00"
2017-11-24,"5,523","4,60","0,46","4,23","0,36","0,00"
2017-11-27,"5,538","4,60","0,46","4,23","0,36","0,00"
2017-11-28,"5,566","4,60","0,46","4,23","0,36","0,00"
2017-11-29,"5,669","4,60","0,46","4,23","0,36","0,00"
2017-11-30,"5,608","4,60","0,46","4,23","0,36","0,00"
2017-12-01,"5,469","4,60","0,46","4,23","0,36","0,00"
2017-12-04,"5,543","4,60","0,46","4,23","0,36","0,00"
2017-12-05,"5,524","4,60","0,46","4,23","0,36","0,00"
2017-12-06,"5,467","4,60","0,46","4,23","0,36","0,00"
2017-12-07,"5,497","4,60","0,46","4,23","0,36","0,00"
2017-12-08,"5,595","4,60","0,46","4,23","0,36","0,00"
2017-12-11,"5,601","4,60","0,46","4,23","0,36","0,00"
2017-12-12,"5,647","4,60","0,46","4,23","0,36","0,00"
2017-12-13,"5,620","4,60","0,46","4,23","0,36","0,00"
2017-12-14,"5,581","4,60","0,46","4,23","0,36","0,00"
2017-12-15,"5,589","4,60","0,46","4,23","0,36","0,00"
2017-12-18,"5,636","4,60","0,46","4,23","0,36","0,00"
2017-12-19,"5,638","4,60","0,46","4,23","0,36","0,00"
2017-12-20,"5,596","4,60","0,46","4,23","0,36","0,00"
2017-12-21,"5,682","4,60","0,46","4,23","0,36","0,00"
2017-12-22,"5,559","4,60","0,46","4,23","0,36","0,00"
2017-12-27,"5,526","4,60","0,46","4,23","0,36","0,00"
2017-12-28,"5,477","4,60","0,46","4,23","0,36","0,00"
2017-12-29,"5,445","4,60","0,46","4,23","0,36","0,00"
2018-01-02,"5,420","4,56","0,46","5,89","0,36","0,00"
2018-01-03,"5,421","4,56","0,46","5,89","0,36","0,00"
2018-01-04,"5,603","4,56","0,46","5,89","0,36","0,00"
2018-01-05,"5,640","4,56","0,46","5,89","0,36","0,00"
2018-01-08,"5,657","4,56","0,46","5,89","0,36","0,00"
2018-01-09,"5,667","4,56","0,46","5,89","0,36","0,00"
2018-01-10,"5,804","4,56","0,46","5,89","0,36","0,00"
2018-01-11,"5,875","4,56","0,46","5,89","0,36","0,00"
2018-01-12,"5,881","4,56","0,46","5,89","0,36","0,00"
2018-01-15,"5,864","4,56","0,46","5,89","0,36","0,00"
2018-01-16,"5,903","4,56","0,46","5,89","0,36","0,00"
2018-01-17,"5,857","4,56","0,46","5,89","0,36","0,00"
2018-01-18,"5,865","4,56","0,46","5,89","0,36","0,00"
2018-01-19,"5,893","4,56","0,46","5,89","0,36","0,00"
2018-01-22,"5,997","4,56","0,46","5,89","0,36","0,00"
2018-01-23,"5,973","4,56","0,46","5,89","0,36","0,00"
2018-01-24,"5,945","4,56","0,46","5,89","0,36","0,00"
2018-01-25,"6,038","4,56","0,46","5,89","0,36","0,00"
2018-01-26,"6,019","4,56","0,46","5,89","0,36","0,00"
2018-01-29,"6,010","4,56","0,46","5,89","0,36","0,00"
2018-01-30,"5,894","4,56","0,46","5,89","0,36","0,00"
2018-01-31,"5,946","4,56","0,46","5,89","0,36","0,00"
2018-02-01,"5,904","4,56","0,46","5,89","0,36","0,00"
2018-02-02,"5,818","4,56","0,46","5,89","0,36","0,00"
2018-02-05,"5,743","4,56","0,46","5,89","0,36","0,00"
2018-02-06,"5,575","4,56","0,46","5,89","0,36","0,00"
2018-02-07,"5,696","4,56","0,46","5,89","0,36","0,00"
2018-02-08,"5,545","4,56","0,46","5,89","0,36","0,00"
2018-02-09,"5,449","4,56","0,46","5,89","0,36","0,00"
2018-02-12,"5,546","4,56","0,46","5,89","0,36","0,00"
2018-02-13,"5,442","4,56","0,46","5,89","0,36","0,00"
2018-02-14,"5,460","4,56","0,46","5,89","0,36","0,00"
2018-02-15,"5,484","4,56","0,46","5,89","0,36","0,00"
2018-02-16,"5,580","4,56","0,46","5,89","0,36","0,00"
2018-02-19,"5,552","4,56","0,46","5,89","0,36","0,00"
2018-02-20,"5,644","4,56","0,46","5,89","0,36","0,00"
2018-02-21,"5,622","4,56","0,46","5,89","0,36","0,00"
2018-02-22,"5,629","4,56","0,46","5,89","0,36","0,00"
2018-02-23,"5,618","4,56","0,46","5,89","0,36","0,00"
2018-02-26,"5,656","4,56","0,46","5,89","0,36","0,00"
2018-02-27,"5,695","4,56","0,46","5,89","0,36","0,00"
2018-02-28,"5,632","4,56","0,46","5,89","0,36","0,00"
2018-03-01,"5,571","4,56","0,46","5,89","0,36","0,00"
2018-03-02,"5,450","4,56","0,46","5,89","0,36","0,00"
2018-03-05,"5,471","4,56","0,46","5,89","0,36","0,00"
2018-03-06,"5,420","4,56","0,46","5,89","0,36","0,00"
2018-03-07,"5,425","4,56","0,46","5,89","0,36","0,00"
2018-03-08,"5,436","4,56","0,46","5,89","0,36","0,00"
2018-03-09,"5,425","4,56","0,46","5,89","0,36","0,00"
2018-03-12,"5,449","4,56","0,46","5,89","0,36","0,00"
2018-03-13,"5,419","4,56","0,46","5,89","0,36","0,00"
2018-03-14,"5,318","4,56","0,46","5,89","0,36","0,00"
2018-03-15,"5,302","4,56","0,46","5,89","0,36","0,00"
2018-03-16,"5,406","4,56","0,46","5,89","0,36","0,00"
2018-03-19,"5,326","4,56","0,46","5,89","0,36","0,00"
2018-03-20,"5,332","4,56","0,46","5,89","0,36","0,00"
2018-03-21,"5,288","4,56","0,46","5,89","0,36","0,00"
2018-03-22,"5,178","4,56","0,46","5,89","0,36","0,00"
2018-03-23,"5,148","4,56","0,46","5,89","0,36","0,00"
2018-03-26,"5,191","4,56","0,46","5,89","0,36","0,00"
2018-03-27,"5,229","4,56","0,46","5,89","0,36","0,00"
2018-03-28,"5,214","4,56","0,46","5,89","0,36","0,00"
2018-03-29,"5,262","4,56","0,46","5,89","0,36","0,00"
2018-04-03,"5,198","4,56","0,46","5,89","0,36","0,00"
2018-04-04,"5,171","4,56","0,46","5,89","0,36","0,00"
2018-04-05,"5,364","4,56","0,46","5,89","0,36","0,00"
2018-04-06,"5,304","4,56","0,46","5,89","0,36","0,00"
2018-04-09,"5,327","4,56","0,46","5,89","0,36","0,00"
2018-04-10,"5,316","4,56","0,46","5,89","0,36","0,00"
2018-04-11,"5,290","4,56","0,46","5,89","0,36","0,00"
2018-04-12,"5,310","4,56","0,46","5,89","0,36","0,00"
2018-04-13,"5,336","4,56","0,46","5,89","0,36","0,00"
2018-04-16,"5,353","4,56","0,46","5,89","0,36","0,00"
2018-04-17,"5,372","4,56","0,46","5,89","0,36","0,00"
2018-04-18,"5,433","4,56","0,46","5,89","0,36","0,00"
2018-04-19,"5,471","4,56","0,46","5,89","0,36","0,00"
2018-04-20,"5,474","4,56","0,46","5,89","0,36","0,00"
2018-04-23,"5,540","4,56","0,46","5,89","0,36","0,00"
2018-04-24,"5,360","4,56","0,46","5,89","0,36","0,00"
2018-04-25,"5,343","4,56","0,46","5,89","0,36","0,00"
2018-04-26,"5,323","4,56","0,46","5,89","0,36","0,00"
2018-04-27,"5,283","4,56","0,46","5,89","0,36","0,00"
2018-04-30,"5,340","4,56","0,46","5,89","0,36","0,00"
2018-05-02,"5,365","4,56","0,46","5,89","0,36","0,00"
2018-05-03,"5,303","4,56","0,46","5,89","0,36","0,00"
2018-05-04,"5,343","4,56","0,46","5,89","0,36","0,00"
2018-05-07,"5,347","4,56","0,46","5,89","0,36","0,00"
2018-05-08,"5,351","4,56","0,46","5,89","0,36","0,00"
2018-05-09,"5,401","4,56","0,46","5,89","0,36","0,00"
2018-05-10,"5,452","4,56","0,46","5,89","0,36","0,00"
2018-05-11,"5,484","4,56","0,46","5,89","0,36","0,00"
2018-05-14,"5,472","4,56","0,46","5,89","0,36","0,00"
2018-05-15,"5,433","4,56","0,46","5,89","0,36","0,00"
2018-05-16,"5,296","4,56","0,46","5,89","0,36","0,00"
2018-05-17,"5,319","4,56","0,46","5,89","0,36","0,00"
2018-05-18,"5,174","4,56","0,46","5,89","0,36","0,00"
2018-05-21,"5,137","4,56","0,46","5,89","0,36","0,00"
2018-05-22,"5,226","4,56","0,46","5,89","0,36","0,00"
2018-05-23,"5,128","4,56","0,46","5,89","0,36","0,00"
2018-05-24,"5,094","4,56","0,46","5,89","0,36","0,00"
2018-05-25,"4,959","4,56","0,46","5,89","0,36","0,00"
2018-05-28,"4,858","4,56","0,46","5,89","0,36","0,00"
2018-05-29,"4,594","4,56","0,46","5,89","0,36","0,00"
2018-05-30,"4,645","4,56","0,46","5,89","0,36","0,00"
2018-05-31,"4,572","4,56","0,46","5,89","0,36","0,00"
2018-06-01,"4,723","4,56","0,46","5,89","0,36","0,00"
2018-06-04,"4,745","4,56","0,46","5,89","0,36","0,00"
2018-06-05,"4,665","4,56","0,46","5,89","0,36","0,00"
2018-06-06,"4,748","4,56","0,46","5,89","0,36","0,00"
2018-06-07,"4,737","4,56","0,46","5,89","0,36","0,00"
2018-06-08,"4,668","4,56","0,46","5,89","0,36","0,00"
2018-06-11,"4,799","4,56","0,46","5,89","0,36","0,00"
2018-06-12,"4,787","4,56","0,46","5,89","0,36","0,00"
2018-06-13,"4,741","4,56","0,46","5,89","0,36","0,00"
2018-06-14,"4,757","4,56","0,46","5,89","0,36","0,00"
2018-06-15,"4,652","4,56","0,46","5,89","0,36","0,00"
2018-06-18,"4,623","4,56","0,46","5,89","0,36","0,00"
2018-06-19,"4,631","4,56","0,46","5,89","0,36","0,00"
2018-06-20,"4,697","4,56","0,46","5,89","0,36","0,00"
2018-06-21,"4,650","4,56","0,46","5,89","0,36","0,00"
2018-06-22,"4,705","4,56","0,46","5,89","0,36","0,00"
2018-06-25,"4,564","4,56","0,46","5,89","0,36","0,00"
2018-06-26,"4,581","4,56","0,46","5,89","0,36","0,00"
2018-06-27,"4,554","4,56","0,46","5,89","0,36","0,00"
2018-06-28,"4,546","4,56","0,46","5,89","0,36","0,00"
2018-06-29,"4,564","4,56","0,46","5,89","0,36","0,00"
2018-07-02,"4,534","4,56","0,46","5,89","0,36","0,00"
2018-07-03,"4,584","4,56","0,46","5,89","0,36","0,00"
2018-07-04,"4,615","4,56","0,46","5,89","0,36","0,00"
2018-07-05,"4,692","4,56","0,46","5,89","0,36","0,00"
2018-07-06,"4,728","4,56","0,46","5,89","0,36","0,00"
2018-07-09,"4,770","4,56","0,46","5,89","0,36","0,00"
2018-07-10,"4,721","4,56","0,46","5,89","0,36","0,00"
2018-07-11,"4,613","4,56","0,46","5,89","0,36","0,00"
2018-07-12,"4,632","4,56","0,46","5,89","0,36","0,00"
2018-07-13,"4,591","4,56","0,46","5,89","0,36","0,00"
2018-07-16,"4,602","4,56","0,46","5,89","0,36","0,00"
2018-07-17,"4,581","4,56","0,46","5,89","0,36","0,00"
2018-07-18,"4,618","4,56","0,46","5,89","0,36","0,00"
2018-07-19,"4,623","4,56","0,46","5,89","0,36","0,00"
2018-07-20,"4,617","4,56","0,46","5,89","0,36","0,00"
2018-07-23,"4,636","4,56","0,46","5,89","0,36","0,00"
2018-07-24,"4,715","4,56","0,46","5,89","0,36","0,00"
2018-07-25,"4,688","4,56","0,46","5,89","0,36","0,00"
2018-07-26,"4,734","4,56","0,46","5,89","0,36","0,00"
2018-07-27,"4,788","4,56","0,46","5,89","0,36","0,00"
2018-07-30,"4,736","4,56","0,46","5,89","0,36","0,00"
2018-07-31,"4,790","4,56","0,46","5,89","0,36","0,00"
2018-08-01,"4,724","4,56","0,46","5,89","0,36","0,00"
2018-08-02,"4,651","4,56","0,46","5,89","0,36","0,00"
2018-08-03,"4,662","4,56","0,46","5,89","0,36","0,00"
2018-08-06,"4,651","4,56","0,46","5,89","0,36","0,00"
2018-08-07,"4,699","4,56","0,46","5,89","0,36","0,00"
2018-08-08,"4,665","4,56","0,46","5,89","0,36","0,00"
2018-08-09,"4,639","4,56","0,46","5,89","0,36","0,00"
2018-08-10,"4,512","4,56","0,46","5,89","0,36","0,00"
2018-08-13,"4,403","4,56","0,46","5,89","0,36","0,00"
2018-08-14,"4,391","4,56","0,46","5,89","0,36","0,00"
2018-08-15,"4,309","4,56","0,46","5,89","0,36","0,00"
2018-08-16,"4,343","4,56","0,46","5,89","0,36","0,00"
2018-08-17,"4,313","4,56","0,46","5,89","0,36","0,00"
2018-08-20,"4,323","4,56","0,46","5,89","0,36","0,00"
2018-08-21,"4,373","4,56","0,46","5,89","0,36","0,00"
2018-08-22,"4,326","4,56","0,46","5,89","0,36","0,00"
2018-08-23,"4,330","4,56","0,46","5,89","0,36","0,00"
2018-08-24,"4,323","4,56","0,46","5,89","0,36","0,00"
2018-08-27,"4,358","4,56","0,46","5,89","0,36","0,00"
2018-08-28,"4,335","4,56","0,46","5,89","0,36","0,00"
2018-08-29,"4,338","4,56","0,46","5,89","0,36","0,00"
2018-08-30,"4,255","4,56","0,46","5,89","0,36","0,00"
2018-08-31,"4,261","4,56","0,46","5,89","0,36","0,00"
2018-09-03,"4,240","4,56","0,46","5,89","0,36","0,00"
2018-09-04,"4,260","4,56","0,46","5,89","0,36","0,00"
2018-09-05,"4,247","4,56","0,46","5,89","0,36","0,00"
2018-09-06,"4,202","4,56","0,46","5,89","0,36","0,00"
2018-09-07,"4,152","4,56","0,46","5,89","0,36","0,00"
2018-09-10,"4,228","4,56","0,46","5,89","0,36","0,00"
2018-09-11,"4,215","4,56","0,46","5,89","0,36","0,00"
2018-09-12,"4,211","4,56","0,46","5,89","0,36","0,00"
2018-09-13,"4,241","4,56","0,46","5,89","0,36","0,00"
2018-09-14,"4,256","4,56","0,46","5,89","0,36","0,00"
2018-09-17,"4,304","4,56","0,46","5,89","0,36","0,00"
2018-09-18,"4,359","4,56","0,46","5,89","0,36","0,00"
2018-09-19,"4,448","4,56","0,46","5,89","0,36","0,00"
2018-09-20,"4,525","4,56","0,46","5,89","0,36","0,00"
2018-09-21,"4,544","4,56","0,46","5,89","0,36","0,00"
2018-09-24,"4,451","4,56","0,46","5,89","0,36","0,00"
2018-09-25,"4,448","4,56","0,46","5,89","0,36","0,00"
2018-09-26,"4,457","4,56","0,46","5,89","0,36","0,00"
2018-09-27,"4,453","4,56","0,46","5,89","0,36","0,00"
2018-09-28,"4,309","4,56","0,46","5,89","0,36","0,00"
2018-10-01,"4,265","4,56","0,46","5,89","0,36","0,00"
2018-10-02,"4,233","4,56","0,46","5,89","0,36","0,00"
2018-10-03,"4,310","4,56","0,46","5,89","0,36","0,00"
2018-10-04,"4,324","4,56","0,46","5,89","0,36","0,00"
2018-10-05,"4,289","4,56","0,46","5,89","0,36","0,00"
2018-10-08,"4,306","4,56","0,46","5,89","0,36","0,00"
2018-10-09,"4,348","4,56","0,46","5,89","0,36","0,00"
2018-10-10,"4,336","4,56","0,46","5,89","0,36","0,00"
2018-10-11,"4,234","4,56","0,46","5,89","0,36","0,00"
2018-10-12,"4,196","4,56","0,46","5,89","0,36","0,00"
2018-10-15,"4,204","4,56","0,46","5,89","0,36","0,00"
2018-10-16,"4,273","4,56","0,46","5,89","0,36","0,00"
2018-10-17,"4,234","4,56","0,46","5,89","0,36","0,00"
2018-10-18,"4,138","4,56","0,46","5,89","0,36","0,00"
2018-10-19,"4,125","4,56","0,46","5,89","0,36","0,00"
2018-10-22,"4,101","4,56","0,46","5,89","0,36","0,00"
2018-10-23,"4,038","4,56","0,46","5,89","0,36","0,00"
2018-10-24,"3,981","4,56","0,46","5,89","0,36","0,00"
2018-10-25,"4,070","4,56","0,46","5,89","0,36","0,00"
2018-10-26,"4,021","4,56","0,46","5,89","0,36","0,00"
2018-10-29,"4,123","4,56","0,46","5,89","0,36","0,00"
2018-10-30,"4,109","4,56","0,46","5,89","0,36","0,00"
2018-10-31,"4,195","4,56","0,46","5,89","0,36","0,00"
2018-11-01,"4,233","4,56","0,46","5,89","0,36","0,00"
2018-11-02,"4,284","4,56","0,46","5,89","0,36","0,00"
2018-11-05,"4,257","4,56","0,46","5,89","0,36","0,00"
2018-11-06,"4,208","4,56","0,46","5,89","0,36","0,00"
2018-11-07,"4,310","4,56","0,46","5,89","0,36","0,00"
2018-11-08,"4,306","4,56","0,46","5,89","0,36","0,00"
2018-11-09,"4,239","4,56","0,46","5,89","0,36","0,00"
2018-11-12,"4,197","4,56","0,46","5,89","0,36","0,00"
2018-11-13,"4,290","4,56","0,46","5,89","0,36","0,00"
2018-11-14,"4,279","4,56","0,46","5,89","0,36","0,00"
2018-11-15,"4,231","4,56","0,46","5,89","0,36","0,00"
2018-11-16,"4,220","4,56","0,46","5,89","0,36","0,00"
2018-11-19,"4,203","4,56","0,46","5,89","0,36","0,00"
2018-11-20,"4,080","4,56","0,46","5,89","0,36","0,00"
2018-11-21,"4,153","4,56","0,46","5,89","0,36","0,00"
2018-11-22,"4,085","4,56","0,46","5,89","0,36","0,00"
2018-11-23,"4,088","4,56","0,46","5,89","0,36","0,00"
2018-11-26,"4,205","4,56","0,46","5,89","0,36","0,00"
2018-11-27,"4,199","4,56","0,46","5,89","0,36","0,00"
2018-11-28,"4,224","4,56","0,46","5,89","0,36","0,00"
2018-11-29,"4,213","4,56","0,46","5,89","0,36","0,00"
2018-11-30,"4,185","4,56","0,46","5,89","0,36","0,00"
2018-12-03,"4,272","4,56","0,46","5,89","0,36","0,00"
2018-12-04,"4,168","4,56","0,46","5,89","0,36","0,00"
2018-12-05,"4,139","4,56","0,46","5,89","0,36","0,00"
2018-12-06,"3,980","4,56","0,46","5,89","0,36","0,00"
2018-12-07,"3,979","4,56","0,46","5,89","0,36","0,00"
2018-12-10,"3,873","4,56","0,46","5,89","0,36","0,00"
2018-12-11,"3,879","4,56","0,46","5,89","0,36","0,00"
2018-12-12,"4,011","4,56","0,46","5,89","0,36","0,00"
2018-12-13,"4,071","4,56","0,46","5,89","0,36","0,00"
2018-12-14,"4,059","4,56","0,46","5,89","0,36","0,00"
2018-12-17,"4,027","4,56","0,46","5,89","0,36","0,00"
2018-12-18,"3,990","4,56","0,46","5,89","0,36","0,00"
2018-12-19,"4,042","4,56","0,46","5,89","0,36","0,00"
2018-12-20,"3,978","4,56","0,46","5,89","0,36","0,00"
2018-12-21,"3,930","4,56","0,46","5,89","0,36","0,00"
2018-12-24,"3,892","4,56","0,46","5,89","0,36","0,00"
2018-12-27,"3,862","4,56","0,46","5,89","0,36","0,00"
2018-12-28,"3,945","4,56","0,46","5,89","0,36","0,00"
2018-12-31,"3,973","4,56","0,46","5,89","0,36","0,00"
2019-01-02,"3,978","4,54","0,47","6,15","0,35","0,00"
2019-01-03,"4,010","4,54","0,47","6,15","0,35","0,00"
2019-01-04,"4,160","4,54","0,47","6,15","0,35","0,00"
2019-01-07,"4,183","4,54","0,47","6,15","0,35","0,00"
2019-01-08,"4,218","4,54","0,47","6,15","0,35","0,00"
2019-01-09,"4,199","4,54","0,47","6,15","0,35","0,00"
2019-01-10,"4,276","4,54","0,47","6,15","0,35","0,00"
2019-01-11,"4,283","4,54","0,47","6,15","0,35","0,00"
2019-01-14,"4,245","4,54","0,47","6,15","0,35","0,00"
2019-01-15,"4,263","4,54","0,47","6,15","0,35","0,00"
2019-01-16,"4,306","4,54","0,47","6,15","0,35","0,00"
2019-01-17,"4,257","4,54","0,47","6,15","0,35","0,00"
2019-01-18,"4,356","4,54","0,47","6,15","0,35","0,00"
2019-01-21,"4,345","4,54","0,47","6,15","0,35","0,00"
2019-01-22,"4,309","4,54","0,47","6,15","0,35","0,00"
2019-01-23,"4,355","4,54","0,47","6,15","0,35","0,00"
2019-01-24,"4,335","4,54","0,47","6,15","0,35","0,00"
2019-01-25,"4,418","4,54","0,47","6,15","0,35","0,00"
2019-01-28,"4,344","4,54","0,47","6,15","0,35","0,00"
2019-01-29,"4,340","4,54","0,47","6,15","0,35","0,00"
2019-01-30,"4,199","4,54","0,47","6,15","0,35","0,00"
2019-01-31,"4,132","4,54","0,47","6,15","0,35","0,00"
2019-02-01,"4,069","4,54","0,47","6,15","0,35","0,00"
2019-02-04,"4,031","4,54","0,47","6,15","0,35","0,00"
2019-02-05,"4,105","4,54","0,47","6,15","0,35","0,00"
2019-02-06,"4,124","4,54","0,47","6,15","0,35","0,00"
2019-02-07,"3,994","4,54","0,47","6,15","0,35","0,00"
2019-02-08,"3,963","4,54","0,47","6,15","0,35","0,00"
2019-02-11,"4,011","4,54","0,47","6,15","0,35","0,00"
2019-02-12,"4,005","4,54","0,47","6,15","0,35","0,00"
2019-02-13,"4,007","4,54","0,47","6,15","0,35","0,00"
2019-02-14,"3,970","4,54","0,47","6,15","0,35","0,00"
2019-02-15,"4,100","4,54","0,47","6,15","0,35","0,00"
2019-02-18,"4,120","4,54","0,47","6,15","0,35","0,00"
2019-02-19,"4,084","4,54","0,47","6,15","0,35","0,00"
2019-02-20,"4,141","4,54","0,47","6,15","0,35","0,00"
2019-02-21,"4,146","4,54","0,47","6,15","0,35","0,00"
2019-02-22,"4,128","4,54","0,47","6,15","0,35","0,00"
2019-02-25,"4,189","4,54","0,47","6,15","0,35","0,00"
2019-02-26,"4,184","4,54","0,47","6,15","0,35","0,00"
2019-02-27,"4,200","4,54","0,47","6,15","0,35","0,00"
2019-02-28,"4,296","4,54","0,47","6,15","0,35","0,00"
2019-03-01,"4,255","4,54","0,47","6,15","0,35","0,00"
2019-03-04,"4,242","4,54","0,47","6,15","0,35","0,00"
2019-03-05,"4,244","4,54","0,47","6,15","0,35","0,00"
2019-03-06,"4,314","4,54","0,47","6,15","0,35","0,00"
2019-03-07,"4,163","4,54","0,47","6,15","0,35","0,00"
2019-03-08,"4,079","4,54","0,47","6,15","0,35","0,00"
2019-03-11,"4,138","4,54","0,47","6,15","0,35","0,00"
2019-03-12,"4,142","4,54","0,47","6,15","0,35","0,00"
2019-03-13,"4,265","4,54","0,47","6,15","0,35","0,00"
2019-03-14,"4,295","4,54","0,47","6,15","0,35","0,00"
2019-03-15,"4,381","4,54","0,47","6,15","0,35","0,00"
2019-03-18,"4,428","4,54","0,47","6,15","0,35","0,00"
2019-03-19,"4,486","4,54","0,47","6,15","0,35","0,00"
2019-03-20,"4,423","4,54","0,47","6,15","0,35","0,00"
2019-03-21,"4,311","4,54","0,47","6,15","0,35","0,00"
2019-03-22,"4,146","4,54","0,47","6,15","0,35","0,00"
2019-03-25,"4,146","4,54","0,47","6,15","0,35","0,00"
2019-03-26,"4,088","4,54","0,47","6,15","0,35","0,00"
2019-03-27,"4,152","4,54","0,47","6,15","0,35","0,00"
2019-03-28,"4,103","4,54","0,47","6,15","0,35","0,00"
2019-03-29,"4,144","4,54","0,47","6,15","0,35","0,00"
2019-04-01,"4,272","4,54","0,47","6,15","0,35","0,00"
2019-04-02,"4,278","4,54","0,47","6,15","0,35","0,00"
2019-04-03,"4,364","4,54","0,47","6,15","0,35","0,00"
2019-04-04,"4,407","4,54","0,47","6,15","0,35","0,00"
2019-04-05,"4,402","4,54","0,47","6,15","0,35","0,00"
2019-04-08,"4,391","4,54","0,47","6,15","0,35","0,00"
2019-04-09,"4,378","4,54","0,47","6,15","0,35","0,00"
2019-04-10,"4,371","4,54","0,47","6,15","0,35","0,00"
2019-04-11,"4,477","4,54","0,47","6,15","0,35","0,00"
2019-04-12,"4,559","4,54","0,47","6,15","0,35","0,00"
2019-04-15,"4,560","4,54","0,47","6,15","0,35","0,00"
2019-04-16,"4,572","4,54","0,47","6,15","0,35","0,00"
2019-04-17,"4,619","4,54","0,47","6,15","0,35","0,00"
2019-04-18,"4,609","4,54","0,47","6,15","0,35","0,00"
2019-04-23,"4,548","4,54","0,47","6,15","0,35","0,00"
2019-04-24,"4,476","4,54","0,47","6,15","0,35","0,00"
2019-04-25,"4,484","4,54","0,47","6,15","0,35","0,00"
2019-04-26,"4,488","4,54","0,47","6,15","0,35","0,00"
2019-04-29,"4,519","4,54","0,47","6,15","0,35","0,00"
2019-04-30,"4,511","4,54","0,47","6,15","0,35","0,00"
2019-05-02,"4,434","4,54","0,47","6,15","0,35","0,00"
2019-05-03,"4,409","4,54","0,47","6,15","0,35","0,00"
2019-05-06,"4,346","4,54","0,47","6,15","0,35","0,00"
2019-05-07,"4,250","4,54","0,47","6,15","0,35","0,00"
2019-05-08,"4,250","4,54","0,47","6,15","0,35","0,00"
2019-05-09,"4,147","4,54","0,47","6,15","0,35","0,00"
2019-05-10,"4,122","4,54","0,47","6,15","0,35","0,00"
2019-05-13,"4,064","4,54","0,47","6,15","0,35","0,00"
2019-05-14,"4,104","4,54","0,47","6,15","0,35","0,00"
2019-05-15,"4,107","4,54","0,47","6,15","0,35","0,00"
2019-05-16,"4,191","4,54","0,47","6,15","0,35","0,00"
2019-05-17,"4,159","4,54","0,47","6,15","0,35","0,00"
2019-05-20,"4,093","4,54","0,47","6,15","0,35","0,00"
2019-05-21,"4,098","4,54","0,47","6,15","0,35","0,00"
2019-05-22,"4,051","4,54","0,47","6,15","0,35","0,00"
2019-05-23,"4,006","4,54","0,47","6,15","0,35","0,00"
2019-05-24,"4,020","4,54","0,47","6,15","0,35","0,00"
2019-05-27,"4,036","4,54","0,47","6,15","0,35","0,00"
2019-05-28,"4,016","4,54","0,47","6,15","0,35","0,00"
2019-05-29,"4,000","4,54","0,47","6,15","0,35","0,00"
2019-05-30,"4,050","4,54","0,47","6,15","0,35","0,00"
2019-05-31,"3,952","4,54","0,47","6,15","0,35","0,00"
2019-06-03,"3,940","4,54","0,47","6,15","0,35","0,00"
2019-06-04,"4,042","4,54","0,47","6,15","0,35","0,00"
2019-06-05,"4,011","4,54","0,47","6,15","0,35","0,00"
2019-06-06,"3,970","4,54","0,47","6,15","0,35","0,00"
2019-06-07,"3,965","4,54","0,47","6,15","0,35","0,00"
2019-06-10,"4,037","4,54","0,47","6,15","0,35","0,00"
2019-06-11,"4,008","4,54","0,47","6,15","0,35","0,00"
2019-06-12,"3,973","4,54","0,47","6,15","0,35","0,00"
2019-06-13,"3,981","4,54","0,47","6,15","0,35","0,00"
2019-06-14,"3,954","4,54","0,47","6,15","0,35","0,00"
2019-06-17,"3,960","4,54","0,47","6,15","0,35","0,00"
2019-06-18,"4,013","4,54","0,47","6,15","0,35","0,00"
2019-06-19,"4,060","4,54","0,47","6,15","0,35","0,00"
2019-06-20,"4,014","4,54","0,47","6,15","0,35","0,00"
2019-06-21,"4,000","4,54","0,47","6,15","0,35","0,00"
2019-06-24,"3,983","4,54","0,47","6,15","0,35","0,00"
2019-06-25,"3,998","4,54","0,47","6,15","0,35","0,00"
2019-06-26,"4,051","4,54","0,47","6,15","0,35","0,00"
2019-06-27,"4,036","4,54","0,47","6,15","0,35","0,00"
2019-06-28,"4,080","4,54","0,47","6,15","0,35","0,00"
2019-07-01,"4,119","4,54","0,47","6,15","0,35","0,00"
2019-07-02,"4,108","4,54","0,47","6,15","0,35","0,00"
2019-07-03,"4,180","4,54","0,47","6,15","0,35","0,00"
2019-07-04,"4,218","4,54","0,47","6,15","0,35","0,00"
2019-07-05,"4,221","4,54","0,47","6,15","0,35","0,00"
2019-07-08,"4,184","4,54","0,47","6,15","0,35","0,00"
2019-07-09,"4,143","4,54","0,47","6,15","0,35","0,00"
2019-07-10,"4,170","4,54","0,47","6,15","0,35","0,00"
2019-07-11,"4,205","4,54","0,47","6,15","0,35","0,00"
2019-07-12,"4,188","4,54","0,47","6,15","0,35","0,00"
2019-07-15,"4,165","4,54","0,47","6,15","0,35","0,00"
2019-07-16,"4,221","4,54","0,47","6,15","0,35","0,00"
2019-07-17,"4,120","4,54","0,47","6,15","0,35","0,00"
2019-07-18,"4,045","4,54","0,47","6,15","0,35","0,00"
2019-07-19,"4,003","4,54","0,47","6,15","0,35","0,00"
2019-07-22,"3,989","4,54","0,47","6,15","0,35","0,00"
2019-07-23,"4,134","4,54","0,47","6,15","0,35","0,00"
2019-07-24,"4,137","4,54","0,47","6,15","0,35","0,00"
2019-07-25,"4,093","4,54","0,47","6,15","0,35","0,00"
2019-07-26,"4,061","4,54","0,47","6,15","0,35","0,00"
2019-07-29,"4,035","4,54","0,47","6,15","0,35","0,00"
2019-07-30,"3,885","4,54","0,47","6,15","0,35","0,00"
2019-07-31,"3,863","4,54","0,47","6,15","0,35","0,00"
2019-08-01,"3,876","4,54","0,47","6,15","0,35","0,00"
2019-08-02,"3,755","4,54","0,47","6,15","0,35","0,00"
2019-08-05,"3,697","4,54","0,47","6,15","0,35","0,00"
2019-08-06,"3,624","4,54","0,47","6,15","0,35","0,00"
2019-08-07,"3,613","4,54","0,47","6,15","0,35","0,00"
2019-08-08,"3,695","4,54","0,47","6,15","0,35","0,00"
2019-08-09,"3,615","4,54","0,47","6,15","0,35","0,00"
2019-08-12,"3,550","4,54","0,47","6,15","0,35","0,00"
2019-08-13,"3,591","4,54","0,47","6,15","0,35","0,00"
2019-08-14,"3,470","4,54","0,47","6,15","0,35","0,00"
2019-08-15,"3,474","4,54","0,47","6,15","0,35","0,00"
2019-08-16,"3,586","4,54","0,47","6,15","0,35","0,00"
2019-08-19,"3,549","4,54","0,47","6,15","0,35","0,00"
2019-08-20,"3,490","4,54","0,47","6,15","0,35","0,00"
2019-08-21,"3,485","4,54","0,47","6,15","0,35","0,00"
2019-08-22,"3,527","4,54","0,47","6,15","0,35","0,00"
2019-08-23,"3,467","4,54","0,47","6,15","0,35","0,00"
2019-08-26,"3,495","4,54","0,47","6,15","0,35","0,00"
2019-08-27,"3,466","4,54","0,47","6,15","0,35","0,00"
2019-08-28,"3,470","4,54","0,47","6,15","0,35","0,00"
2019-08-29,"3,458","4,54","0,47","6,15","0,35","0,00"
2019-08-30,"3,440","4,54","0,47","6,15","0,35","0,00"
2019-09-02,"3,434","4,54","0,47","6,15","0,35","0,00"
2019-09-03,"3,398","4,54","0,47","6,15","0,35","0,00"
2019-09-04,"3,407","4,54","0,47","6,15","0,35","0,00"
2019-09-05,"3,527","4,54","0,47","6,15","0,35","0,00"
2019-09-06,"3,531","4,54","0,47","6,15","0,35","0,00"
2019-09-09,"3,616","4,54","0,47","6,15","0,35","0,00"
2019-09-10,"3,720","4,54","0,47","6,15","0,35","0,00"
2019-09-11,"3,711","4,54","0,47","6,15","0,35","0,00"
2019-09-12,"3,728","4,54","0,47","6,15","0,35","0,00"
2019-09-13,"3,821","4,54","0,47","6,15","0,35","0,00"
2019-09-16,"3,766","4,54","0,47","6,15","0,35","0,00"
2019-09-17,"3,656","4,54","0,47","6,15","0,35","0,00"
2019-09-18,"3,620","4,54","0,47","6,15","0,35","0,00"
2019-09-19,"3,724","4,54","0,47","6,15","0,35","0,00"
2019-09-20,"3,760","4,54","0,47","6,15","0,35","0,00"
2019-09-23,"3,656","4,54","0,47","6,15","0,35","0,00"
2019-09-24,"3,629","4,54","0,47","6,15","0,35","0,00"
2019-09-25,"3,643","4,54","0,47","6,15","0,35","0,00"
2019-09-26,"3,638","4,54","0,47","6,15","0,35","0,00"
2019-09-27,"3,700","4,54","0,47","6,15","0,35","0,00"
2019-09-30,"3,736","4,54","0,47","6,15","0,35","0,00"
2019-10-01,"3,675","4,54","0,47","6,15","0,35","0,00"
2019-10-02,"3,517","4,54","0,47","6,15","0,35","0,00"
2019-10-03,"3,509","4,54","0,47","6,15","0,35","0,00"
2019-10-04,"3,527","4,54","0,47","6,15","0,35","0,00"
2019-10-07,"3,558","4,54","0,47","6,15","0,35","0,00"
2019-10-08,"3,521","4,54","0,47","6,15","0,35","0,00"
2019-10-09,"3,543","4,54","0,47","6,15","0,35","0,00"
2019-10-10,"3,636","4,54","0,47","6,15","0,35","0,00"
2019-10-11,"3,792","4,54","0,47","6,15","0,35","0,00"
2019-10-14,"3,755","4,54","0,47","6,15","0,35","0,00"
2019-10-15,"3,896","4,54","0,47","6,15","0,35","0,00"
2019-10-16,"3,921","4,54","0,47","6,15","0,35","0,00"
2019-10-17,"3,858","4,54","0,47","6,15","0,35","0,00"
2019-10-18,"3,870","4,54","0,47","6,15","0,35","0,00"
2019-10-21,"3,966","4,54","0,47","6,15","0,35","0,00"
2019-10-22,"3,965","4,54","0,47","6,15","0,35","0,00"
2019-10-23,"3,986","4,54","0,47","6,15","0,35","0,00"
2019-10-24,"3,950","4,54","0,47","6,15","0,35","0,00"
2019-10-25,"3,982","4,54","0,47","6,15","0,35","0,00"
2019-10-28,"3,979","4,54","0,47","6,15","0,35","0,00"
2019-10-29,"3,966","4,54","0,47","6,15","0,35","0,00"
2019-10-30,"3,709","4,54","0,47","6,15","0,35","0,00"
2019-10-31,"3,594","4,54","0,47","6,15","0,35","0,00"
2019-11-01,"3,610","4,54","0,47","6,15","0,35","0,00"
2019-11-04,"3,728","4,54","0,47","6,15","0,35","0,00"
2019-11-05,"3,783","4,54","0,47","6,15","0,35","0,00"
2019-11-06,"3,768","4,54","0,47","6,15","0,35","0,00"
2019-11-07,"3,846","4,54","0,47","6,15","0,35","0,00"
2019-11-08,"3,762","4,54","0,47","6,15","0,35","0,00"
2019-11-11,"3,740","4,54","0,47","6,15","0,35","0,00"
2019-11-12,"3,700","4,54","0,47","6,15","0,35","0,00"
2019-11-13,"3,571","4,54","0,47","6,15","0,35","0,00"
2019-11-14,"3,548","4,54","0,47","6,15","0,35","0,00"
2019-11-15,"3,574","4,54","0,47","6,15","0,35","0,00"
2019-11-18,"3,540","4,54","0,47","6,15","0,35","0,00"
2019-11-19,"3,553","4,54","0,47","6,15","0,35","0,00"
2019-11-20,"3,538","4,54","0,47","6,15","0,35","0,00"
2019-11-21,"3,568","4,54","0,47","6,15","0,35","0,00"
2019-11-22,"3,611","4,54","0,47","6,15","0,35","0,00"
2019-11-25,"3,635","4,54","0,47","6,15","0,35","0,00"
2019-11-26,"3,594","4,54","0,47","6,15","0,35","0,00"
2019-11-27,"3,603","4,54","0,47","6,15","0,35","0,00"
2019-11-28,"3,567","4,54","0,47","6,15","0,35","0,00"
2019-11-29,"3,537","4,54","0,47","6,15","0,35","0,00"
2019-12-02,"3,482","4,54","0,47","6,15","0,35","0,00"
2019-12-03,"3,451","4,54","0,47","6,15","0,35","0,00"
2019-12-04,"3,553","4,54","0,47","6,15","0,35","0,00"
2019-12-05,"3,537","4,54","0,47","6,15","0,35","0,00"
2019-12-06,"3,585","4,54","0,47","6,15","0,35","0,00"
2019-12-09,"3,589","4,54","0,47","6,15","0,35","0,00"
2019-12-10,"3,583","4,54","0,47","6,15","0,35","0,00"
2019-12-11,"3,562","4,54","0,47","6,15","0,35","0,00"
2019-12-12,"3,688","4,54","0,47","6,15","0,35","0,00"
2019-12-13,"3,711","4,54","0,47","6,15","0,35","0,00"
2019-12-16,"3,799","4,54","0,47","6,15","0,35","0,00"
2019-12-17,"3,765","4,54","0,47","6,15","0,35","0,00"
2019-12-18,"3,796","4,54","0,47","6,15","0,35","0,00"
2019-12-19,"3,796","4,54","0,47","6,15","0,35","0,00"
2019-12-20,"3,822","4,54","0,47","6,15","0,35","0,00"
2019-12-23,"3,765","4,54","0,47","6,15","0,35","0,00"
2019-12-24,"3,755","4,54","0,47","6,15","0,35","0,00"
2019-12-27,"3,756","4,54","0,47","6,15","0,35","0,00"
2019-12-30,"3,743","4,54","0,47","6,15","0,35","0,00"
2019-12-31,"3,730","4,54","0,47","6,15","0,35","0,00"
2020-01-02,"3,866","10,47","0,20","4,67","0,36","0,00"
2020-01-03,"3,806","10,47","0,20","4,67","0,36","0,00"
2020-01-06,"3,775","10,47","0,20","4,67","0,36","0,00"
2020-01-07,"3,756","10,47","0,20","4,67","0,36","0,00"
2020-01-08,"3,759","10,47","0,20","4,67","0,36","0,00"
2020-01-09,"3,768","10,47","0,20","4,67","0,36","0,00"
2020-01-10,"3,717","10,47","0,20","4,67","0,36","0,00"
2020-01-13,"3,692","10,47","0,20","4,67","0,36","0,00"
2020-01-14,"3,619","10,47","0,20","4,67","0,36","0,00"
2020-01-15,"3,583","10,47","0,20","4,67","0,36","0,00"
2020-01-16,"3,634","10,47","0,20","4,67","0,36","0,00"
2020-01-17,"3,678","10,47","0,20","4,67","0,36","0,00"
2020-01-20,"3,634","10,47","0,20","4,67","0,36","0,00"
2020-01-21,"3,618","10,47","0,20","4,67","0,36","0,00"
2020-01-22,"3,577","10,47","0,20","4,67","0,36","0,00"
2020-01-23,"3,572","10,47","0,20","4,67","0,36","0,00"
2020-01-24,"3,540","10,47","0,20","4,67","0,36","0,00"
2020-01-27,"3,476","10,47","0,20","4,67","0,36","0,00"
2020-01-28,"3,551","10,47","0,20","4,67","0,36","0,00"
2020-01-29,"3,708","10,47","0,20","4,67","0,36","0,00"
2020-01-30,"3,667","10,47","0,20","4,67","0,36","0,00"
2020-01-31,"3,554","10,47","0,20","4,67","0,36","0,00"
2020-02-03,"3,562","10,47","0,20","4,67","0,36","0,00"
2020-02-04,"3,691","10,47","0,20","4,67","0,36","0,00"
2020-02-05,"3,794","10,47","0,20","4,67","0,36","0,00"
2020-02-06,"3,830","10,47","0,20","4,67","0,36","0,00"
2020-02-07,"3,859","10,47","0,20","4,67","0,36","0,00"
2020-02-10,"3,837","10,47","0,20","4,67","0,36","0,00"
2020-02-11,"3,870","10,47","0,20","4,67","0,36","0,00"
2020-02-12,"3,955","10,47","0,20","4,67","0,36","0,00"
2020-02-13,"3,939","10,47","0,20","4,67","0,36","0,00"
2020-02-14,"3,924","10,47","0,20","4,67","0,36","0,00"
2020-02-17,"3,953","10,47","0,20","4,67","0,36","0,00"
2020-02-18,"3,896","10,47","0,20","4,67","0,36","0,00"
2020-02-19,"3,917","10,47","0,20","4,67","0,36","0,00"
2020-02-20,"3,849","10,47","0,20","4,67","0,36","0,00"
2020-02-21,"3,782","10,47","0,20","4,67","0,36","0,00"
2020-02-24,"3,620","10,47","0,20","4,67","0,36","0,00"
2020-02-25,"3,509","10,47","0,20","4,67","0,36","0,00"
2020-02-26,"3,546","10,47","0,20","4,67","0,36","0,00"
2020-02-27,"3,420","10,47","0,20","4,67","0,36","0,00"
2020-02-28,"3,327","10,47","0,20","4,67","0,36","0,00"
2020-03-02,"3,255","10,47","0,20","4,67","0,36","0,00"
2020-03-03,"3,236","10,47","0,20","4,67","0,36","0,00"
2020-03-04,"3,296","10,47","0,20","4,67","0,36","0,00"
2020-03-05,"3,127","10,47","0,20","4,67","0,36","0,00"
2020-03-06,"3,045","10,47","0,20","4,67","0,36","0,00"
2020-03-09,"2,680","10,47","0,20","4,67","0,36","0,00"
2020-03-10,"2,652","10,47","0,20","4,67","0,36","0,00"
2020-03-11,"2,740","10,47","0,20","4,67","0,36","0,00"
2020-03-12,"2,279","10,47","0,20","4,67","0,36","0,00"
2020-03-13,"2,257","10,47","0,20","4,67","0,36","0,00"
2020-03-16,"2,018","10,47","0,20","4,67","0,36","0,00"
2020-03-17,"2,175","10,47","0,20","4,67","0,36","0,00"
2020-03-18,"2,040","10,47","0,20","4,67","0,36","0,00"
2020-03-19,"2,043","10,47","0,20","4,67","0,36","0,00"
2020-03-20,"2,109","10,47","0,20","4,67","0,36","0,00"
2020-03-23,"2,115","10,47","0,20","4,67","0,36","0,00"
2020-03-24,"2,369","10,47","0,20","4,67","0,36","0,00"
2020-03-25,"2,473","10,47","0,20","4,67","0,36","0,00"
2020-03-26,"2,458","10,47","0,20","4,67","0,36","0,00"
2020-03-27,"2,313","10,47","0,20","4,67","0,36","0,00"
2020-03-30,"2,214","10,47","0,20","4,67","0,36","0,00"
2020-03-31,"2,218","10,47","0,20","4,67","0,36","0,00"
2020-04-01,"2,147","10,47","0,20","4,67","0,36","0,00"
2020-04-02,"2,151","5,14","0,45","7,67","0,38",0.0
2020-04-03,"2,097","5,14","0,45","7,87","0,38",0.0
2020-04-06,"2,234","4,88","0,43","7,39","0,35",0.0
2020-04-07,"2,248","4,88","0,43","7,34","0,35",0.0
2020-04-08,"2,214","4,88","0,43","7,45","0,35",0.0
2020-04-09,"2,165","6,1","0,36","7,62","0,36",0.0
2020-04-14,"2,121","6,1","0,36","7,78","0,36",0.0
2020-04-15,"2,001","6,1","0,36","8,25","0,36",0.0
2020-04-16,"1,969","6,1","0,36","8,38","0,36",0.0
2020-04-17,"1,959","6,1","0,36","8,42","0,36",0.0
2020-04-20,"1,951","10,47","0,20","4,67","0,36","0,00"
2020-04-21,"1,870","7,1","0,28","8,82","0,32",0.0
2020-04-22,"1,924","7,1","0,28","8,57","0,32",0.0
2020-04-23,"1,997","7,1","0,28","8,26","0,32",0.0
2020-04-24,"1,904","7,1","0,28","8,67","0,32",0.0
2020-04-27,"1,970","7,93","0,24","8,38","0,31",0.0
2020-04-28,"2,064","7,93","0,24","7,99","0,31",0.0
2020-04-29,"2,164","7,93","0,24","7,62","0,31",0.0
2020-04-30,"2,037","7,93","0,24","4,91","0,31",0.0
2020-05-04,"1,959","8,35","0,24","5,10","0,34",0.0
2020-05-05,"1,991","8,35","0,24","5,02","0,34",0.0
2020-05-06,"1,937","8,35","0,24","5,16","0,34",0.0
2020-05-07,"1,959","8,35","0,24","5,10","0,34",0.0
2020-05-08,"1,998","10,47","0,20","4,67","0,36","0,00"
2020-05-11,"1,942","10,47","0,20","4,67","0,36","0,00"
2020-05-12,"1,955","8,19","0,24","5,12","0,34",0.0
2020-05-13,"1,874","8,19","0,24","5,34","0,34",0.0
2020-05-14,"1,871","8,19","0,24","5,34","0,34",0.0
2020-05-15,"1,834","8,19","0,24","5,45","0,34",0.0
2020-05-18,"1,931","8,19","0,24","5,18","0,34",0.0
2020-05-19,"1,823","8,19","0,24","5,48","0,34",0.0
2020-05-20,"1,885","8,19","0,24","5,31","0,34",0.0
2020-05-21,"1,858","8,19","0,24","5,38","0,34",0.0
2020-05-22,"1,896","8,19","0,24","5,27","0,34",0.0
2020-05-25,"1,937","10,47","0,20","4,67","0,36","0,00"
2020-05-26,"2,050","9,13","0,21","4,88","0,32",0.0
2020-05-27,"2,150","9,13","0,21","4,65","0,32",0.0
2020-05-28,"2,132","9,13","0,21","4,69","0,32",0.0
2020-05-29,"2,037","9,13","0,21","4,91","0,32",0.0
2020-06-02,"2,164","9,53","0,21","4,62","0,34",0.0
2020-06-03,"2,233","9,53","0,21","4,48","0,34",0.0
2020-06-04,"2,270","9,53","0,21","4,41","0,34",0.0
2020-06-05,"2,527","9,53","0,21","3,96","0,34",0.0
2020-06-08,"2,555","11,82","0,21","3,91","0,42",0.0
2020-06-09,"2,500","11,82","0,21","4,00","0,42",0.0
2020-06-10,"2,431","11,82","0,21","4,11","0,42",0.0
2020-06-11,"2,204","11,82","0,21","4,54","0,42",0.0
2020-06-12,"2,213","11,82","0,21","4,52","0,42",0.0
2020-06-15,"2,151","10,47","0,20","4,65","0,36","0,00"
2020-06-16,"2,250","10,35","0,21","4,44","0,37",0.0
2020-06-17,"2,247","10,35","0,21","4,45","0,37",0.0
2020-06-18,"2,186","10,35","0,21","4,57","0,37",0.0
2020-06-19,"2,153","10,35","0,21","4,64","0,37",0.0
2020-06-22,"2,129","10,62","0,2","4,70","0,36",0.0
2020-06-23,"2,234","10,62","0,2","4,48","0,36",0.0
2020-06-24,"2,135","10,62","0,2","4,68","0,36",0.0
2020-06-25,"2,188","10,62","0,2","4,57","0,36",0.0
2020-06-26,"2,122","10,62","0,2","4,71","0,36",0.0
2020-06-29,"2,207","10,47","0,2","4,53","0,36",0.0
2020-06-30,"2,174","10,47","0,2","4,60","0,36",0.0
2020-07-01,"2,143","10,47","0,2","4,67","0,36",0.0
2020-07-02,"2,286","10,47","0,2","4,38","0,36",0.0
2020-07-03,"2,227","10,47","0,20","4,67","0,36","0,00"
2020-07-06,"2,337","10,47","0,20","4,67","0,36","0,00"
2020-07-07,"2,267","11,49","0,19","4,41","0,38",0.0
2020-07-08,"2,216","11,49","0,19","4,51","0,38",0.0
2020-07-09,"2,174","11,49","0,19","4,60","0,38",0.0
2020-07-10,"2,220","11,49","0,19","4,50","0,38",0.0
2020-07-13,"2,246","10,47","0,20","4,67","0,36","0,00"
2020-07-14,"2,224","11,45","0,19","4,50","0,38",0.0
2020-07-15,"2,267","11,45","0,19","4,41","0,38",0.0
2020-07-16,"2,260","10,47","0,20","4,67","0,36","0,00"
2020-07-17,"2,215","10,47","0,20","4,67","0,36","0,00"
2020-07-20,"2,210","12,31","0,18","4,52","0,37",0.0
2020-07-21,"2,197","12,31","0,18","4,55","0,37",0.0
2020-07-22,"2,151","12,31","0,18","4,65","0,37",0.0
2020-07-23,"2,118","12,31","0,18","4,72","0,37",0.0
2020-07-24,"2,126","10,47","0,20","4,67","0,36","0,00"
2020-07-27,"2,075","11,81","0,18","4,82","0,36",0.0
2020-07-28,"2,102","11,81","0,18","4,76","0,36",0.0
2020-07-29,"2,003","11,81","0,18","4,99","0,36",0.0
2020-07-30,"1,888","10,47","0,20","4,67","0,36","0,00"
2020-07-31,"1,809","11,81","0,18","5,53","0,36",0.0
2020-08-03,"1,857","9,04","0,2","5,39","0,31",0.0
2020-08-04,"1,920","9,04","0,2","5,21","0,31",0.0
2020-08-05,"1,890","10,47","0,20","4,67","0,36","0,00"
2020-08-06,"1,865","9,04","0,2","5,36","0,31",0.0
2020-08-07,"1,835","10,47","0,20","4,67","0,36","0,00"
2020-08-10,"1,894","9,66","0,19","5,28","0,31",0.0
2020-08-11,"2,002","9,66","0,19","5,00","0,31",0.0
2020-08-12,"1,988","9,66","0,19","5,03","0,31",0.0
2020-08-13,"1,948","10,47","0,20","4,67","0,36","0,00"
2020-08-14,"1,927","10,47","0,20","4,67","0,36","0,00"
2020-08-17,"1,891","10,47","0,20","4,67","0,36","0,00"
2020-08-18,"1,877","10,47","0,20","4,67","0,36","0,00"
2020-08-19,"1,934","9,88","0,2","5,17","0,34",0.0
2020-08-20,"1,854","10,47","0,20","4,67","0,36","0,00"
2020-08-21,"1,827","10,47","0,20","4,67","0,36","0,00"
2020-08-24,"1,898","9,62","0,19","5,27","0,33",0.0
2020-08-25,"1,895","9,62","0,19","5,28","0,33",0.0
2020-08-26,"1,921","9,62","0,19","5,21","0,33",0.0
2020-08-27,"1,900","9,62","0,19","5,26","0,33",0.0
