fecha,IBE_ultimo,IBE_per,IBE_bpa,IBE_rentabilidad_por_dividendo,IBE_precio_valor_contable,IBE_ebitda
2015-02-12,"5,459",,,,,
2015-02-13,"5,471",,,,,
2015-02-16,"5,402",,,,,
2015-02-17,"5,442",,,,,
2015-02-18,"5,425",,,,,
2015-02-19,"5,550",,,,,
2015-02-20,"5,527",,,,,
2015-02-23,"5,576",,,,,
2015-02-24,"5,709",,,,,
2015-02-25,"5,660",,,,,
2015-02-26,"5,718",,,,,
2015-02-27,"5,716",,,,,
2015-03-02,"5,675",,,,,
2015-03-03,"5,579",,,,,
2015-03-04,"5,625",,,,,
2015-03-05,"5,650",,,,,
2015-03-06,"5,556",,,,,
2015-03-09,"5,550",,,,,
2015-03-10,"5,522",,,,,
2015-03-11,"5,603",,,,,
2015-03-12,"5,564",,,,,
2015-03-13,"5,560",,,,,
2015-03-16,"5,587",,,,,
2015-03-17,"5,558",,,,,
2015-03-18,"5,634",,,,,
2015-03-19,"5,630",,,,,
2015-03-20,"5,806",,,,,
2015-03-23,"5,753",,,,,
2015-03-24,"5,770",,,,,
2015-03-25,"5,709",,,,,
2015-03-26,"5,655",,,,,
2015-03-27,"5,648",,,,,
2015-03-30,"5,624",,,,,
2015-03-31,"5,617",,,,,
2015-04-01,"5,647",,,,,
2015-04-02,"5,638",,,,,
2015-04-07,"5,737",,,,,
2015-04-08,"5,674",,,,,
2015-04-09,"5,720",,,,,
2015-04-10,"5,747",,,,,
2015-04-13,"5,794",,,,,
2015-04-14,"5,754",,,,,
2015-04-15,"5,773",,,,,
2015-04-16,"5,702",,,,,
2015-04-17,"5,617",,,,,
2015-04-20,"5,622",,,,,
2015-04-21,"5,644",,,,,
2015-04-22,"5,623",,,,,
2015-04-23,"5,628",,,,,
2015-04-24,"5,708",,,,,
2015-04-27,"5,740",,,,,
2015-04-28,"5,724",,,,,
2015-04-29,"5,663",,,,,
2015-04-30,"5,594",,,,,
2015-05-04,"5,620",,,,,
2015-05-05,"5,480",,,,,
2015-05-06,"5,467",,,,,
2015-05-07,"5,513",,,,,
2015-05-08,"5,698",,,,,
2015-05-11,"5,723",,,,,
2015-05-12,"5,716",,,,,
2015-05-13,"5,765",,,,,
2015-05-14,"5,790",,,,,
2015-05-15,"5,799",,,,,
2015-05-18,"5,816",,,,,
2015-05-19,"5,925",,,,,
2015-05-20,"6,027",,,,,
2015-05-21,"6,028",,,,,
2015-05-22,"5,999",,,,,
2015-05-25,"5,840",,,,,
2015-05-26,"5,808",,,,,
2015-05-27,"5,913",,,,,
2015-05-28,"5,940",,,,,
2015-05-29,"5,893",,,,,
2015-06-01,"5,893",,,,,
2015-06-02,"5,857",,,,,
2015-06-03,"5,861",,,,,
2015-06-04,"5,770",,,,,
2015-06-05,"5,719",,,,,
2015-06-08,"5,694",,,,,
2015-06-09,"5,585",,,,,
2015-06-10,"5,664",,,,,
2015-06-11,"5,692",,,,,
2015-06-12,"5,660",,,,,
2015-06-15,"5,548",,,,,
2015-06-16,"5,569",,,,,
2015-06-17,"5,552",,,,,
2015-06-18,"5,580",,,,,
2015-06-19,"5,587",,,,,
2015-06-22,"5,865",,,,,
2015-06-23,"5,836",,,,,
2015-06-24,"5,846",,,,,
2015-06-25,"5,846",,,,,
2015-06-26,"5,860",,,,,
2015-06-29,"5,633",,,,,
2015-06-30,"5,574",,,,,
2015-07-01,"5,627",,,,,
2015-07-02,"5,682",,,,,
2015-07-03,"5,621",,,,,
2015-07-06,"5,505",,,,,
2015-07-07,"5,441",,,,,
2015-07-08,"5,512",,,,,
2015-07-09,"5,658",,,,,
2015-07-10,"5,805",,,,,
2015-07-13,"5,811",,,,,
2015-07-14,"5,829",,,,,
2015-07-15,"5,929",,,,,
2015-07-16,"6,004",,,,,
2015-07-17,"6,000",,,,,
2015-07-20,"6,051",,,,,
2015-07-21,"6,005",,,,,
2015-07-22,"6,040",,,,,
2015-07-23,"6,017",,,,,
2015-07-24,"5,986",,,,,
2015-07-27,"5,945",,,,,
2015-07-28,"5,971",,,,,
2015-07-29,"5,999",,,,,
2015-07-30,"6,005",,,,,
2015-07-31,"6,019",,,,,
2015-08-03,"6,058",,,,,
2015-08-04,"6,017",,,,,
2015-08-05,"6,057",,,,,
2015-08-06,"6,043",,,,,
2015-08-07,"5,988",,,,,
2015-08-10,"6,046",,,,,
2015-08-11,"5,974",,,,,
2015-08-12,"5,898",,,,,
2015-08-13,"5,928",,,,,
2015-08-14,"5,909",,,,,
2015-08-17,"5,916",,,,,
2015-08-18,"5,931",,,,,
2015-08-19,"5,902",,,,,
2015-08-20,"5,877",,,,,
2015-08-21,"5,710",,,,,
2015-08-24,"5,434",,,,,
2015-08-25,"5,591",,,,,
2015-08-26,"5,545",,,,,
2015-08-27,"5,622",,,,,
2015-08-28,"5,679",,,,,
2015-08-31,"5,673",,,,,
2015-09-01,"5,557",,,,,
2015-09-02,"5,561",,,,,
2015-09-03,"5,586",,,,,
2015-09-04,"5,507",,,,,
2015-09-07,"5,476",,,,,
2015-09-08,"5,488",,,,,
2015-09-09,"5,574",,,,,
2015-09-10,"5,486",,,,,
2015-09-11,"5,426",,,,,
2015-09-14,"5,425",,,,,
2015-09-15,"5,503",,,,,
2015-09-16,"5,598",,,,,
2015-09-17,"5,626",,,,,
2015-09-18,"5,546",,,,,
2015-09-21,"5,547",,,,,
2015-09-22,"5,450",,,,,
2015-09-23,"5,450",,,,,
2015-09-24,"5,419",,,,,
2015-09-25,"5,555",,,,,
2015-09-28,"5,551",,,,,
2015-09-29,"5,494",,,,,
2015-09-30,"5,572",,,,,
2015-10-01,"5,556",,,,,
2015-10-02,"5,618",,,,,
2015-10-05,"5,700",,,,,
2015-10-06,"5,756",,,,,
2015-10-07,"5,745",,,,,
2015-10-08,"5,777",,,,,
2015-10-09,"5,790",,,,,
2015-10-12,"5,784",,,,,
2015-10-13,"5,763",,,,,
2015-10-14,"5,765",,,,,
2015-10-15,"5,796",,,,,
2015-10-16,"5,843",,,,,
2015-10-19,"5,841",,,,,
2015-10-20,"5,874",,,,,
2015-10-21,"5,925",,,,,
2015-10-22,"5,986",,,,,
2015-10-23,"6,066",,,,,
2015-10-26,"6,046",,,,,
2015-10-27,"6,017",,,,,
2015-10-28,"6,051",,,,,
2015-10-29,"6,062",,,,,
2015-10-30,"6,087",,,,,
2015-11-02,"6,105",,,,,
2015-11-03,"6,104",,,,,
2015-11-04,"6,118",,,,,
2015-11-05,"6,108",,,,,
2015-11-06,"6,076",,,,,
2015-11-09,"6,043",,,,,
2015-11-10,"6,082",,,,,
2015-11-11,"6,051",,,,,
2015-11-12,"6,037",,,,,
2015-11-13,"5,984",,,,,
2015-11-16,"6,041",,,,,
2015-11-17,"6,139",,,,,
2015-11-18,"6,094",,,,,
2015-11-19,"6,133",,,,,
2015-11-20,"6,139",,,,,
2015-11-23,"6,118",,,,,
2015-11-24,"6,071",,,,,
2015-11-25,"6,144",,,,,
2015-11-26,"6,200",,,,,
2015-11-27,"6,245",,,,,
2015-11-30,"6,213",,,,,
2015-12-01,"6,190",,,,,
2015-12-02,"6,195",,,,,
2015-12-03,"6,093",,,,,
2015-12-04,"6,181",,,,,
2015-12-07,"6,191",,,,,
2015-12-08,"6,122",,,,,
2015-12-09,"6,163",,,,,
2015-12-10,"6,167",,,,,
2015-12-11,"6,084",,,,,
2015-12-14,"6,019",,,,,
2015-12-15,"6,111",,,,,
2015-12-16,"6,051",,,,,
2015-12-17,"6,033",,,,,
2015-12-18,"5,938",,,,,
2015-12-21,"5,800",,,,,
2015-12-22,"5,812",,,,,
2015-12-23,"5,936",,,,,
2015-12-24,"5,959",,,,,
2015-12-28,"5,930",,,,,
2015-12-29,"6,041",,,,,
2015-12-30,"6,036",,,,,
2015-12-31,"6,006",,,,,
2016-01-04,"5,881",,,,,
2016-01-05,"5,954",,,,,
2016-01-06,"5,925",,,,,
2016-01-07,"5,920",,,,,
2016-01-08,"5,891",,,,,
2016-01-11,"5,884",,,,,
2016-01-12,"5,789",,,,,
2016-01-13,"5,826",,,,,
2016-01-14,"5,777",,,,,
2016-01-15,"5,699",,,,,
2016-01-18,"5,674",,,,,
2016-01-19,"5,781",,,,,
2016-01-20,"5,708",,,,,
2016-01-21,"5,692",,,,,
2016-01-22,"5,834",,,,,
2016-01-25,"5,844",,,,,
2016-01-26,"5,885",,,,,
2016-01-27,"6,013",,,,,
2016-01-28,"5,971",,,,,
2016-01-29,"5,969",,,,,
2016-02-01,"6,035",,,,,
2016-02-02,"5,954",,,,,
2016-02-03,"5,890",,,,,
2016-02-04,"5,847",,,,,
2016-02-05,"5,778",,,,,
2016-02-08,"5,687",,,,,
2016-02-09,"5,629",,,,,
2016-02-10,"5,619",,,,,
2016-02-11,"5,485",,,,,
2016-02-12,"5,440",,,,,
2016-02-15,"5,580",,,,,
2016-02-16,"5,527",,,,,
2016-02-17,"5,539",,,,,
2016-02-18,"5,596",,,,,
2016-02-19,"5,565",,,,,
2016-02-22,"5,602",,,,,
2016-02-23,"5,518",,,,,
2016-02-24,"5,433",,,,,
2016-02-25,"5,490",,,,,
2016-02-26,"5,487",,,,,
2016-02-29,"5,521",,,,,
2016-03-01,"5,531",,,,,
2016-03-02,"5,484",,,,,
2016-03-03,"5,462",,,,,
2016-03-04,"5,441",,,,,
2016-03-07,"5,372",,,,,
2016-03-08,"5,388",,,,,
2016-03-09,"5,507",,,,,
2016-03-10,"5,568",,,,,
2016-03-11,"5,659",,,,,
2016-03-14,"5,635",,,,,
2016-03-15,"5,649",,,,,
2016-03-16,"5,582",,,,,
2016-03-17,"5,594",,,,,
2016-03-18,"5,596",,,,,
2016-03-21,"5,588",,,,,
2016-03-22,"5,536",,,,,
2016-03-23,"5,541",,,,,
2016-03-24,"5,512",,,,,
2016-03-29,"5,549",,,,,
2016-03-30,"5,509",,,,,
2016-03-31,"5,426",,,,,
2016-04-01,"5,390",,,,,
2016-04-04,"5,404",,,,,
2016-04-05,"5,336",,,,,
2016-04-06,"5,349",,,,,
2016-04-07,"5,324",,,,,
2016-04-08,"5,376",,,,,
2016-04-11,"5,410",,,,,
2016-04-12,"5,433",,,,,
2016-04-13,"5,484",,,,,
2016-04-14,"5,487",,,,,
2016-04-15,"5,507",,,,,
2016-04-18,"5,526",,,,,
2016-04-19,"5,552",,,,,
2016-04-20,"5,654",,,,,
2016-04-21,"5,615",,,,,
2016-04-22,"5,675",,,,,
2016-04-25,"5,647",,,,,
2016-04-26,"5,712",,,,,
2016-04-27,"5,750",,,,,
2016-04-28,"5,811",,,,,
2016-04-29,"5,743",,,,,
2016-05-02,"5,794",,,,,
2016-05-03,"5,679",,,,,
2016-05-04,"5,613",,,,,
2016-05-05,"5,638",,,,,
2016-05-06,"5,643",,,,,
2016-05-09,"5,645",,,,,
2016-05-10,"5,709",,,,,
2016-05-11,"5,590",,,,,
2016-05-12,"5,621",,,,,
2016-05-13,"5,672",,,,,
2016-05-16,"5,658",,,,,
2016-05-17,"5,599",,,,,
2016-05-18,"5,624",,,,,
2016-05-19,"5,579",,,,,
2016-05-20,"5,625",,,,,
2016-05-23,"5,550",,,,,
2016-05-24,"5,647",,,,,
2016-05-25,"5,699",,,,,
2016-05-26,"5,698",,,,,
2016-05-27,"5,715",,,,,
2016-05-30,"5,712",,,,,
2016-05-31,"5,643",,,,,
2016-06-01,"5,555",,,,,
2016-06-02,"5,570",,,,,
2016-06-03,"5,538",,,,,
2016-06-06,"5,532",,,,,
2016-06-07,"5,577",,,,,
2016-06-08,"5,603",,,,,
2016-06-09,"5,626",,,,,
2016-06-10,"5,475",,,,,
2016-06-13,"5,381",,,,,
2016-06-14,"5,247",,,,,
2016-06-15,"5,293",,,,,
2016-06-16,"5,287",,,,,
2016-06-17,"5,378",,,,,
2016-06-20,"5,569",,,,,
2016-06-21,"5,529",,,,,
2016-06-22,"5,540",,,,,
2016-06-23,"5,554",,,,,
2016-06-24,"4,988",,,,,
2016-06-27,"5,128",,,,,
2016-06-28,"5,288",,,,,
2016-06-29,"5,499",,,,,
2016-06-30,"5,635",,,,,
2016-07-01,"5,610",,,,,
2016-07-04,"5,656",,,,,
2016-07-05,"5,406",,,,,
2016-07-06,"5,380",,,,,
2016-07-07,"5,455",,,,,
2016-07-08,"5,529",,,,,
2016-07-11,"5,542",,,,,
2016-07-12,"5,521",,,,,
2016-07-13,"5,604",,,,,
2016-07-14,"5,614",,,,,
2016-07-15,"5,631",,,,,
2016-07-18,"5,672",,,,,
2016-07-19,"5,650",,,,,
2016-07-20,"5,790",,,,,
2016-07-21,"5,790",,,,,
2016-07-22,"5,785",,,,,
2016-07-25,"5,828",,,,,
2016-07-26,"5,828",,,,,
2016-07-27,"5,811",,,,,
2016-07-28,"5,755",,,,,
2016-07-29,"5,800",,,,,
2016-08-01,"5,751",,,,,
2016-08-02,"5,663",,,,,
2016-08-03,"5,624",,,,,
2016-08-04,"5,661",,,,,
2016-08-05,"5,687",,,,,
2016-08-08,"5,686",,,,,
2016-08-09,"5,690",,,,,
2016-08-10,"5,671",,,,,
2016-08-11,"5,739",,,,,
2016-08-12,"5,748",,,,,
2016-08-15,"5,735",,,,,
2016-08-16,"5,632",,,,,
2016-08-17,"5,569",,,,,
2016-08-18,"5,589",,,,,
2016-08-19,"5,529",,,,,
2016-08-22,"5,547",,,,,
2016-08-23,"5,580",,,,,
2016-08-24,"5,562",,,,,
2016-08-25,"5,548",,,,,
2016-08-26,"5,563",,,,,
2016-08-29,"5,551",,,,,
2016-08-30,"5,559",,,,,
2016-08-31,"5,569",,,,,
2016-09-01,"5,577",,,,,
2016-09-02,"5,679",,,,,
2016-09-05,"5,710",,,,,
2016-09-06,"5,685",,,,,
2016-09-07,"5,769",,,,,
2016-09-08,"5,738",,,,,
2016-09-09,"5,703",,,,,
2016-09-12,"5,603",,,,,
2016-09-13,"5,573",,,,,
2016-09-14,"5,582",,,,,
2016-09-15,"5,555",,,,,
2016-09-16,"5,596",,,,,
2016-09-19,"5,657",,,,,
2016-09-20,"5,624",,,,,
2016-09-21,"5,597",,,,,
2016-09-22,"5,702",,,,,
2016-09-23,"5,653",,,,,
2016-09-26,"5,634",,,,,
2016-09-27,"5,619",,,,,
2016-09-28,"5,686",,,,,
2016-09-29,"5,725",,,,,
2016-09-30,"5,712",,,,,
2016-10-03,"5,697",,,,,
2016-10-04,"5,673",,,,,
2016-10-05,"5,622",,,,,
2016-10-06,"5,585",,,,,
2016-10-07,"5,523",,,,,
2016-10-10,"5,581",,,,,
2016-10-11,"5,541",,,,,
2016-10-12,"5,522",,,,,
2016-10-13,"5,549",,,,,
2016-10-14,"5,663",,,,,
2016-10-17,"5,661",,,,,
2016-10-18,"5,743",,,,,
2016-10-19,"5,767",,,,,
2016-10-20,"5,802",,,,,
2016-10-21,"5,838",,,,,
2016-10-24,"5,836",,,,,
2016-10-25,"5,829",,,,,
2016-10-26,"5,877",,,,,
2016-10-27,"5,861",,,,,
2016-10-28,"5,876",,,,,
2016-10-31,"5,860",,,,,
2016-11-01,"5,825",,,,,
2016-11-02,"5,757",,,,,
2016-11-03,"5,715",,,,,
2016-11-04,"5,682",,,,,
2016-11-07,"5,721",,,,,
2016-11-08,"5,705",,,,,
2016-11-09,"5,588",,,,,
2016-11-10,"5,434",,,,,
2016-11-11,"5,394",,,,,
2016-11-14,"5,321",,,,,
2016-11-15,"5,335",,,,,
2016-11-16,"5,271",,,,,
2016-11-17,"5,385",,,,,
2016-11-18,"5,319",,,,,
2016-11-21,"5,314",,,,,
2016-11-22,"5,314",,,,,
2016-11-23,"5,280",,,,,
2016-11-24,"5,283",,,,,
2016-11-25,"5,394",,,,,
2016-11-28,"5,397",,,,,
2016-11-29,"5,409",,,,,
2016-11-30,"5,360",,,,,
2016-12-01,"5,284",,,,,
2016-12-02,"5,284",,,,,
2016-12-05,"5,267",,,,,
2016-12-06,"5,450",,,,,
2016-12-07,"5,407",,,,,
2016-12-08,"5,424",,,,,
2016-12-09,"5,499",,,,,
2016-12-12,"5,562",,,,,
2016-12-13,"5,405",,,,,
2016-12-14,"5,362",,,,,
2016-12-15,"5,422",,,,,
2016-12-16,"5,418",,,,,
2016-12-19,"5,446",,,,,
2016-12-20,"5,493",,,,,
2016-12-21,"5,499",,,,,
2016-12-22,"5,516",,,,,
2016-12-23,"5,542",,,,,
2016-12-27,"5,582",,,,,
2016-12-28,"5,587",,,,,
2016-12-29,"5,610",,,,,
2016-12-30,"5,628",,,,,
2017-01-02,"5,636","22,82","0,44","5,72","1,72","7.319,00"
2017-01-03,"5,596","22,82","0,44","5,72","1,72","7.319,00"
2017-01-04,"5,550","22,82","0,44","5,72","1,72","7.319,00"
2017-01-05,"5,518","22,82","0,44","5,72","1,72","7.319,00"
2017-01-06,"5,503","22,82","0,44","5,72","1,72","7.319,00"
2017-01-09,"5,525","22,82","0,44","5,72","1,72","7.319,00"
2017-01-10,"5,471","22,82","0,44","5,72","1,72","7.319,00"
2017-01-11,"5,493","22,82","0,44","5,72","1,72","7.319,00"
2017-01-12,"5,554","22,82","0,44","5,72","1,72","7.319,00"
2017-01-13,"5,562","22,82","0,44","5,72","1,72","7.319,00"
2017-01-16,"5,528","22,82","0,44","5,72","1,72","7.319,00"
2017-01-17,"5,528","22,82","0,44","5,72","1,72","7.319,00"
2017-01-18,"5,495","22,82","0,44","5,72","1,72","7.319,00"
2017-01-19,"5,452","22,82","0,44","5,72","1,72","7.319,00"
2017-01-20,"5,507","22,82","0,44","5,72","1,72","7.319,00"
2017-01-23,"5,442","22,82","0,44","5,72","1,72","7.319,00"
2017-01-24,"5,446","22,82","0,44","5,72","1,72","7.319,00"
2017-01-25,"5,445","22,82","0,44","5,72","1,72","7.319,00"
2017-01-26,"5,419","22,82","0,44","5,72","1,72","7.319,00"
2017-01-27,"5,390","22,82","0,44","5,72","1,72","7.319,00"
2017-01-30,"5,318","22,82","0,44","5,72","1,72","7.319,00"
2017-01-31,"5,348","22,82","0,44","5,72","1,72","7.319,00"
2017-02-01,"5,306","22,82","0,44","5,72","1,72","7.319,00"
2017-02-02,"5,358","22,82","0,44","5,72","1,72","7.319,00"
2017-02-03,"5,369","22,82","0,44","5,72","1,72","7.319,00"
2017-02-06,"5,346","22,82","0,44","5,72","1,72","7.319,00"
2017-02-07,"5,402","22,82","0,44","5,72","1,72","7.319,00"
2017-02-08,"5,504","22,82","0,44","5,72","1,72","7.319,00"
2017-02-09,"5,545","22,82","0,44","5,72","1,72","7.319,00"
2017-02-10,"5,497","22,82","0,44","5,72","1,72","7.319,00"
2017-02-13,"5,569","22,82","0,44","5,72","1,72","7.319,00"
2017-02-14,"5,511","22,82","0,44","5,72","1,72","7.319,00"
2017-02-15,"5,541","22,82","0,44","5,72","1,72","7.319,00"
2017-02-16,"5,556","22,82","0,44","5,72","1,72","7.319,00"
2017-02-17,"5,522","22,82","0,44","5,72","1,72","7.319,00"
2017-02-20,"5,583","22,82","0,44","5,72","1,72","7.319,00"
2017-02-21,"5,600","22,82","0,44","5,72","1,72","7.319,00"
2017-02-22,"5,577","22,82","0,44","5,72","1,72","7.319,00"
2017-02-23,"5,716","22,82","0,44","5,72","1,72","7.319,00"
2017-02-24,"5,757","22,82","0,44","5,72","1,72","7.319,00"
2017-02-27,"5,748","22,82","0,44","5,72","1,72","7.319,00"
2017-02-28,"5,752","22,82","0,44","5,72","1,72","7.319,00"
2017-03-01,"5,764","22,82","0,44","5,72","1,72","7.319,00"
2017-03-02,"5,772","22,82","0,44","5,72","1,72","7.319,00"
2017-03-03,"5,810","22,82","0,44","5,72","1,72","7.319,00"
2017-03-06,"5,846","22,82","0,44","5,72","1,72","7.319,00"
2017-03-07,"5,875","22,82","0,44","5,72","1,72","7.319,00"
2017-03-08,"5,858","22,82","0,44","5,72","1,72","7.319,00"
2017-03-09,"5,886","22,82","0,44","5,72","1,72","7.319,00"
2017-03-10,"5,776","22,82","0,44","5,72","1,72","7.319,00"
2017-03-13,"5,776","22,82","0,44","5,72","1,72","7.319,00"
2017-03-14,"5,768","22,82","0,44","5,72","1,72","7.319,00"
2017-03-15,"5,757","22,82","0,44","5,72","1,72","7.319,00"
2017-03-16,"5,830","22,82","0,44","5,72","1,72","7.319,00"
2017-03-17,"5,909","22,82","0,44","5,72","1,72","7.319,00"
2017-03-20,"5,876","22,82","0,44","5,72","1,72","7.319,00"
2017-03-21,"5,908","22,82","0,44","5,72","1,72","7.319,00"
2017-03-22,"5,971","22,82","0,44","5,72","1,72","7.319,00"
2017-03-23,"5,959","22,82","0,44","5,72","1,72","7.319,00"
2017-03-24,"5,945","22,82","0,44","5,72","1,72","7.319,00"
2017-03-27,"6,025","22,82","0,44","5,72","1,72","7.319,00"
2017-03-28,"6,040","22,82","0,44","5,72","1,72","7.319,00"
2017-03-29,"6,061","22,82","0,44","5,72","1,72","7.319,00"
2017-03-30,"6,080","22,82","0,44","5,72","1,72","7.319,00"
2017-03-31,"6,147","22,82","0,44","5,72","1,72","7.319,00"
2017-04-03,"6,090","22,82","0,44","5,72","1,72","7.319,00"
2017-04-04,"6,106","22,82","0,44","5,72","1,72","7.319,00"
2017-04-05,"6,126","22,82","0,44","5,72","1,72","7.319,00"
2017-04-06,"6,201","22,82","0,44","5,72","1,72","7.319,00"
2017-04-07,"6,205","22,82","0,44","5,72","1,72","7.319,00"
2017-04-10,"6,174","22,82","0,44","5,72","1,72","7.319,00"
2017-04-11,"6,153","22,82","0,44","5,72","1,72","7.319,00"
2017-04-12,"6,161","22,82","0,44","5,72","1,72","7.319,00"
2017-04-13,"6,131","22,82","0,44","5,72","1,72","7.319,00"
2017-04-18,"6,099","22,82","0,44","5,72","1,72","7.319,00"
2017-04-19,"6,022","22,82","0,44","5,72","1,72","7.319,00"
2017-04-20,"5,921","22,82","0,44","5,72","1,72","7.319,00"
2017-04-21,"5,970","22,82","0,44","5,72","1,72","7.319,00"
2017-04-24,"6,159","22,82","0,44","5,72","1,72","7.319,00"
2017-04-25,"6,052","22,82","0,44","5,72","1,72","7.319,00"
2017-04-26,"5,977","22,82","0,44","5,72","1,72","7.319,00"
2017-04-27,"6,049","22,82","0,44","5,72","1,72","7.319,00"
2017-04-28,"6,052","22,82","0,44","5,72","1,72","7.319,00"
2017-05-02,"6,123","22,82","0,44","5,72","1,72","7.319,00"
2017-05-03,"6,165","22,82","0,44","5,72","1,72","7.319,00"
2017-05-04,"6,274","22,82","0,44","5,72","1,72","7.319,00"
2017-05-05,"6,322","22,82","0,44","5,72","1,72","7.319,00"
2017-05-08,"6,289","22,82","0,44","5,72","1,72","7.319,00"
2017-05-09,"6,271","22,82","0,44","5,72","1,72","7.319,00"
2017-05-10,"6,254","22,82","0,44","5,72","1,72","7.319,00"
2017-05-11,"6,142","22,82","0,44","5,72","1,72","7.319,00"
2017-05-12,"6,197","22,82","0,44","5,72","1,72","7.319,00"
2017-05-15,"6,197","22,82","0,44","5,72","1,72","7.319,00"
2017-05-16,"6,297","22,82","0,44","5,72","1,72","7.319,00"
2017-05-17,"6,249","22,82","0,44","5,72","1,72","7.319,00"
2017-05-18,"6,248","22,82","0,44","5,72","1,72","7.319,00"
2017-05-19,"6,358","22,82","0,44","5,72","1,72","7.319,00"
2017-05-22,"6,380","22,82","0,44","5,72","1,72","7.319,00"
2017-05-23,"6,457","22,82","0,44","5,72","1,72","7.319,00"
2017-05-24,"6,376","22,82","0,44","5,72","1,72","7.319,00"
2017-05-25,"6,475","22,82","0,44","5,72","1,72","7.319,00"
2017-05-26,"6,423","22,82","0,44","5,72","1,72","7.319,00"
2017-05-29,"6,440","22,82","0,44","5,72","1,72","7.319,00"
2017-05-30,"6,462","22,82","0,44","5,72","1,72","7.319,00"
2017-05-31,"6,507","22,82","0,44","5,72","1,72","7.319,00"
2017-06-01,"6,516","22,82","0,44","5,72","1,72","7.319,00"
2017-06-02,"6,552","22,82","0,44","5,72","1,72","7.319,00"
2017-06-05,"6,593","22,82","0,44","5,72","1,72","7.319,00"
2017-06-06,"6,646","22,82","0,44","5,72","1,72","7.319,00"
2017-06-07,"6,593","22,82","0,44","5,72","1,72","7.319,00"
2017-06-08,"6,458","22,82","0,44","5,72","1,72","7.319,00"
2017-06-09,"6,425","22,82","0,44","5,72","1,72","7.319,00"
2017-06-12,"6,305","22,82","0,44","5,72","1,72","7.319,00"
2017-06-13,"6,317","22,82","0,44","5,72","1,72","7.319,00"
2017-06-14,"6,353","22,82","0,44","5,72","1,72","7.319,00"
2017-06-15,"6,340","22,82","0,44","5,72","1,72","7.319,00"
2017-06-16,"6,452","22,82","0,44","5,72","1,72","7.319,00"
2017-06-19,"6,442","22,82","0,44","5,72","1,72","7.319,00"
2017-06-20,"6,435","22,82","0,44","5,72","1,72","7.319,00"
2017-06-21,"6,470","22,82","0,44","5,72","1,72","7.319,00"
2017-06-22,"6,406","22,82","0,44","5,72","1,72","7.319,00"
2017-06-23,"6,353","22,82","0,44","5,72","1,72","7.319,00"
2017-06-26,"6,475","22,82","0,44","5,72","1,72","7.319,00"
2017-06-27,"6,315","22,82","0,44","5,72","1,72","7.319,00"
2017-06-28,"6,326","22,82","0,44","5,72","1,72","7.319,00"
2017-06-29,"6,255","22,82","0,44","5,72","1,72","7.319,00"
2017-06-30,"6,230","22,82","0,44","5,72","1,72","7.319,00"
2017-07-03,"6,232","22,82","0,44","5,72","1,72","7.319,00"
2017-07-04,"6,218","22,82","0,44","5,72","1,72","7.319,00"
2017-07-05,"6,190","22,82","0,44","5,72","1,72","7.319,00"
2017-07-06,"6,131","22,82","0,44","5,72","1,72","7.319,00"
2017-07-07,"6,125","22,82","0,44","5,72","1,72","7.319,00"
2017-07-10,"6,170","22,82","0,44","5,72","1,72","7.319,00"
2017-07-11,"6,130","22,82","0,44","5,72","1,72","7.319,00"
2017-07-12,"6,309","22,82","0,44","5,72","1,72","7.319,00"
2017-07-13,"6,314","22,82","0,44","5,72","1,72","7.319,00"
2017-07-14,"6,323","22,82","0,44","5,72","1,72","7.319,00"
2017-07-17,"6,341","22,82","0,44","5,72","1,72","7.319,00"
2017-07-18,"6,337","22,82","0,44","5,72","1,72","7.319,00"
2017-07-19,"6,444","22,82","0,44","5,72","1,72","7.319,00"
2017-07-20,"6,308","22,82","0,44","5,72","1,72","7.319,00"
2017-07-21,"6,216","22,82","0,44","5,72","1,72","7.319,00"
2017-07-24,"6,153","22,82","0,44","5,72","1,72","7.319,00"
2017-07-25,"6,138","22,82","0,44","5,72","1,72","7.319,00"
2017-07-26,"6,146","22,82","0,44","5,72","1,72","7.319,00"
2017-07-27,"6,166","22,82","0,44","5,72","1,72","7.319,00"
2017-07-28,"6,104","22,82","0,44","5,72","1,72","7.319,00"
2017-07-31,"6,115","22,82","0,44","5,72","1,72","7.319,00"
2017-08-01,"6,201","22,82","0,44","5,72","1,72","7.319,00"
2017-08-02,"6,204","22,82","0,44","5,72","1,72","7.319,00"
2017-08-03,"6,221","22,82","0,44","5,72","1,72","7.319,00"
2017-08-04,"6,285","22,82","0,44","5,72","1,72","7.319,00"
2017-08-07,"6,280","22,82","0,44","5,72","1,72","7.319,00"
2017-08-08,"6,323","22,82","0,44","5,72","1,72","7.319,00"
2017-08-09,"6,281","22,82","0,44","5,72","1,72","7.319,00"
2017-08-10,"6,200","22,82","0,44","5,72","1,72","7.319,00"
2017-08-11,"6,152","22,82","0,44","5,72","1,72","7.319,00"
2017-08-14,"6,301","22,82","0,44","5,72","1,72","7.319,00"
2017-08-15,"6,353","22,82","0,44","5,72","1,72","7.319,00"
2017-08-16,"6,396","22,82","0,44","5,72","1,72","7.319,00"
2017-08-17,"6,437","22,82","0,44","5,72","1,72","7.319,00"
2017-08-18,"6,433","22,82","0,44","5,72","1,72","7.319,00"
2017-08-21,"6,393","22,82","0,44","5,72","1,72","7.319,00"
2017-08-22,"6,406","22,82","0,44","5,72","1,72","7.319,00"
2017-08-23,"6,370","22,82","0,44","5,72","1,72","7.319,00"
2017-08-24,"6,356","22,82","0,44","5,72","1,72","7.319,00"
2017-08-25,"6,369","22,82","0,44","5,72","1,72","7.319,00"
2017-08-28,"6,341","22,82","0,44","5,72","1,72","7.319,00"
2017-08-29,"6,304","22,82","0,44","5,72","1,72","7.319,00"
2017-08-30,"6,285","22,82","0,44","5,72","1,72","7.319,00"
2017-08-31,"6,296","22,82","0,44","5,72","1,72","7.319,00"
2017-09-01,"6,304","22,82","0,44","5,72","1,72","7.319,00"
2017-09-04,"6,271","22,82","0,44","5,72","1,72","7.319,00"
2017-09-05,"6,297","22,82","0,44","5,72","1,72","7.319,00"
2017-09-06,"6,286","22,82","0,44","5,72","1,72","7.319,00"
2017-09-07,"6,341","22,82","0,44","5,72","1,72","7.319,00"
2017-09-08,"6,323","22,82","0,44","5,72","1,72","7.319,00"
2017-09-11,"6,359","22,82","0,44","5,72","1,72","7.319,00"
2017-09-12,"6,319","22,82","0,44","5,72","1,72","7.319,00"
2017-09-13,"6,304","22,82","0,44","5,72","1,72","7.319,00"
2017-09-14,"6,194","22,82","0,44","5,72","1,72","7.319,00"
2017-09-15,"6,193","22,82","0,44","5,72","1,72","7.319,00"
2017-09-18,"6,176","22,82","0,44","5,72","1,72","7.319,00"
2017-09-19,"6,194","22,82","0,44","5,72","1,72","7.319,00"
2017-09-20,"6,160","22,82","0,44","5,72","1,72","7.319,00"
2017-09-21,"6,123","22,82","0,44","5,72","1,72","7.319,00"
2017-09-22,"6,082","22,82","0,44","5,72","1,72","7.319,00"
2017-09-25,"6,102","22,82","0,44","5,72","1,72","7.319,00"
2017-09-26,"6,087","22,82","0,44","5,72","1,72","7.319,00"
2017-09-27,"6,057","22,82","0,44","5,72","1,72","7.319,00"
2017-09-28,"5,974","22,82","0,44","5,72","1,72","7.319,00"
2017-09-29,"6,031","22,82","0,44","5,72","1,72","7.319,00"
2017-10-02,"6,016","22,82","0,44","5,72","1,72","7.319,00"
2017-10-03,"5,938","22,82","0,44","5,72","1,72","7.319,00"
2017-10-04,"5,738","22,82","0,44","5,72","1,72","7.319,00"
2017-10-05,"5,917","22,82","0,44","5,72","1,72","7.319,00"
2017-10-06,"5,928","22,82","0,44","5,72","1,72","7.319,00"
2017-10-09,"6,050","22,82","0,44","5,72","1,72","7.319,00"
2017-10-10,"6,051","22,82","0,44","5,72","1,72","7.319,00"
2017-10-11,"6,184","22,82","0,44","5,72","1,72","7.319,00"
2017-10-12,"6,204","22,82","0,44","5,72","1,72","7.319,00"
2017-10-13,"6,215","22,82","0,44","5,72","1,72","7.319,00"
2017-10-16,"6,130","22,82","0,44","5,72","1,72","7.319,00"
2017-10-17,"6,149","22,82","0,44","5,72","1,72","7.319,00"
2017-10-18,"6,117","22,82","0,44","5,72","1,72","7.319,00"
2017-10-19,"6,134","22,82","0,44","5,72","1,72","7.319,00"
2017-10-20,"6,149","22,82","0,44","5,72","1,72","7.319,00"
2017-10-23,"6,194","22,82","0,44","5,72","1,72","7.319,00"
2017-10-24,"6,161","22,82","0,44","5,72","1,72","7.319,00"
2017-10-25,"6,037","22,82","0,44","5,72","1,72","7.319,00"
2017-10-26,"6,184","22,82","0,44","5,72","1,72","7.319,00"
2017-10-27,"6,130","22,82","0,44","5,72","1,72","7.319,00"
2017-10-30,"6,294","22,82","0,44","5,72","1,72","7.319,00"
2017-10-31,"6,367","22,82","0,44","5,72","1,72","7.319,00"
2017-11-01,"6,345","22,82","0,44","5,72","1,72","7.319,00"
2017-11-02,"6,328","22,82","0,44","5,72","1,72","7.319,00"
2017-11-03,"6,294","22,82","0,44","5,72","1,72","7.319,00"
2017-11-06,"6,313","22,82","0,44","5,72","1,72","7.319,00"
2017-11-07,"6,208","22,82","0,44","5,72","1,72","7.319,00"
2017-11-08,"6,191","22,82","0,44","5,72","1,72","7.319,00"
2017-11-09,"6,116","22,82","0,44","5,72","1,72","7.319,00"
2017-11-10,"6,053","22,82","0,44","5,72","1,72","7.319,00"
2017-11-13,"6,020","22,82","0,44","5,72","1,72","7.319,00"
2017-11-14,"5,961","22,82","0,44","5,72","1,72","7.319,00"
2017-11-15,"5,999","22,82","0,44","5,72","1,72","7.319,00"
2017-11-16,"6,005","22,82","0,44","5,72","1,72","7.319,00"
2017-11-17,"5,937","22,82","0,44","5,72","1,72","7.319,00"
2017-11-20,"5,928","22,82","0,44","5,72","1,72","7.319,00"
2017-11-21,"5,917","22,82","0,44","5,72","1,72","7.319,00"
2017-11-22,"5,928","22,82","0,44","5,72","1,72","7.319,00"
2017-11-23,"5,944","22,82","0,44","5,72","1,72","7.319,00"
2017-11-24,"5,902","22,82","0,44","5,72","1,72","7.319,00"
2017-11-27,"6,001","22,82","0,44","5,72","1,72","7.319,00"
2017-11-28,"6,051","22,82","0,44","5,72","1,72","7.319,00"
2017-11-29,"6,125","22,82","0,44","5,72","1,72","7.319,00"
2017-11-30,"6,123","22,82","0,44","5,72","1,72","7.319,00"
2017-12-01,"6,035","22,82","0,44","5,72","1,72","7.319,00"
2017-12-04,"6,082","22,82","0,44","5,72","1,72","7.319,00"
2017-12-05,"6,090","22,82","0,44","5,72","1,72","7.319,00"
2017-12-06,"6,158","22,82","0,44","5,72","1,72","7.319,00"
2017-12-07,"6,193","22,82","0,44","5,72","1,72","7.319,00"
2017-12-08,"6,164","22,82","0,44","5,72","1,72","7.319,00"
2017-12-11,"6,161","22,82","0,44","5,72","1,72","7.319,00"
2017-12-12,"6,167","22,82","0,44","5,72","1,72","7.319,00"
2017-12-13,"6,082","22,82","0,44","5,72","1,72","7.319,00"
2017-12-14,"5,981","22,82","0,44","5,72","1,72","7.319,00"
2017-12-15,"6,039","22,82","0,44","5,72","1,72","7.319,00"
2017-12-18,"6,095","22,82","0,44","5,72","1,72","7.319,00"
2017-12-19,"5,994","22,82","0,44","5,72","1,72","7.319,00"
2017-12-20,"6,038","22,82","0,44","5,72","1,72","7.319,00"
2017-12-21,"6,042","22,82","0,44","5,72","1,72","7.319,00"
2017-12-22,"5,981","22,82","0,44","5,72","1,72","7.319,00"
2017-12-27,"5,976","22,82","0,44","5,72","1,72","7.319,00"
2017-12-28,"5,924","22,82","0,44","5,72","1,72","7.319,00"
2017-12-29,"5,928","22,82","0,44","5,72","1,72","7.319,00"
2018-01-02,"5,876","21,36","0,47","5,03","1,71","9.349,00"
2018-01-03,"5,912","21,36","0,47","5,03","1,71","9.349,00"
2018-01-04,"6,114","21,36","0,47","5,03","1,71","9.349,00"
2018-01-05,"6,183","21,36","0,47","5,03","1,71","9.349,00"
2018-01-08,"6,130","21,36","0,47","5,03","1,71","9.349,00"
2018-01-09,"6,060","21,36","0,47","5,03","1,71","9.349,00"
2018-01-10,"5,994","21,36","0,47","5,03","1,71","9.349,00"
2018-01-11,"6,060","21,36","0,47","5,03","1,71","9.349,00"
2018-01-12,"6,107","21,36","0,47","5,03","1,71","9.349,00"
2018-01-15,"6,141","21,36","0,47","5,03","1,71","9.349,00"
2018-01-16,"6,266","21,36","0,47","5,03","1,71","9.349,00"
2018-01-17,"6,272","21,36","0,47","5,03","1,71","9.349,00"
2018-01-18,"6,219","21,36","0,47","5,03","1,71","9.349,00"
2018-01-19,"6,245","21,36","0,47","5,03","1,71","9.349,00"
2018-01-22,"6,251","21,36","0,47","5,03","1,71","9.349,00"
2018-01-23,"6,296","21,36","0,47","5,03","1,71","9.349,00"
2018-01-24,"6,317","21,36","0,47","5,03","1,71","9.349,00"
2018-01-25,"6,288","21,36","0,47","5,03","1,71","9.349,00"
2018-01-26,"6,257","21,36","0,47","5,03","1,71","9.349,00"
2018-01-29,"6,189","21,36","0,47","5,03","1,71","9.349,00"
2018-01-30,"6,126","21,36","0,47","5,03","1,71","9.349,00"
2018-01-31,"6,133","21,36","0,47","5,03","1,71","9.349,00"
2018-02-01,"6,085","21,36","0,47","5,03","1,71","9.349,00"
2018-02-02,"5,987","21,36","0,47","5,03","1,71","9.349,00"
2018-02-05,"5,899","21,36","0,47","5,03","1,71","9.349,00"
2018-02-06,"5,666","21,36","0,47","5,03","1,71","9.349,00"
2018-02-07,"5,797","21,36","0,47","5,03","1,71","9.349,00"
2018-02-08,"5,696","21,36","0,47","5,03","1,71","9.349,00"
2018-02-09,"5,591","21,36","0,47","5,03","1,71","9.349,00"
2018-02-12,"5,692","21,36","0,47","5,03","1,71","9.349,00"
2018-02-13,"5,606","21,36","0,47","5,03","1,71","9.349,00"
2018-02-14,"5,647","21,36","0,47","5,03","1,71","9.349,00"
2018-02-15,"5,654","21,36","0,47","5,03","1,71","9.349,00"
2018-02-16,"5,726","21,36","0,47","5,03","1,71","9.349,00"
2018-02-19,"5,711","21,36","0,47","5,03","1,71","9.349,00"
2018-02-20,"5,752","21,36","0,47","5,03","1,71","9.349,00"
2018-02-21,"5,516","21,36","0,47","5,03","1,71","9.349,00"
2018-02-22,"5,610","21,36","0,47","5,03","1,71","9.349,00"
2018-02-23,"5,709","21,36","0,47","5,03","1,71","9.349,00"
2018-02-26,"5,770","21,36","0,47","5,03","1,71","9.349,00"
2018-02-27,"5,769","21,36","0,47","5,03","1,71","9.349,00"
2018-02-28,"5,683","21,36","0,47","5,03","1,71","9.349,00"
2018-03-01,"5,664","21,36","0,47","5,03","1,71","9.349,00"
2018-03-02,"5,544","21,36","0,47","5,03","1,71","9.349,00"
2018-03-05,"5,653","21,36","0,47","5,03","1,71","9.349,00"
2018-03-06,"5,606","21,36","0,47","5,03","1,71","9.349,00"
2018-03-07,"5,600","21,36","0,47","5,03","1,71","9.349,00"
2018-03-08,"5,671","21,36","0,47","5,03","1,71","9.349,00"
2018-03-09,"5,660","21,36","0,47","5,03","1,71","9.349,00"
2018-03-12,"5,666","21,36","0,47","5,03","1,71","9.349,00"
2018-03-13,"5,625","21,36","0,47","5,03","1,71","9.349,00"
2018-03-14,"5,615","21,36","0,47","5,03","1,71","9.349,00"
2018-03-15,"5,645","21,36","0,47","5,03","1,71","9.349,00"
2018-03-16,"5,611","21,36","0,47","5,03","1,71","9.349,00"
2018-03-19,"5,566","21,36","0,47","5,03","1,71","9.349,00"
2018-03-20,"5,537","21,36","0,47","5,03","1,71","9.349,00"
2018-03-21,"5,518","21,36","0,47","5,03","1,71","9.349,00"
2018-03-22,"5,419","21,36","0,47","5,03","1,71","9.349,00"
2018-03-23,"5,391","21,36","0,47","5,03","1,71","9.349,00"
2018-03-26,"5,398","21,36","0,47","5,03","1,71","9.349,00"
2018-03-27,"5,452","21,36","0,47","5,03","1,71","9.349,00"
2018-03-28,"5,653","21,36","0,47","5,03","1,71","9.349,00"
2018-03-29,"5,585","21,36","0,47","5,03","1,71","9.349,00"
2018-04-03,"5,570","21,36","0,47","5,03","1,71","9.349,00"
2018-04-04,"5,546","21,36","0,47","5,03","1,71","9.349,00"
2018-04-05,"5,593","21,36","0,47","5,03","1,71","9.349,00"
2018-04-06,"5,621","21,36","0,47","5,03","1,71","9.349,00"
2018-04-09,"5,649","21,36","0,47","5,03","1,71","9.349,00"
2018-04-10,"5,638","21,36","0,47","5,03","1,71","9.349,00"
2018-04-11,"5,737","21,36","0,47","5,03","1,71","9.349,00"
2018-04-12,"5,755","21,36","0,47","5,03","1,71","9.349,00"
2018-04-13,"5,849","21,36","0,47","5,03","1,71","9.349,00"
2018-04-16,"5,813","21,36","0,47","5,03","1,71","9.349,00"
2018-04-17,"5,862","21,36","0,47","5,03","1,71","9.349,00"
2018-04-18,"5,890","21,36","0,47","5,03","1,71","9.349,00"
2018-04-19,"5,847","21,36","0,47","5,03","1,71","9.349,00"
2018-04-20,"5,870","21,36","0,47","5,03","1,71","9.349,00"
2018-04-23,"5,860","21,36","0,47","5,03","1,71","9.349,00"
2018-04-24,"5,892","21,36","0,47","5,03","1,71","9.349,00"
2018-04-25,"5,905","21,36","0,47","5,03","1,71","9.349,00"
2018-04-26,"5,939","21,36","0,47","5,03","1,71","9.349,00"
2018-04-27,"5,957","21,36","0,47","5,03","1,71","9.349,00"
2018-04-30,"6,000","21,36","0,47","5,03","1,71","9.349,00"
2018-05-02,"6,103","21,36","0,47","5,03","1,71","9.349,00"
2018-05-03,"6,094","21,36","0,47","5,03","1,71","9.349,00"
2018-05-04,"6,144","21,36","0,47","5,03","1,71","9.349,00"
2018-05-07,"6,144","21,36","0,47","5,03","1,71","9.349,00"
2018-05-08,"6,126","21,36","0,47","5,03","1,71","9.349,00"
2018-05-09,"6,115","21,36","0,47","5,03","1,71","9.349,00"
2018-05-10,"6,096","21,36","0,47","5,03","1,71","9.349,00"
2018-05-11,"6,090","21,36","0,47","5,03","1,71","9.349,00"
2018-05-14,"6,105","21,36","0,47","5,03","1,71","9.349,00"
2018-05-15,"6,130","21,36","0,47","5,03","1,71","9.349,00"
2018-05-16,"6,087","21,36","0,47","5,03","1,71","9.349,00"
2018-05-17,"6,139","21,36","0,47","5,03","1,71","9.349,00"
2018-05-18,"6,176","21,36","0,47","5,03","1,71","9.349,00"
2018-05-21,"6,115","21,36","0,47","5,03","1,71","9.349,00"
2018-05-22,"6,126","21,36","0,47","5,03","1,71","9.349,00"
2018-05-23,"6,066","21,36","0,47","5,03","1,71","9.349,00"
2018-05-24,"6,038","21,36","0,47","5,03","1,71","9.349,00"
2018-05-25,"5,896","21,36","0,47","5,03","1,71","9.349,00"
2018-05-28,"5,845","21,36","0,47","5,03","1,71","9.349,00"
2018-05-29,"5,761","21,36","0,47","5,03","1,71","9.349,00"
2018-05-30,"5,774","21,36","0,47","5,03","1,71","9.349,00"
2018-05-31,"5,679","21,36","0,47","5,03","1,71","9.349,00"
2018-06-01,"5,770","21,36","0,47","5,03","1,71","9.349,00"
2018-06-04,"5,942","21,36","0,47","5,03","1,71","9.349,00"
2018-06-05,"5,918","21,36","0,47","5,03","1,71","9.349,00"
2018-06-06,"5,950","21,36","0,47","5,03","1,71","9.349,00"
2018-06-07,"5,997","21,36","0,47","5,03","1,71","9.349,00"
2018-06-08,"5,942","21,36","0,47","5,03","1,71","9.349,00"
2018-06-11,"6,083","21,36","0,47","5,03","1,71","9.349,00"
2018-06-12,"6,105","21,36","0,47","5,03","1,71","9.349,00"
2018-06-13,"6,083","21,36","0,47","5,03","1,71","9.349,00"
2018-06-14,"6,229","21,36","0,47","5,03","1,71","9.349,00"
2018-06-15,"6,277","21,36","0,47","5,03","1,71","9.349,00"
2018-06-18,"6,143","21,36","0,47","5,03","1,71","9.349,00"
2018-06-19,"6,141","21,36","0,47","5,03","1,71","9.349,00"
2018-06-20,"6,158","21,36","0,47","5,03","1,71","9.349,00"
2018-06-21,"6,017","21,36","0,47","5,03","1,71","9.349,00"
2018-06-22,"6,103","21,36","0,47","5,03","1,71","9.349,00"
2018-06-25,"6,042","21,36","0,47","5,03","1,71","9.349,00"
2018-06-26,"6,126","21,36","0,47","5,03","1,71","9.349,00"
2018-06-27,"6,272","21,36","0,47","5,03","1,71","9.349,00"
2018-06-28,"6,225","21,36","0,47","5,03","1,71","9.349,00"
2018-06-29,"6,195","21,36","0,47","5,03","1,71","9.349,00"
2018-07-02,"6,193","21,36","0,47","5,03","1,71","9.349,00"
2018-07-03,"6,322","21,36","0,47","5,03","1,71","9.349,00"
2018-07-04,"6,431","21,36","0,47","5,03","1,71","9.349,00"
2018-07-05,"6,487","21,36","0,47","5,03","1,71","9.349,00"
2018-07-06,"6,515","21,36","0,47","5,03","1,71","9.349,00"
2018-07-09,"6,467","21,36","0,47","5,03","1,71","9.349,00"
2018-07-10,"6,444","21,36","0,47","5,03","1,71","9.349,00"
2018-07-11,"6,394","21,36","0,47","5,03","1,71","9.349,00"
2018-07-12,"6,413","21,36","0,47","5,03","1,71","9.349,00"
2018-07-13,"6,405","21,36","0,47","5,03","1,71","9.349,00"
2018-07-16,"6,390","21,36","0,47","5,03","1,71","9.349,00"
2018-07-17,"6,401","21,36","0,47","5,03","1,71","9.349,00"
2018-07-18,"6,432","21,36","0,47","5,03","1,71","9.349,00"
2018-07-19,"6,399","21,36","0,47","5,03","1,71","9.349,00"
2018-07-20,"6,419","21,36","0,47","5,03","1,71","9.349,00"
2018-07-23,"6,428","21,36","0,47","5,03","1,71","9.349,00"
2018-07-24,"6,367","21,36","0,47","5,03","1,71","9.349,00"
2018-07-25,"6,281","21,36","0,47","5,03","1,71","9.349,00"
2018-07-26,"6,315","21,36","0,47","5,03","1,71","9.349,00"
2018-07-27,"6,361","21,36","0,47","5,03","1,71","9.349,00"
2018-07-30,"6,346","21,36","0,47","5,03","1,71","9.349,00"
2018-07-31,"6,376","21,36","0,47","5,03","1,71","9.349,00"
2018-08-01,"6,313","21,36","0,47","5,03","1,71","9.349,00"
2018-08-02,"6,292","21,36","0,47","5,03","1,71","9.349,00"
2018-08-03,"6,296","21,36","0,47","5,03","1,71","9.349,00"
2018-08-06,"6,282","21,36","0,47","5,03","1,71","9.349,00"
2018-08-07,"6,290","21,36","0,47","5,03","1,71","9.349,00"
2018-08-08,"6,302","21,36","0,47","5,03","1,71","9.349,00"
2018-08-09,"6,281","21,36","0,47","5,03","1,71","9.349,00"
2018-08-10,"6,254","21,36","0,47","5,03","1,71","9.349,00"
2018-08-13,"6,244","21,36","0,47","5,03","1,71","9.349,00"
2018-08-14,"6,271","21,36","0,47","5,03","1,71","9.349,00"
2018-08-15,"6,212","21,36","0,47","5,03","1,71","9.349,00"
2018-08-16,"6,233","21,36","0,47","5,03","1,71","9.349,00"
2018-08-17,"6,233","21,36","0,47","5,03","1,71","9.349,00"
2018-08-20,"6,229","21,36","0,47","5,03","1,71","9.349,00"
2018-08-21,"6,233","21,36","0,47","5,03","1,71","9.349,00"
2018-08-22,"6,221","21,36","0,47","5,03","1,71","9.349,00"
2018-08-23,"6,200","21,36","0,47","5,03","1,71","9.349,00"
2018-08-24,"6,231","21,36","0,47","5,03","1,71","9.349,00"
2018-08-27,"6,229","21,36","0,47","5,03","1,71","9.349,00"
2018-08-28,"6,217","21,36","0,47","5,03","1,71","9.349,00"
2018-08-29,"6,242","21,36","0,47","5,03","1,71","9.349,00"
2018-08-30,"6,210","21,36","0,47","5,03","1,71","9.349,00"
2018-08-31,"6,158","21,36","0,47","5,03","1,71","9.349,00"
2018-09-03,"6,141","21,36","0,47","5,03","1,71","9.349,00"
2018-09-04,"6,133","21,36","0,47","5,03","1,71","9.349,00"
2018-09-05,"6,081","21,36","0,47","5,03","1,71","9.349,00"
2018-09-06,"6,041","21,36","0,47","5,03","1,71","9.349,00"
2018-09-07,"5,995","21,36","0,47","5,03","1,71","9.349,00"
2018-09-10,"6,048","21,36","0,47","5,03","1,71","9.349,00"
2018-09-11,"6,062","21,36","0,47","5,03","1,71","9.349,00"
2018-09-12,"6,004","21,36","0,47","5,03","1,71","9.349,00"
2018-09-13,"5,989","21,36","0,47","5,03","1,71","9.349,00"
2018-09-14,"5,993","21,36","0,47","5,03","1,71","9.349,00"
2018-09-17,"6,066","21,36","0,47","5,03","1,71","9.349,00"
2018-09-18,"6,102","21,36","0,47","5,03","1,71","9.349,00"
2018-09-19,"6,093","21,36","0,47","5,03","1,71","9.349,00"
2018-09-20,"6,169","21,36","0,47","5,03","1,71","9.349,00"
2018-09-21,"6,212","21,36","0,47","5,03","1,71","9.349,00"
2018-09-24,"6,110","21,36","0,47","5,03","1,71","9.349,00"
2018-09-25,"6,056","21,36","0,47","5,03","1,71","9.349,00"
2018-09-26,"6,137","21,36","0,47","5,03","1,71","9.349,00"
2018-09-27,"6,156","21,36","0,47","5,03","1,71","9.349,00"
2018-09-28,"6,077","21,36","0,47","5,03","1,71","9.349,00"
2018-10-01,"6,096","21,36","0,47","5,03","1,71","9.349,00"
2018-10-02,"6,116","21,36","0,47","5,03","1,71","9.349,00"
2018-10-03,"6,160","21,36","0,47","5,03","1,71","9.349,00"
2018-10-04,"6,106","21,36","0,47","5,03","1,71","9.349,00"
2018-10-05,"6,087","21,36","0,47","5,03","1,71","9.349,00"
2018-10-08,"6,108","21,36","0,47","5,03","1,71","9.349,00"
2018-10-09,"6,121","21,36","0,47","5,03","1,71","9.349,00"
2018-10-10,"6,098","21,36","0,47","5,03","1,71","9.349,00"
2018-10-11,"5,958","21,36","0,47","5,03","1,71","9.349,00"
2018-10-12,"5,753","21,36","0,47","5,03","1,71","9.349,00"
2018-10-15,"5,801","21,36","0,47","5,03","1,71","9.349,00"
2018-10-16,"5,955","21,36","0,47","5,03","1,71","9.349,00"
2018-10-17,"5,922","21,36","0,47","5,03","1,71","9.349,00"
2018-10-18,"5,922","21,36","0,47","5,03","1,71","9.349,00"
2018-10-19,"6,020","21,36","0,47","5,03","1,71","9.349,00"
2018-10-22,"5,995","21,36","0,47","5,03","1,71","9.349,00"
2018-10-23,"6,043","21,36","0,47","5,03","1,71","9.349,00"
2018-10-24,"6,056","21,36","0,47","5,03","1,71","9.349,00"
2018-10-25,"6,104","21,36","0,47","5,03","1,71","9.349,00"
2018-10-26,"6,045","21,36","0,47","5,03","1,71","9.349,00"
2018-10-29,"6,043","21,36","0,47","5,03","1,71","9.349,00"
2018-10-30,"6,050","21,36","0,47","5,03","1,71","9.349,00"
2018-10-31,"5,999","21,36","0,47","5,03","1,71","9.349,00"
2018-11-01,"6,058","21,36","0,47","5,03","1,71","9.349,00"
2018-11-02,"6,033","21,36","0,47","5,03","1,71","9.349,00"
2018-11-05,"6,070","21,36","0,47","5,03","1,71","9.349,00"
2018-11-06,"6,112","21,36","0,47","5,03","1,71","9.349,00"
2018-11-07,"6,206","21,36","0,47","5,03","1,71","9.349,00"
2018-11-08,"6,256","21,36","0,47","5,03","1,71","9.349,00"
2018-11-09,"6,300","21,36","0,47","5,03","1,71","9.349,00"
2018-11-12,"6,306","21,36","0,47","5,03","1,71","9.349,00"
2018-11-13,"6,338","21,36","0,47","5,03","1,71","9.349,00"
2018-11-14,"6,424","21,36","0,47","5,03","1,71","9.349,00"
2018-11-15,"6,438","21,36","0,47","5,03","1,71","9.349,00"
2018-11-16,"6,409","21,36","0,47","5,03","1,71","9.349,00"
2018-11-19,"6,421","21,36","0,47","5,03","1,71","9.349,00"
2018-11-20,"6,357","21,36","0,47","5,03","1,71","9.349,00"
2018-11-21,"6,348","21,36","0,47","5,03","1,71","9.349,00"
2018-11-22,"6,319","21,36","0,47","5,03","1,71","9.349,00"
2018-11-23,"6,348","21,36","0,47","5,03","1,71","9.349,00"
2018-11-26,"6,428","21,36","0,47","5,03","1,71","9.349,00"
2018-11-27,"6,492","21,36","0,47","5,03","1,71","9.349,00"
2018-11-28,"6,421","21,36","0,47","5,03","1,71","9.349,00"
2018-11-29,"6,330","21,36","0,47","5,03","1,71","9.349,00"
2018-11-30,"6,319","21,36","0,47","5,03","1,71","9.349,00"
2018-12-03,"6,346","21,36","0,47","5,03","1,71","9.349,00"
2018-12-04,"6,361","21,36","0,47","5,03","1,71","9.349,00"
2018-12-05,"6,371","21,36","0,47","5,03","1,71","9.349,00"
2018-12-06,"6,263","21,36","0,47","5,03","1,71","9.349,00"
2018-12-07,"6,325","21,36","0,47","5,03","1,71","9.349,00"
2018-12-10,"6,296","21,36","0,47","5,03","1,71","9.349,00"
2018-12-11,"6,426","21,36","0,47","5,03","1,71","9.349,00"
2018-12-12,"6,564","21,36","0,47","5,03","1,71","9.349,00"
2018-12-13,"6,720","21,36","0,47","5,03","1,71","9.349,00"
2018-12-14,"6,741","21,36","0,47","5,03","1,71","9.349,00"
2018-12-17,"6,806","21,36","0,47","5,03","1,71","9.349,00"
2018-12-18,"6,681","21,36","0,47","5,03","1,71","9.349,00"
2018-12-19,"6,762","21,36","0,47","5,03","1,71","9.349,00"
2018-12-20,"6,735","21,36","0,47","5,03","1,71","9.349,00"
2018-12-21,"6,722","21,36","0,47","5,03","1,71","9.349,00"
2018-12-24,"6,748","21,36","0,47","5,03","1,71","9.349,00"
2018-12-27,"6,541","21,36","0,47","5,03","1,71","9.349,00"
2018-12-28,"6,630","21,36","0,47","5,03","1,71","9.349,00"
2018-12-31,"6,729","21,36","0,47","5,03","1,71","9.349,00"
2019-01-02,"6,710","18,59","0,54","3,85","1,66","10.104,00"
2019-01-03,"6,722","18,59","0,54","3,85","1,66","10.104,00"
2019-01-04,"6,771","18,59","0,54","3,85","1,66","10.104,00"
2019-01-07,"6,823","18,59","0,54","3,85","1,66","10.104,00"
2019-01-08,"6,798","18,59","0,54","3,85","1,66","10.104,00"
2019-01-09,"6,708","18,59","0,54","3,85","1,66","10.104,00"
2019-01-10,"6,745","18,59","0,54","3,85","1,66","10.104,00"
2019-01-11,"6,753","18,59","0,54","3,85","1,66","10.104,00"
2019-01-14,"6,722","18,59","0,54","3,85","1,66","10.104,00"
2019-01-15,"6,767","18,59","0,54","3,85","1,66","10.104,00"
2019-01-16,"6,761","18,59","0,54","3,85","1,66","10.104,00"
2019-01-17,"6,792","18,59","0,54","3,85","1,66","10.104,00"
2019-01-18,"6,904","18,59","0,54","3,85","1,66","10.104,00"
2019-01-21,"6,851","18,59","0,54","3,85","1,66","10.104,00"
2019-01-22,"6,888","18,59","0,54","3,85","1,66","10.104,00"
2019-01-23,"6,909","18,59","0,54","3,85","1,66","10.104,00"
2019-01-24,"6,952","18,59","0,54","3,85","1,66","10.104,00"
2019-01-25,"6,911","18,59","0,54","3,85","1,66","10.104,00"
2019-01-28,"6,907","18,59","0,54","3,85","1,66","10.104,00"
2019-01-29,"6,978","18,59","0,54","3,85","1,66","10.104,00"
2019-01-30,"6,947","18,59","0,54","3,85","1,66","10.104,00"
2019-01-31,"7,036","18,59","0,54","3,85","1,66","10.104,00"
2019-02-01,"7,001","18,59","0,54","3,85","1,66","10.104,00"
2019-02-04,"7,029","18,59","0,54","3,85","1,66","10.104,00"
2019-02-05,"7,070","18,59","0,54","3,85","1,66","10.104,00"
2019-02-06,"7,079","18,59","0,54","3,85","1,66","10.104,00"
2019-02-07,"7,075","18,59","0,54","3,85","1,66","10.104,00"
2019-02-08,"7,019","18,59","0,54","3,85","1,66","10.104,00"
2019-02-11,"7,072","18,59","0,54","3,85","1,66","10.104,00"
2019-02-12,"7,099","18,59","0,54","3,85","1,66","10.104,00"
2019-02-13,"7,066","18,59","0,54","3,85","1,66","10.104,00"
2019-02-14,"7,021","18,59","0,54","3,85","1,66","10.104,00"
2019-02-15,"7,085","18,59","0,54","3,85","1,66","10.104,00"
2019-02-18,"7,077","18,59","0,54","3,85","1,66","10.104,00"
2019-02-19,"7,064","18,59","0,54","3,85","1,66","10.104,00"
2019-02-20,"7,156","18,59","0,54","3,85","1,66","10.104,00"
2019-02-21,"7,232","18,59","0,54","3,85","1,66","10.104,00"
2019-02-22,"7,249","18,59","0,54","3,85","1,66","10.104,00"
2019-02-25,"7,169","18,59","0,54","3,85","1,66","10.104,00"
2019-02-26,"7,167","18,59","0,54","3,85","1,66","10.104,00"
2019-02-27,"7,175","18,59","0,54","3,85","1,66","10.104,00"
2019-02-28,"7,185","18,59","0,54","3,85","1,66","10.104,00"
2019-03-01,"7,126","18,59","0,54","3,85","1,66","10.104,00"
2019-03-04,"7,146","18,59","0,54","3,85","1,66","10.104,00"
2019-03-05,"7,183","18,59","0,54","3,85","1,66","10.104,00"
2019-03-06,"7,208","18,59","0,54","3,85","1,66","10.104,00"
2019-03-07,"7,463","18,59","0,54","3,85","1,66","10.104,00"
2019-03-08,"7,377","18,59","0,54","3,85","1,66","10.104,00"
2019-03-11,"7,415","18,59","0,54","3,85","1,66","10.104,00"
2019-03-12,"7,460","18,59","0,54","3,85","1,66","10.104,00"
2019-03-13,"7,415","18,59","0,54","3,85","1,66","10.104,00"
2019-03-14,"7,423","18,59","0,54","3,85","1,66","10.104,00"
2019-03-15,"7,498","18,59","0,54","3,85","1,66","10.104,00"
2019-03-18,"7,546","18,59","0,54","3,85","1,66","10.104,00"
2019-03-19,"7,560","18,59","0,54","3,85","1,66","10.104,00"
2019-03-20,"7,591","18,59","0,54","3,85","1,66","10.104,00"
2019-03-21,"7,603","18,59","0,54","3,85","1,66","10.104,00"
2019-03-22,"7,552","18,59","0,54","3,85","1,66","10.104,00"
2019-03-25,"7,593","18,59","0,54","3,85","1,66","10.104,00"
2019-03-26,"7,590","18,59","0,54","3,85","1,66","10.104,00"
2019-03-27,"7,705","18,59","0,54","3,85","1,66","10.104,00"
2019-03-28,"7,676","18,59","0,54","3,85","1,66","10.104,00"
2019-03-29,"7,648","18,59","0,54","3,85","1,66","10.104,00"
2019-04-01,"7,593","18,59","0,54","3,85","1,66","10.104,00"
2019-04-02,"7,621","18,59","0,54","3,85","1,66","10.104,00"
2019-04-03,"7,730","18,59","0,54","3,85","1,66","10.104,00"
2019-04-04,"7,779","18,59","0,54","3,85","1,66","10.104,00"
2019-04-05,"7,761","18,59","0,54","3,85","1,66","10.104,00"
2019-04-08,"7,724","18,59","0,54","3,85","1,66","10.104,00"
2019-04-09,"7,734","18,59","0,54","3,85","1,66","10.104,00"
2019-04-10,"7,767","18,59","0,54","3,85","1,66","10.104,00"
2019-04-11,"7,670","18,59","0,54","3,85","1,66","10.104,00"
2019-04-12,"7,578","18,59","0,54","3,85","1,66","10.104,00"
2019-04-15,"7,613","18,59","0,54","3,85","1,66","10.104,00"
2019-04-16,"7,543","18,59","0,54","3,85","1,66","10.104,00"
2019-04-17,"7,586","18,59","0,54","3,85","1,66","10.104,00"
2019-04-18,"7,601","18,59","0,54","3,85","1,66","10.104,00"
2019-04-23,"7,660","18,59","0,54","3,85","1,66","10.104,00"
2019-04-24,"7,635","18,59","0,54","3,85","1,66","10.104,00"
2019-04-25,"7,963","18,59","0,54","3,85","1,66","10.104,00"
2019-04-26,"7,861","18,59","0,54","3,85","1,66","10.104,00"
2019-04-29,"7,754","18,59","0,54","3,85","1,66","10.104,00"
2019-04-30,"7,914","18,59","0,54","3,85","1,66","10.104,00"
2019-05-02,"7,765","18,59","0,54","3,85","1,66","10.104,00"
2019-05-03,"7,795","18,59","0,54","3,85","1,66","10.104,00"
2019-05-06,"7,824","18,59","0,54","3,85","1,66","10.104,00"
2019-05-07,"7,840","18,59","0,54","3,85","1,66","10.104,00"
2019-05-08,"7,734","18,59","0,54","3,85","1,66","10.104,00"
2019-05-09,"7,701","18,59","0,54","3,85","1,66","10.104,00"
2019-05-10,"7,810","18,59","0,54","3,85","1,66","10.104,00"
2019-05-13,"7,879","18,59","0,54","3,85","1,66","10.104,00"
2019-05-14,"7,930","18,59","0,54","3,85","1,66","10.104,00"
2019-05-15,"8,006","18,59","0,54","3,85","1,66","10.104,00"
2019-05-16,"8,027","18,59","0,54","3,85","1,66","10.104,00"
2019-05-17,"7,994","18,59","0,54","3,85","1,66","10.104,00"
2019-05-20,"7,988","18,59","0,54","3,85","1,66","10.104,00"
2019-05-21,"7,974","18,59","0,54","3,85","1,66","10.104,00"
2019-05-22,"8,111","18,59","0,54","3,85","1,66","10.104,00"
2019-05-23,"8,076","18,59","0,54","3,85","1,66","10.104,00"
2019-05-24,"8,258","18,59","0,54","3,85","1,66","10.104,00"
2019-05-27,"8,303","18,59","0,54","3,85","1,66","10.104,00"
2019-05-28,"8,283","18,59","0,54","3,85","1,66","10.104,00"
2019-05-29,"8,248","18,59","0,54","3,85","1,66","10.104,00"
2019-05-30,"8,227","18,59","0,54","3,85","1,66","10.104,00"
2019-05-31,"8,125","18,59","0,54","3,85","1,66","10.104,00"
2019-06-03,"8,235","18,59","0,54","3,85","1,66","10.104,00"
2019-06-04,"8,264","18,59","0,54","3,85","1,66","10.104,00"
2019-06-05,"8,409","18,59","0,54","3,85","1,66","10.104,00"
2019-06-06,"8,579","18,59","0,54","3,85","1,66","10.104,00"
2019-06-07,"8,668","18,59","0,54","3,85","1,66","10.104,00"
2019-06-10,"8,618","18,59","0,54","3,85","1,66","10.104,00"
2019-06-11,"8,598","18,59","0,54","3,85","1,66","10.104,00"
2019-06-12,"8,688","18,59","0,54","3,85","1,66","10.104,00"
2019-06-13,"8,698","18,59","0,54","3,85","1,66","10.104,00"
2019-06-14,"8,754","18,59","0,54","3,85","1,66","10.104,00"
2019-06-17,"8,698","18,59","0,54","3,85","1,66","10.104,00"
2019-06-18,"8,862","18,59","0,54","3,85","1,66","10.104,00"
2019-06-19,"8,707","18,59","0,54","3,85","1,66","10.104,00"
2019-06-20,"8,702","18,59","0,54","3,85","1,66","10.104,00"
2019-06-21,"8,747","18,59","0,54","3,85","1,66","10.104,00"
2019-06-24,"8,741","18,59","0,54","3,85","1,66","10.104,00"
2019-06-25,"8,684","18,59","0,54","3,85","1,66","10.104,00"
2019-06-26,"8,620","18,59","0,54","3,85","1,66","10.104,00"
2019-06-27,"8,576","18,59","0,54","3,85","1,66","10.104,00"
2019-06-28,"8,567","18,59","0,54","3,85","1,66","10.104,00"
2019-07-01,"8,541","18,59","0,54","3,85","1,66","10.104,00"
2019-07-02,"8,684","18,59","0,54","3,85","1,66","10.104,00"
2019-07-03,"8,797","18,59","0,54","3,85","1,66","10.104,00"
2019-07-04,"8,732","18,59","0,54","3,85","1,66","10.104,00"
2019-07-05,"8,630","18,59","0,54","3,85","1,66","10.104,00"
2019-07-08,"8,592","18,59","0,54","3,85","1,66","10.104,00"
2019-07-09,"8,594","18,59","0,54","3,85","1,66","10.104,00"
2019-07-10,"8,614","18,59","0,54","3,85","1,66","10.104,00"
2019-07-11,"8,592","18,59","0,54","3,85","1,66","10.104,00"
2019-07-12,"8,550","18,59","0,54","3,85","1,66","10.104,00"
2019-07-15,"8,564","18,59","0,54","3,85","1,66","10.104,00"
2019-07-16,"8,566","18,59","0,54","3,85","1,66","10.104,00"
2019-07-17,"8,574","18,59","0,54","3,85","1,66","10.104,00"
2019-07-18,"8,614","18,59","0,54","3,85","1,66","10.104,00"
2019-07-19,"8,512","18,59","0,54","3,85","1,66","10.104,00"
2019-07-22,"8,516","18,59","0,54","3,85","1,66","10.104,00"
2019-07-23,"8,564","18,59","0,54","3,85","1,66","10.104,00"
2019-07-24,"8,640","18,59","0,54","3,85","1,66","10.104,00"
2019-07-25,"8,640","18,59","0,54","3,85","1,66","10.104,00"
2019-07-26,"8,592","18,59","0,54","3,85","1,66","10.104,00"
2019-07-29,"8,638","18,59","0,54","3,85","1,66","10.104,00"
2019-07-30,"8,520","18,59","0,54","3,85","1,66","10.104,00"
2019-07-31,"8,570","18,59","0,54","3,85","1,66","10.104,00"
2019-08-01,"8,618","18,59","0,54","3,85","1,66","10.104,00"
2019-08-02,"8,660","18,59","0,54","3,85","1,66","10.104,00"
2019-08-05,"8,642","18,59","0,54","3,85","1,66","10.104,00"
2019-08-06,"8,700","18,59","0,54","3,85","1,66","10.104,00"
2019-08-07,"8,788","18,59","0,54","3,85","1,66","10.104,00"
2019-08-08,"8,804","18,59","0,54","3,85","1,66","10.104,00"
2019-08-09,"8,818","18,59","0,54","3,85","1,66","10.104,00"
2019-08-12,"8,894","18,59","0,54","3,85","1,66","10.104,00"
2019-08-13,"8,932","18,59","0,54","3,85","1,66","10.104,00"
2019-08-14,"8,926","18,59","0,54","3,85","1,66","10.104,00"
2019-08-15,"9,130","18,59","0,54","3,85","1,66","10.104,00"
2019-08-16,"9,246","18,59","0,54","3,85","1,66","10.104,00"
2019-08-19,"9,298","18,59","0,54","3,85","1,66","10.104,00"
2019-08-20,"9,286","18,59","0,54","3,85","1,66","10.104,00"
2019-08-21,"9,338","18,59","0,54","3,85","1,66","10.104,00"
2019-08-22,"9,314","18,59","0,54","3,85","1,66","10.104,00"
2019-08-23,"9,260","18,59","0,54","3,85","1,66","10.104,00"
2019-08-26,"9,262","18,59","0,54","3,85","1,66","10.104,00"
2019-08-27,"9,304","18,59","0,54","3,85","1,66","10.104,00"
2019-08-28,"9,316","18,59","0,54","3,85","1,66","10.104,00"
2019-08-29,"9,356","18,59","0,54","3,85","1,66","10.104,00"
2019-08-30,"9,352","18,59","0,54","3,85","1,66","10.104,00"
2019-09-02,"9,442","18,59","0,54","3,85","1,66","10.104,00"
2019-09-03,"9,526","18,59","0,54","3,85","1,66","10.104,00"
2019-09-04,"9,498","18,59","0,54","3,85","1,66","10.104,00"
2019-09-05,"9,438","18,59","0,54","3,85","1,66","10.104,00"
2019-09-06,"9,428","18,59","0,54","3,85","1,66","10.104,00"
2019-09-09,"9,230","18,59","0,54","3,85","1,66","10.104,00"
2019-09-10,"9,196","18,59","0,54","3,85","1,66","10.104,00"
2019-09-11,"9,194","18,59","0,54","3,85","1,66","10.104,00"
2019-09-12,"9,308","18,59","0,54","3,85","1,66","10.104,00"
2019-09-13,"9,210","18,59","0,54","3,85","1,66","10.104,00"
2019-09-16,"9,156","18,59","0,54","3,85","1,66","10.104,00"
2019-09-17,"9,270","18,59","0,54","3,85","1,66","10.104,00"
2019-09-18,"9,320","18,59","0,54","3,85","1,66","10.104,00"
2019-09-19,"9,332","18,59","0,54","3,85","1,66","10.104,00"
2019-09-20,"9,272","18,59","0,54","3,85","1,66","10.104,00"
2019-09-23,"9,350","18,59","0,54","3,85","1,66","10.104,00"
2019-09-24,"9,436","18,59","0,54","3,85","1,66","10.104,00"
2019-09-25,"9,388","18,59","0,54","3,85","1,66","10.104,00"
2019-09-26,"9,480","18,59","0,54","3,85","1,66","10.104,00"
2019-09-27,"9,418","18,59","0,54","3,85","1,66","10.104,00"
2019-09-30,"9,536","18,59","0,54","3,85","1,66","10.104,00"
2019-10-01,"9,420","18,59","0,54","3,85","1,66","10.104,00"
2019-10-02,"9,310","18,59","0,54","3,85","1,66","10.104,00"
2019-10-03,"9,300","18,59","0,54","3,85","1,66","10.104,00"
2019-10-04,"9,388","18,59","0,54","3,85","1,66","10.104,00"
2019-10-07,"9,424","18,59","0,54","3,85","1,66","10.104,00"
2019-10-08,"9,332","18,59","0,54","3,85","1,66","10.104,00"
2019-10-09,"9,352","18,59","0,54","3,85","1,66","10.104,00"
2019-10-10,"9,298","18,59","0,54","3,85","1,66","10.104,00"
2019-10-11,"9,214","18,59","0,54","3,85","1,66","10.104,00"
2019-10-14,"9,254","18,59","0,54","3,85","1,66","10.104,00"
2019-10-15,"9,156","18,59","0,54","3,85","1,66","10.104,00"
2019-10-16,"9,160","18,59","0,54","3,85","1,66","10.104,00"
2019-10-17,"9,094","18,59","0,54","3,85","1,66","10.104,00"
2019-10-18,"9,122","18,59","0,54","3,85","1,66","10.104,00"
2019-10-21,"9,060","18,59","0,54","3,85","1,66","10.104,00"
2019-10-22,"9,106","18,59","0,54","3,85","1,66","10.104,00"
2019-10-23,"9,132","18,59","0,54","3,85","1,66","10.104,00"
2019-10-24,"9,204","18,59","0,54","3,85","1,66","10.104,00"
2019-10-25,"9,216","18,59","0,54","3,85","1,66","10.104,00"
2019-10-28,"9,182","18,59","0,54","3,85","1,66","10.104,00"
2019-10-29,"9,150","18,59","0,54","3,85","1,66","10.104,00"
2019-10-30,"9,128","18,59","0,54","3,85","1,66","10.104,00"
2019-10-31,"9,208","18,59","0,54","3,85","1,66","10.104,00"
2019-11-01,"9,176","18,59","0,54","3,85","1,66","10.104,00"
2019-11-04,"9,136","18,59","0,54","3,85","1,66","10.104,00"
2019-11-05,"9,040","18,59","0,54","3,85","1,66","10.104,00"
2019-11-06,"9,048","18,59","0,54","3,85","1,66","10.104,00"
2019-11-07,"8,876","18,59","0,54","3,85","1,66","10.104,00"
2019-11-08,"8,968","18,59","0,54","3,85","1,66","10.104,00"
2019-11-11,"8,898","18,59","0,54","3,85","1,66","10.104,00"
2019-11-12,"8,868","18,59","0,54","3,85","1,66","10.104,00"
2019-11-13,"8,836","18,59","0,54","3,85","1,66","10.104,00"
2019-11-14,"8,802","18,59","0,54","3,85","1,66","10.104,00"
2019-11-15,"8,820","18,59","0,54","3,85","1,66","10.104,00"
2019-11-18,"8,930","18,59","0,54","3,85","1,66","10.104,00"
2019-11-19,"8,914","18,59","0,54","3,85","1,66","10.104,00"
2019-11-20,"8,898","18,59","0,54","3,85","1,66","10.104,00"
2019-11-21,"8,868","18,59","0,54","3,85","1,66","10.104,00"
2019-11-22,"8,874","18,59","0,54","3,85","1,66","10.104,00"
2019-11-25,"8,898","18,59","0,54","3,85","1,66","10.104,00"
2019-11-26,"8,896","18,59","0,54","3,85","1,66","10.104,00"
2019-11-27,"8,928","18,59","0,54","3,85","1,66","10.104,00"
2019-11-28,"8,916","18,59","0,54","3,85","1,66","10.104,00"
2019-11-29,"8,928","18,59","0,54","3,85","1,66","10.104,00"
2019-12-02,"8,594","18,59","0,54","3,85","1,66","10.104,00"
2019-12-03,"8,600","18,59","0,54","3,85","1,66","10.104,00"
2019-12-04,"8,672","18,59","0,54","3,85","1,66","10.104,00"
2019-12-05,"8,664","18,59","0,54","3,85","1,66","10.104,00"
2019-12-06,"8,772","18,59","0,54","3,85","1,66","10.104,00"
2019-12-09,"8,794","18,59","0,54","3,85","1,66","10.104,00"
2019-12-10,"8,792","18,59","0,54","3,85","1,66","10.104,00"
2019-12-11,"8,948","18,59","0,54","3,85","1,66","10.104,00"
2019-12-12,"8,910","18,59","0,54","3,85","1,66","10.104,00"
2019-12-13,"8,998","18,59","0,54","3,85","1,66","10.104,00"
2019-12-16,"9,080","18,59","0,54","3,85","1,66","10.104,00"
2019-12-17,"9,158","18,59","0,54","3,85","1,66","10.104,00"
2019-12-18,"9,164","18,59","0,54","3,85","1,66","10.104,00"
2019-12-19,"9,120","18,59","0,54","3,85","1,66","10.104,00"
2019-12-20,"9,268","18,59","0,54","3,85","1,66","10.104,00"
2019-12-23,"9,280","18,59","0,54","3,85","1,66","10.104,00"
2019-12-24,"9,246","18,59","0,54","3,85","1,66","10.104,00"
2019-12-27,"9,322","18,59","0,54","3,85","1,66","10.104,00"
2019-12-30,"9,115","18,59","0,54","3,85","1,66","10.104,00"
2019-12-31,"9,013","18,59","0,54","3,85","1,66","10.104,00"
2020-01-02,"9,052","18,25","0,55","3,55","1,57","10.568,00"
2020-01-03,"9,011","18,25","0,55","3,55","1,57","10.568,00"
2020-01-06,"8,966","18,25","0,55","3,55","1,57","10.568,00"
2020-01-07,"8,791","18,25","0,55","3,55","1,57","10.568,00"
2020-01-08,"8,821","18,25","0,55","3,55","1,57","10.568,00"
2020-01-09,"8,830","18,25","0,55","3,55","1,57","10.568,00"
2020-01-10,"8,984","18,25","0,55","3,55","1,57","10.568,00"
2020-01-13,"9,000","18,25","0,55","3,55","1,57","10.568,00"
2020-01-14,"9,032","18,25","0,55","3,55","1,57","10.568,00"
2020-01-15,"9,210","18,25","0,55","3,55","1,57","10.568,00"
2020-01-16,"9,312","18,25","0,55","3,55","1,57","10.568,00"
2020-01-17,"9,404","18,25","0,55","3,55","1,57","10.568,00"
2020-01-20,"9,450","18,25","0,55","3,55","1,57","10.568,00"
2020-01-21,"9,426","18,25","0,55","3,55","1,57","10.568,00"
2020-01-22,"9,456","18,25","0,55","3,55","1,57","10.568,00"
2020-01-23,"9,668","18,25","0,55","3,55","1,57","10.568,00"
2020-01-24,"9,886","18,25","0,55","3,55","1,57","10.568,00"
2020-01-27,"9,804","18,25","0,55","3,55","1,57","10.568,00"
2020-01-28,"9,848","18,25","0,55","3,55","1,57","10.568,00"
2020-01-29,"9,870","18,25","0,55","3,55","1,57","10.568,00"
2020-01-30,"9,900","18,25","0,55","3,55","1,57","10.568,00"
2020-01-31,"9,870","18,25","0,55","3,55","1,57","10.568,00"
2020-02-03,"9,902","18,25","0,55","3,55","1,57","10.568,00"
2020-02-04,"9,946","18,25","0,55","3,55","1,57","10.568,00"
2020-02-05,"10,200","18,25","0,55","3,55","1,57","10.568,00"
2020-02-06,"10,380","18,25","0,55","3,55","1,57","10.568,00"
2020-02-07,"10,275","18,25","0,55","3,55","1,57","10.568,00"
2020-02-10,"10,380","18,25","0,55","3,55","1,57","10.568,00"
2020-02-11,"10,505","18,25","0,55","3,55","1,57","10.568,00"
2020-02-12,"10,430","18,25","0,55","3,55","1,57","10.568,00"
2020-02-13,"10,590","18,25","0,55","3,55","1,57","10.568,00"
2020-02-14,"10,855","18,25","0,55","3,55","1,57","10.568,00"
2020-02-17,"11,060","18,25","0,55","3,55","1,57","10.568,00"
2020-02-18,"11,115","18,25","0,55","3,55","1,57","10.568,00"
2020-02-19,"11,220","18,25","0,55","3,55","1,57","10.568,00"
2020-02-20,"11,035","18,25","0,55","3,55","1,57","10.568,00"
2020-02-21,"11,180","18,25","0,55","3,55","1,57","10.568,00"
2020-02-24,"10,930","18,25","0,55","3,55","1,57","10.568,00"
2020-02-25,"10,660","18,25","0,55","3,55","1,57","10.568,00"
2020-02-26,"11,205","18,25","0,55","3,55","1,57","10.568,00"
2020-02-27,"10,770","18,25","0,55","3,55","1,57","10.568,00"
2020-02-28,"10,320","18,25","0,55","3,55","1,57","10.568,00"
2020-03-02,"10,725","18,25","0,55","3,55","1,57","10.568,00"
2020-03-03,"10,805","18,25","0,55","3,55","1,57","10.568,00"
2020-03-04,"11,195","18,25","0,55","3,55","1,57","10.568,00"
2020-03-05,"11,060","18,25","0,55","3,55","1,57","10.568,00"
2020-03-06,"10,595","18,25","0,55","3,55","1,57","10.568,00"
2020-03-09,"9,892","18,25","0,55","3,55","1,57","10.568,00"
2020-03-10,"9,336","18,25","0,55","3,55","1,57","10.568,00"
2020-03-11,"9,486","18,25","0,55","3,55","1,57","10.568,00"
2020-03-12,"8,152","18,25","0,55","3,55","1,57","10.568,00"
2020-03-13,"8,560","18,25","0,55","3,55","1,57","10.568,00"
2020-03-16,"8,232","18,25","0,55","3,55","1,57","10.568,00"
2020-03-17,"9,062","18,25","0,55","3,55","1,57","10.568,00"
2020-03-18,"8,714","18,25","0,55","3,55","1,57","10.568,00"
2020-03-19,"8,930","18,25","0,55","3,55","1,57","10.568,00"
2020-03-20,"8,740","18,25","0,55","3,55","1,57","10.568,00"
2020-03-23,"8,392","18,25","0,55","3,55","1,57","10.568,00"
2020-03-24,"8,808","18,25","0,55","3,55","1,57","10.568,00"
2020-03-25,"9,126","18,25","0,55","3,55","1,57","10.568,00"
2020-03-26,"9,106","18,25","0,55","3,55","1,57","10.568,00"
2020-03-27,"8,826","18,25","0,55","3,55","1,57","10.568,00"
2020-03-30,"8,710","18,25","0,55","3,55","1,57","10.568,00"
2020-03-31,"8,984","18,25","0,55","3,55","1,57","10.568,00"
2020-04-01,"8,770","18,25","0,55","3,55","1,57","10.568,00"
2020-04-02,"8,788","15,51","0,57","4,19","1,37",10.770
2020-04-03,"9,050","15,51","0,57","4,07","1,37",10.770
2020-04-06,"9,086","15,9","0,57","4,05","1,43",10.770
2020-04-07,"9,046","15,9","0,57","4,07","1,43",10.770
2020-04-08,"8,922","15,9","0,57","4,12","1,43",10.770
2020-04-09,"9,108","16,54","0,55","4,04","1,42","10.736,5"
2020-04-14,"9,084","16,54","0,55","4,05","1,42","10.736,5"
2020-04-15,"8,900","16,54","0,55","4,13","1,42","10.736,5"
2020-04-16,"8,892","16,54","0,55","4,14","1,42","10.736,5"
2020-04-17,"8,984","16,54","0,55","4,10","1,42","10.736,5"
2020-04-20,"8,986","18,25","0,55","3,55","1,57","10.568,00"
2020-04-21,"8,744","16,31","0,55","4,21","1,4",10.666
2020-04-22,"8,994","16,31","0,55","4,09","1,4",10.666
2020-04-23,"8,850","16,31","0,55","4,16","1,4",10.666
2020-04-24,"8,726","16,31","0,55","4,22","1,4",10.666
2020-04-27,"8,908","15,58","0,56","4,13","1,36",10.666
2020-04-28,"9,076","15,58","0,56","4,05","1,36",10.666
2020-04-29,"9,348","15,58","0,56","3,94","1,36",10.666
2020-04-30,"9,140","15,58","0,56","4,03","1,36",10.666
2020-05-04,"8,946","16,32","0,56","4,11","1,42","10.589,45"
2020-05-05,"8,964","16,32","0,56","4,11","1,42","10.589,45"
2020-05-06,"8,894","16,32","0,56","4,14","1,42","10.589,45"
2020-05-07,"8,838","16,32","0,56","4,16","1,42","10.589,45"
2020-05-08,"8,800","18,25","0,55","3,55","1,57","10.568,00"
2020-05-11,"8,648","18,25","0,55","3,55","1,57","10.568,00"
2020-05-12,"8,746",16,"0,55","4,21","1,38",10.568
2020-05-13,"8,694",16,"0,55","4,23","1,38",10.568
2020-05-14,"8,546",16,"0,55","4,31","1,38",10.568
2020-05-15,"8,502",16,"0,55","4,33","1,38",10.568
2020-05-18,"8,964",16,"0,55","4,11","1,38",10.568
2020-05-19,"8,910",16,"0,55","4,13","1,38",10.568
2020-05-20,"8,978",16,"0,55","4,10","1,38",10.568
2020-05-21,"8,942",16,"0,55","4,12","1,38",10.568
2020-05-22,"9,038",16,"0,55","4,07","1,38",10.568
2020-05-25,"9,144","18,25","0,55","3,55","1,57","10.568,00"
2020-05-26,"9,252","16,43","0,55","3,98","1,42",10.569
2020-05-27,"9,604","16,43","0,55","3,83","1,42",10.569
2020-05-28,"9,618","16,43","0,55","3,83","1,42",10.569
2020-05-29,"9,688","16,43","0,55","3,80","1,42",10.569
2020-06-02,"9,932","17,61","0,55","3,71","1,51",10.558
2020-06-03,"10,115","17,61","0,55","3,64","1,51",10.558
2020-06-04,"9,958","17,61","0,55","3,70","1,51",10.558
2020-06-05,"10,030","17,61","0,55","3,67","1,51",10.558
2020-06-08,"10,130","18,24","0,55","3,63","1,58",10.562999999999999
2020-06-09,"10,150","18,24","0,55","3,63","1,58",10.562999999999999
2020-06-10,"9,986","18,24","0,55","3,69","1,58",10.562999999999999
2020-06-11,"9,682","18,24","0,55","3,80","1,58",10.562999999999999
2020-06-12,"9,750","18,24","0,55","3,77","1,58",10.562999999999999
2020-06-15,"9,712","18,25","0,55","3,79","1,57","10.568,00"
2020-06-16,"10,010","17,73","0,55","3,68","1,54",10.562999999999999
2020-06-17,"10,015","17,73","0,55","3,67","1,54",10.562999999999999
2020-06-18,"9,962","17,73","0,55","3,69","1,54",10.562999999999999
2020-06-19,"10,190","17,73","0,55","3,61","1,54",10.562999999999999
2020-06-22,"10,130","18,53","0,55","3,63","1,59",10.558
2020-06-23,"10,285","18,53","0,55","3,58","1,59",10.558
2020-06-24,"9,998","18,53","0,55","3,68","1,59",10.558
2020-06-25,"10,110","18,53","0,55","3,64","1,59",10.558
2020-06-26,"10,040","18,53","0,55","3,67","1,59",10.558
2020-06-29,"10,180","18,25","0,55","3,61","1,57",10.568
2020-06-30,"10,320","18,25","0,55","3,57","1,57",10.568
2020-07-01,"10,130","18,25","0,55","3,55","1,57",10.568
2020-07-02,"10,482","18,25","0,55","3,43","1,57",10.568
2020-07-03,"10,492","18,25","0,55","3,55","1,57","10.568,00"
2020-07-06,"10,580","18,25","0,55","3,55","1,57","10.568,00"
2020-07-07,"10,594","19,33","0,56","3,40","1,68",10.568
2020-07-08,"10,720","19,33","0,56","3,43","1,68",10.568
2020-07-09,"10,600","19,33","0,56","3,47","1,68",10.568
2020-07-10,"10,730","19,33","0,56","3,43","1,68",10.568
2020-07-13,"10,800","18,25","0,55","3,55","1,57","10.568,00"
2020-07-14,"10,820","19,16","0,56","3,40","1,69",10.568
2020-07-15,"11,000","19,16","0,56","3,35","1,69",10.568
2020-07-16,"11,040","18,25","0,55","3,55","1,57","10.568,00"
2020-07-17,"11,085","18,25","0,55","3,55","1,57","10.568,00"
2020-07-20,"11,240","19,79","0,56","3,27","1,75",10.57
2020-07-21,"11,270","19,79","0,56","3,27","1,75",10.57
2020-07-22,"11,110","19,79","0,56","3,31","1,75",10.57
2020-07-23,"11,085","19,79","0,56","3,32","1,75",10.57
2020-07-24,"11,045","18,25","0,55","3,55","1,57","10.568,00"
2020-07-27,"11,000","19,38","0,57","3,35","1,75",10.562999999999999
2020-07-28,"11,065","19,38","0,57","3,33","1,75",10.562999999999999
2020-07-29,"11,095","19,38","0,57","3,32","1,75",10.562999999999999
2020-07-30,"10,925","18,25","0,55","3,55","1,57","10.568,00"
2020-07-31,"10,955","19,38","0,57","1,54","1,75",10.562999999999999
2020-08-03,"11,090","19,16","0,57","1,51","1,72","10.547,76"
2020-08-04,"11,000","19,16","0,57","3,64","1,72","10.547,76"
2020-08-05,"10,865","18,25","0,55","3,55","1,57","10.568,00"
2020-08-06,"10,850","19,16","0,57","3,69","1,72","10.547,76"
2020-08-07,"10,870","18,25","0,55","3,55","1,57","10.568,00"
2020-08-10,"10,900","19,07","0,57","3,67","1,71","10.547,76"
2020-08-11,"10,965","19,07","0,57","3,65","1,71","10.547,76"
2020-08-12,"11,135","19,07","0,57","3,59","1,71","10.547,76"
2020-08-13,"11,070","18,25","0,55","3,55","1,57","10.568,00"
2020-08-14,"10,970","18,25","0,55","3,55","1,57","10.568,00"
2020-08-17,"10,925","18,25","0,55","3,55","1,57","10.568,00"
2020-08-18,"10,805","18,25","0,55","3,55","1,57","10.568,00"
2020-08-19,"10,825","19,25","0,57","3,70","1,73","10.547,76"
2020-08-20,"10,795","18,25","0,55","3,55","1,57","10.568,00"
2020-08-21,"10,815","18,25","0,55","3,55","1,57","10.568,00"
2020-08-24,"10,915","18,97","0,57","3,66","1,7","10.547,76"
2020-08-25,"10,895","18,97","0,57","3,67","1,7","10.547,76"
2020-08-26,"10,825","18,97","0,57","3,70","1,7","10.547,76"
2020-08-27,"10,760","18,97","0,57","3,72","1,7","10.547,76"
2020-08-28,"10,700","18,97","0,57","3,74","1,7","10.547,76"
2020-08-31,"10,550","18,77","0,57","3,79","1,69","10.547,76"
2020-09-01,"10,550","18,77","0,57","3,79","1,69","10.547,76"
2020-09-02,"10,700","18,77","0,57","3,74","1,69","10.547,76"
2020-09-03,"10,685","18,77","0,57","3,74","1,69","10.547,76"
2020-09-04,"10,465","18,77","0,57","3,82","1,69","10.547,76"
