fecha,BBVA_ultimo,BBVA_per,BBVA_bpa,BBVA_rentabilidad_por_dividendo,BBVA_precio_valor_contable,BBVA_ebitda
2015-02-12,"7,802",,,,,
2015-02-13,"8,043",,,,,
2015-02-16,"7,987",,,,,
2015-02-17,"8,092",,,,,
2015-02-18,"8,267",,,,,
2015-02-19,"8,318",,,,,
2015-02-20,"8,311",,,,,
2015-02-23,"8,395",,,,,
2015-02-24,"8,387",,,,,
2015-02-25,"8,330",,,,,
2015-02-26,"8,431",,,,,
2015-02-27,"8,497",,,,,
2015-03-02,"8,490",,,,,
2015-03-03,"8,355",,,,,
2015-03-04,"8,412",,,,,
2015-03-05,"8,488",,,,,
2015-03-06,"8,403",,,,,
2015-03-09,"8,368",,,,,
2015-03-10,"8,287",,,,,
2015-03-11,"8,396",,,,,
2015-03-12,"8,456",,,,,
2015-03-13,"8,498",,,,,
2015-03-16,"8,542",,,,,
2015-03-17,"8,448",,,,,
2015-03-18,"8,396",,,,,
2015-03-19,"8,446",,,,,
2015-03-20,"8,719",,,,,
2015-03-23,"8,758",,,,,
2015-03-24,"8,898",,,,,
2015-03-25,"8,831",,,,,
2015-03-26,"8,842",,,,,
2015-03-27,"8,779",,,,,
2015-03-30,"8,871",,,,,
2015-03-31,"8,869",,,,,
2015-04-01,"9,041",,,,,
2015-04-02,"9,108",,,,,
2015-04-07,"9,168",,,,,
2015-04-08,"9,045",,,,,
2015-04-09,"9,085",,,,,
2015-04-10,"9,013",,,,,
2015-04-13,"9,156",,,,,
2015-04-14,"9,010",,,,,
2015-04-15,"9,105",,,,,
2015-04-16,"8,890",,,,,
2015-04-17,"8,672",,,,,
2015-04-20,"8,650",,,,,
2015-04-21,"8,735",,,,,
2015-04-22,"8,761",,,,,
2015-04-23,"8,835",,,,,
2015-04-24,"8,835",,,,,
2015-04-27,"8,965",,,,,
2015-04-28,"8,912",,,,,
2015-04-29,"8,574",,,,,
2015-04-30,"8,485",,,,,
2015-05-04,"8,522",,,,,
2015-05-05,"8,320",,,,,
2015-05-06,"8,437",,,,,
2015-05-07,"8,485",,,,,
2015-05-08,"8,608",,,,,
2015-05-11,"8,571",,,,,
2015-05-12,"8,524",,,,,
2015-05-13,"8,517",,,,,
2015-05-14,"8,634",,,,,
2015-05-15,"8,552",,,,,
2015-05-18,"8,509",,,,,
2015-05-19,"8,685",,,,,
2015-05-20,"8,772",,,,,
2015-05-21,"8,785",,,,,
2015-05-22,"8,762",,,,,
2015-05-25,"8,579",,,,,
2015-05-26,"8,481",,,,,
2015-05-27,"8,642",,,,,
2015-05-28,"8,571",,,,,
2015-05-29,"8,478",,,,,
2015-06-01,"8,478",,,,,
2015-06-02,"8,551",,,,,
2015-06-03,"8,627",,,,,
2015-06-04,"8,553",,,,,
2015-06-05,"8,475",,,,,
2015-06-08,"8,315",,,,,
2015-06-09,"8,339",,,,,
2015-06-10,"8,511",,,,,
2015-06-11,"8,565",,,,,
2015-06-12,"8,511",,,,,
2015-06-15,"8,347",,,,,
2015-06-16,"8,400",,,,,
2015-06-17,"8,338",,,,,
2015-06-18,"8,399",,,,,
2015-06-19,"8,508",,,,,
2015-06-22,"8,864",,,,,
2015-06-23,"8,850",,,,,
2015-06-24,"8,794",,,,,
2015-06-25,"8,790",,,,,
2015-06-26,"8,850",,,,,
2015-06-29,"8,318",,,,,
2015-06-30,"8,289",,,,,
2015-07-01,"8,450",,,,,
2015-07-02,"8,334",,,,,
2015-07-03,"8,331",,,,,
2015-07-06,"8,060",,,,,
2015-07-07,"7,874",,,,,
2015-07-08,"7,976",,,,,
2015-07-09,"8,223",,,,,
2015-07-10,"8,502",,,,,
2015-07-13,"8,699",,,,,
2015-07-14,"8,748",,,,,
2015-07-15,"8,736",,,,,
2015-07-16,"8,830",,,,,
2015-07-17,"8,812",,,,,
2015-07-20,"8,859",,,,,
2015-07-21,"8,813",,,,,
2015-07-22,"8,859",,,,,
2015-07-23,"8,848",,,,,
2015-07-24,"8,765",,,,,
2015-07-27,"8,617",,,,,
2015-07-28,"8,764",,,,,
2015-07-29,"8,770",,,,,
2015-07-30,"8,735",,,,,
2015-07-31,"8,686",,,,,
2015-08-03,"8,752",,,,,
2015-08-04,"8,597",,,,,
2015-08-05,"8,724",,,,,
2015-08-06,"8,739",,,,,
2015-08-07,"8,740",,,,,
2015-08-10,"8,830",,,,,
2015-08-11,"8,738",,,,,
2015-08-12,"8,507",,,,,
2015-08-13,"8,538",,,,,
2015-08-14,"8,492",,,,,
2015-08-17,"8,499",,,,,
2015-08-18,"8,460",,,,,
2015-08-19,"8,292",,,,,
2015-08-20,"8,118",,,,,
2015-08-21,"7,861",,,,,
2015-08-24,"7,476",,,,,
2015-08-25,"7,761",,,,,
2015-08-26,"7,627",,,,,
2015-08-27,"7,861",,,,,
2015-08-28,"7,879",,,,,
2015-08-31,"7,790",,,,,
2015-09-01,"7,529",,,,,
2015-09-02,"7,516",,,,,
2015-09-03,"7,594",,,,,
2015-09-04,"7,416",,,,,
2015-09-07,"7,389",,,,,
2015-09-08,"7,433",,,,,
2015-09-09,"7,570",,,,,
2015-09-10,"7,423",,,,,
2015-09-11,"7,353",,,,,
2015-09-14,"7,320",,,,,
2015-09-15,"7,386",,,,,
2015-09-16,"7,529",,,,,
2015-09-17,"7,587",,,,,
2015-09-18,"7,265",,,,,
2015-09-21,"7,282",,,,,
2015-09-22,"7,072",,,,,
2015-09-23,"6,986",,,,,
2015-09-24,"6,912",,,,,
2015-09-25,"7,074",,,,,
2015-09-28,"6,934",,,,,
2015-09-29,"7,073",,,,,
2015-09-30,"7,146",,,,,
2015-10-01,"7,156",,,,,
2015-10-02,"7,079",,,,,
2015-10-05,"7,263",,,,,
2015-10-06,"7,337",,,,,
2015-10-07,"7,534",,,,,
2015-10-08,"7,514",,,,,
2015-10-09,"7,704",,,,,
2015-10-12,"7,668",,,,,
2015-10-13,"7,511",,,,,
2015-10-14,"7,444",,,,,
2015-10-15,"7,551",,,,,
2015-10-16,"7,652",,,,,
2015-10-19,"7,592",,,,,
2015-10-20,"7,548",,,,,
2015-10-21,"7,558",,,,,
2015-10-22,"7,728",,,,,
2015-10-23,"7,723",,,,,
2015-10-26,"7,752",,,,,
2015-10-27,"7,657",,,,,
2015-10-28,"7,799",,,,,
2015-10-29,"7,731",,,,,
2015-10-30,"7,463",,,,,
2015-11-02,"7,482",,,,,
2015-11-03,"7,525",,,,,
2015-11-04,"7,549",,,,,
2015-11-05,"7,393",,,,,
2015-11-06,"7,558",,,,,
2015-11-09,"7,496",,,,,
2015-11-10,"7,434",,,,,
2015-11-11,"7,446",,,,,
2015-11-12,"7,173",,,,,
2015-11-13,"7,203",,,,,
2015-11-16,"7,194",,,,,
2015-11-17,"7,333",,,,,
2015-11-18,"7,313",,,,,
2015-11-19,"7,434",,,,,
2015-11-20,"7,363",,,,,
2015-11-23,"7,401",,,,,
2015-11-24,"7,390",,,,,
2015-11-25,"7,391",,,,,
2015-11-26,"7,492",,,,,
2015-11-27,"7,443",,,,,
2015-11-30,"7,478",,,,,
2015-12-01,"7,479",,,,,
2015-12-02,"7,290",,,,,
2015-12-03,"7,066",,,,,
2015-12-04,"7,023",,,,,
2015-12-07,"6,958",,,,,
2015-12-08,"6,802",,,,,
2015-12-09,"6,822",,,,,
2015-12-10,"6,822",,,,,
2015-12-11,"6,658",,,,,
2015-12-14,"6,475",,,,,
2015-12-15,"6,596",,,,,
2015-12-16,"6,659",,,,,
2015-12-17,"6,788",,,,,
2015-12-18,"6,703",,,,,
2015-12-21,"6,387",,,,,
2015-12-22,"6,426",,,,,
2015-12-23,"6,595",,,,,
2015-12-24,"6,607",,,,,
2015-12-28,"6,526",,,,,
2015-12-29,"6,537",,,,,
2015-12-30,"6,507",,,,,
2015-12-31,"6,415",,,,,
2016-01-04,"6,283",,,,,
2016-01-05,"6,325",,,,,
2016-01-06,"6,189",,,,,
2016-01-07,"6,110",,,,,
2016-01-08,"5,972",,,,,
2016-01-11,"5,962",,,,,
2016-01-12,"5,909",,,,,
2016-01-13,"5,910",,,,,
2016-01-14,"5,845",,,,,
2016-01-15,"5,621",,,,,
2016-01-18,"5,535",,,,,
2016-01-19,"5,547",,,,,
2016-01-20,"5,340",,,,,
2016-01-21,"5,486",,,,,
2016-01-22,"5,673",,,,,
2016-01-25,"5,493",,,,,
2016-01-26,"5,627",,,,,
2016-01-27,"5,629",,,,,
2016-01-28,"5,436",,,,,
2016-01-29,"5,612",,,,,
2016-02-01,"5,522",,,,,
2016-02-02,"5,328",,,,,
2016-02-03,"5,213",,,,,
2016-02-04,"5,491",,,,,
2016-02-05,"5,619",,,,,
2016-02-08,"5,304",,,,,
2016-02-09,"5,057",,,,,
2016-02-10,"5,373",,,,,
2016-02-11,"4,989",,,,,
2016-02-12,"5,237",,,,,
2016-02-15,"5,390",,,,,
2016-02-16,"5,342",,,,,
2016-02-17,"5,559",,,,,
2016-02-18,"5,384",,,,,
2016-02-19,"5,273",,,,,
2016-02-22,"5,479",,,,,
2016-02-23,"5,327",,,,,
2016-02-24,"5,085",,,,,
2016-02-25,"5,197",,,,,
2016-02-26,"5,491",,,,,
2016-02-29,"5,574",,,,,
2016-03-01,"5,640",,,,,
2016-03-02,"5,890",,,,,
2016-03-03,"5,924",,,,,
2016-03-04,"5,935",,,,,
2016-03-07,"5,873",,,,,
2016-03-08,"5,803",,,,,
2016-03-09,"5,762",,,,,
2016-03-10,"5,840",,,,,
2016-03-11,"6,202",,,,,
2016-03-14,"6,230",,,,,
2016-03-15,"6,046",,,,,
2016-03-16,"6,008",,,,,
2016-03-17,"6,021",,,,,
2016-03-18,"6,073",,,,,
2016-03-21,"5,997",,,,,
2016-03-22,"5,961",,,,,
2016-03-23,"5,849",,,,,
2016-03-24,"5,719",,,,,
2016-03-29,"5,661",,,,,
2016-03-30,"5,663",,,,,
2016-03-31,"5,561",,,,,
2016-04-01,"5,470",,,,,
2016-04-04,"5,474",,,,,
2016-04-05,"5,329",,,,,
2016-04-06,"5,298",,,,,
2016-04-07,"5,159",,,,,
2016-04-08,"5,239",,,,,
2016-04-11,"5,291",,,,,
2016-04-12,"5,330",,,,,
2016-04-13,"5,656",,,,,
2016-04-14,"5,721",,,,,
2016-04-15,"5,741",,,,,
2016-04-18,"5,778",,,,,
2016-04-19,"5,830",,,,,
2016-04-20,"6,166",,,,,
2016-04-21,"6,291",,,,,
2016-04-22,"6,346",,,,,
2016-04-25,"6,218",,,,,
2016-04-26,"6,547",,,,,
2016-04-27,"6,530",,,,,
2016-04-28,"6,088",,,,,
2016-04-29,"5,797",,,,,
2016-05-02,"5,757",,,,,
2016-05-03,"5,537",,,,,
2016-05-04,"5,412",,,,,
2016-05-05,"5,377",,,,,
2016-05-06,"5,451",,,,,
2016-05-09,"5,355",,,,,
2016-05-10,"5,457",,,,,
2016-05-11,"5,342",,,,,
2016-05-12,"5,311",,,,,
2016-05-13,"5,339",,,,,
2016-05-16,"5,366",,,,,
2016-05-17,"5,437",,,,,
2016-05-18,"5,474",,,,,
2016-05-19,"5,399",,,,,
2016-05-20,"5,458",,,,,
2016-05-23,"5,378",,,,,
2016-05-24,"5,608",,,,,
2016-05-25,"5,904",,,,,
2016-05-26,"5,856",,,,,
2016-05-27,"5,870",,,,,
2016-05-30,"5,881",,,,,
2016-05-31,"5,776",,,,,
2016-06-01,"5,660",,,,,
2016-06-02,"5,660",,,,,
2016-06-03,"5,535",,,,,
2016-06-06,"5,548",,,,,
2016-06-07,"5,557",,,,,
2016-06-08,"5,452",,,,,
2016-06-09,"5,399",,,,,
2016-06-10,"5,175",,,,,
2016-06-13,"4,994",,,,,
2016-06-14,"4,880",,,,,
2016-06-15,"4,970",,,,,
2016-06-16,"5,013",,,,,
2016-06-17,"5,229",,,,,
2016-06-20,"5,382",,,,,
2016-06-21,"5,407",,,,,
2016-06-22,"5,450",,,,,
2016-06-23,"5,599",,,,,
2016-06-24,"4,694",,,,,
2016-06-27,"4,615",,,,,
2016-06-28,"4,700",,,,,
2016-06-29,"4,861",,,,,
2016-06-30,"4,907",,,,,
2016-07-01,"4,962",,,,,
2016-07-04,"4,944",,,,,
2016-07-05,"4,825",,,,,
2016-07-06,"4,662",,,,,
2016-07-07,"4,703",,,,,
2016-07-08,"4,849",,,,,
2016-07-11,"4,900",,,,,
2016-07-12,"5,111",,,,,
2016-07-13,"5,073",,,,,
2016-07-14,"5,186",,,,,
2016-07-15,"5,179",,,,,
2016-07-18,"5,034",,,,,
2016-07-19,"4,987",,,,,
2016-07-20,"5,037",,,,,
2016-07-21,"5,085",,,,,
2016-07-22,"5,091",,,,,
2016-07-25,"5,014",,,,,
2016-07-26,"4,971",,,,,
2016-07-27,"5,062",,,,,
2016-07-28,"4,881",,,,,
2016-07-29,"5,063",,,,,
2016-08-01,"4,874",,,,,
2016-08-02,"4,636",,,,,
2016-08-03,"4,685",,,,,
2016-08-04,"4,804",,,,,
2016-08-05,"4,930",,,,,
2016-08-08,"4,964",,,,,
2016-08-09,"5,060",,,,,
2016-08-10,"5,111",,,,,
2016-08-11,"5,138",,,,,
2016-08-12,"5,106",,,,,
2016-08-15,"5,121",,,,,
2016-08-16,"5,105",,,,,
2016-08-17,"5,016",,,,,
2016-08-18,"5,037",,,,,
2016-08-19,"4,933",,,,,
2016-08-22,"4,973",,,,,
2016-08-23,"5,067",,,,,
2016-08-24,"5,237",,,,,
2016-08-25,"5,177",,,,,
2016-08-26,"5,260",,,,,
2016-08-29,"5,245",,,,,
2016-08-30,"5,348",,,,,
2016-08-31,"5,405",,,,,
2016-09-01,"5,424",,,,,
2016-09-02,"5,513",,,,,
2016-09-05,"5,519",,,,,
2016-09-06,"5,418",,,,,
2016-09-07,"5,481",,,,,
2016-09-08,"5,572",,,,,
2016-09-09,"5,518",,,,,
2016-09-12,"5,383",,,,,
2016-09-13,"5,256",,,,,
2016-09-14,"5,198",,,,,
2016-09-15,"5,162",,,,,
2016-09-16,"5,069",,,,,
2016-09-19,"5,098",,,,,
2016-09-20,"5,061",,,,,
2016-09-21,"5,206",,,,,
2016-09-22,"5,352",,,,,
2016-09-23,"5,316",,,,,
2016-09-26,"5,146",,,,,
2016-09-27,"5,132",,,,,
2016-09-28,"5,178",,,,,
2016-09-29,"5,185",,,,,
2016-09-30,"5,215",,,,,
2016-10-03,"5,192",,,,,
2016-10-04,"5,216",,,,,
2016-10-05,"5,321",,,,,
2016-10-06,"5,361",,,,,
2016-10-07,"5,329",,,,,
2016-10-10,"5,366",,,,,
2016-10-11,"5,526",,,,,
2016-10-12,"5,551",,,,,
2016-10-13,"5,441",,,,,
2016-10-14,"5,598",,,,,
2016-10-17,"5,619",,,,,
2016-10-18,"5,788",,,,,
2016-10-19,"5,903",,,,,
2016-10-20,"6,090",,,,,
2016-10-21,"6,058",,,,,
2016-10-24,"6,252",,,,,
2016-10-25,"6,187",,,,,
2016-10-26,"6,313",,,,,
2016-10-27,"6,490",,,,,
2016-10-28,"6,470",,,,,
2016-10-31,"6,458",,,,,
2016-11-01,"6,319",,,,,
2016-11-02,"6,069",,,,,
2016-11-03,"6,142",,,,,
2016-11-04,"6,083",,,,,
2016-11-07,"6,274",,,,,
2016-11-08,"6,372",,,,,
2016-11-09,"6,009",,,,,
2016-11-10,"5,940",,,,,
2016-11-11,"5,804",,,,,
2016-11-14,"5,823",,,,,
2016-11-15,"5,891",,,,,
2016-11-16,"5,861",,,,,
2016-11-17,"5,919",,,,,
2016-11-18,"5,753",,,,,
2016-11-21,"5,748",,,,,
2016-11-22,"5,768",,,,,
2016-11-23,"5,741",,,,,
2016-11-24,"5,716",,,,,
2016-11-25,"5,666",,,,,
2016-11-28,"5,622",,,,,
2016-11-29,"5,675",,,,,
2016-11-30,"5,720",,,,,
2016-12-01,"5,763",,,,,
2016-12-02,"5,683",,,,,
2016-12-05,"5,741",,,,,
2016-12-06,"6,011",,,,,
2016-12-07,"6,088",,,,,
2016-12-08,"6,360",,,,,
2016-12-09,"6,297",,,,,
2016-12-12,"6,253",,,,,
2016-12-13,"6,352",,,,,
2016-12-14,"6,254",,,,,
2016-12-15,"6,415",,,,,
2016-12-16,"6,433",,,,,
2016-12-19,"6,356",,,,,
2016-12-20,"6,396",,,,,
2016-12-21,"6,338",,,,,
2016-12-22,"6,327",,,,,
2016-12-23,"6,343",,,,,
2016-12-27,"6,327",,,,,
2016-12-28,"6,297",,,,,
2016-12-29,"6,259",,,,,
2016-12-30,"6,297",,,,,
2017-01-02,"6,323","4,31","0,70","4,91","0,43","0,00"
2017-01-03,"6,446","4,31","0,70","4,91","0,43","0,00"
2017-01-04,"6,377","4,31","0,70","4,91","0,43","0,00"
2017-01-05,"6,399","4,31","0,70","4,91","0,43","0,00"
2017-01-06,"6,447","4,31","0,70","4,91","0,43","0,00"
2017-01-09,"6,418","4,31","0,70","4,91","0,43","0,00"
2017-01-10,"6,241","4,31","0,70","4,91","0,43","0,00"
2017-01-11,"6,037","4,31","0,70","4,91","0,43","0,00"
2017-01-12,"6,007","4,31","0,70","4,91","0,43","0,00"
2017-01-13,"6,123","4,31","0,70","4,91","0,43","0,00"
2017-01-16,"6,028","4,31","0,70","4,91","0,43","0,00"
2017-01-17,"6,018","4,31","0,70","4,91","0,43","0,00"
2017-01-18,"6,025","4,31","0,70","4,91","0,43","0,00"
2017-01-19,"6,006","4,31","0,70","4,91","0,43","0,00"
2017-01-20,"6,011","4,31","0,70","4,91","0,43","0,00"
2017-01-23,"5,975","4,31","0,70","4,91","0,43","0,00"
2017-01-24,"6,153","4,31","0,70","4,91","0,43","0,00"
2017-01-25,"6,348","4,31","0,70","4,91","0,43","0,00"
2017-01-26,"6,296","4,31","0,70","4,91","0,43","0,00"
2017-01-27,"6,268","4,31","0,70","4,91","0,43","0,00"
2017-01-30,"6,198","4,31","0,70","4,91","0,43","0,00"
2017-01-31,"6,161","4,31","0,70","4,91","0,43","0,00"
2017-02-01,"6,075","4,31","0,70","4,91","0,43","0,00"
2017-02-02,"6,016","4,31","0,70","4,91","0,43","0,00"
2017-02-03,"6,070","4,31","0,70","4,91","0,43","0,00"
2017-02-06,"6,009","4,31","0,70","4,91","0,43","0,00"
2017-02-07,"5,997","4,31","0,70","4,91","0,43","0,00"
2017-02-08,"5,922","4,31","0,70","4,91","0,43","0,00"
2017-02-09,"5,943","4,31","0,70","4,91","0,43","0,00"
2017-02-10,"5,864","4,31","0,70","4,91","0,43","0,00"
2017-02-13,"5,950","4,31","0,70","4,91","0,43","0,00"
2017-02-14,"6,111","4,31","0,70","4,91","0,43","0,00"
2017-02-15,"6,303","4,31","0,70","4,91","0,43","0,00"
2017-02-16,"6,199","4,31","0,70","4,91","0,43","0,00"
2017-02-17,"6,127","4,31","0,70","4,91","0,43","0,00"
2017-02-20,"6,133","4,31","0,70","4,91","0,43","0,00"
2017-02-21,"6,117","4,31","0,70","4,91","0,43","0,00"
2017-02-22,"6,086","4,31","0,70","4,91","0,43","0,00"
2017-02-23,"6,033","4,31","0,70","4,91","0,43","0,00"
2017-02-24,"5,964","4,31","0,70","4,91","0,43","0,00"
2017-02-27,"6,019","4,31","0,70","4,91","0,43","0,00"
2017-02-28,"6,066","4,31","0,70","4,91","0,43","0,00"
2017-03-01,"6,244","4,31","0,70","4,91","0,43","0,00"
2017-03-02,"6,259","4,31","0,70","4,91","0,43","0,00"
2017-03-03,"6,466","4,31","0,70","4,91","0,43","0,00"
2017-03-06,"6,482","4,31","0,70","4,91","0,43","0,00"
2017-03-07,"6,472","4,31","0,70","4,91","0,43","0,00"
2017-03-08,"6,511","4,31","0,70","4,91","0,43","0,00"
2017-03-09,"6,756","4,31","0,70","4,91","0,43","0,00"
2017-03-10,"6,767","4,31","0,70","4,91","0,43","0,00"
2017-03-13,"6,759","4,31","0,70","4,91","0,43","0,00"
2017-03-14,"6,672","4,31","0,70","4,91","0,43","0,00"
2017-03-15,"6,717","4,31","0,70","4,91","0,43","0,00"
2017-03-16,"6,928","4,31","0,70","4,91","0,43","0,00"
2017-03-17,"6,952","4,31","0,70","4,91","0,43","0,00"
2017-03-20,"6,955","4,31","0,70","4,91","0,43","0,00"
2017-03-21,"6,992","4,31","0,70","4,91","0,43","0,00"
2017-03-22,"7,020","4,31","0,70","4,91","0,43","0,00"
2017-03-23,"7,078","4,31","0,70","4,91","0,43","0,00"
2017-03-24,"7,058","4,31","0,70","4,91","0,43","0,00"
2017-03-27,"7,060","4,31","0,70","4,91","0,43","0,00"
2017-03-28,"7,134","4,31","0,70","4,91","0,43","0,00"
2017-03-29,"7,052","4,31","0,70","4,91","0,43","0,00"
2017-03-30,"7,079","4,31","0,70","4,91","0,43","0,00"
2017-03-31,"7,138","4,31","0,70","4,91","0,43","0,00"
2017-04-03,"6,946","4,31","0,70","4,91","0,43","0,00"
2017-04-04,"6,982","4,31","0,70","4,91","0,43","0,00"
2017-04-05,"7,054","4,31","0,70","4,91","0,43","0,00"
2017-04-06,"7,132","4,31","0,70","4,91","0,43","0,00"
2017-04-07,"7,121","4,31","0,70","4,91","0,43","0,00"
2017-04-10,"7,043","4,31","0,70","4,91","0,43","0,00"
2017-04-11,"7,022","4,31","0,70","4,91","0,43","0,00"
2017-04-12,"6,950","4,31","0,70","4,91","0,43","0,00"
2017-04-13,"6,856","4,31","0,70","4,91","0,43","0,00"
2017-04-18,"6,793","4,31","0,70","4,91","0,43","0,00"
2017-04-19,"6,938","4,31","0,70","4,91","0,43","0,00"
2017-04-20,"7,020","4,31","0,70","4,91","0,43","0,00"
2017-04-21,"7,095","4,31","0,70","4,91","0,43","0,00"
2017-04-24,"7,614","4,31","0,70","4,91","0,43","0,00"
2017-04-25,"7,630","4,31","0,70","4,91","0,43","0,00"
2017-04-26,"7,612","4,31","0,70","4,91","0,43","0,00"
2017-04-27,"7,455","4,31","0,70","4,91","0,43","0,00"
2017-04-28,"7,349","4,31","0,70","4,91","0,43","0,00"
2017-05-02,"7,440","4,31","0,70","4,91","0,43","0,00"
2017-05-03,"7,505","4,31","0,70","4,91","0,43","0,00"
2017-05-04,"7,666","4,31","0,70","4,91","0,43","0,00"
2017-05-05,"7,800","4,31","0,70","4,91","0,43","0,00"
2017-05-08,"7,762","4,31","0,70","4,91","0,43","0,00"
2017-05-09,"7,605","4,31","0,70","4,91","0,43","0,00"
2017-05-10,"7,551","4,31","0,70","4,91","0,43","0,00"
2017-05-11,"7,386","4,31","0,70","4,91","0,43","0,00"
2017-05-12,"7,388","4,31","0,70","4,91","0,43","0,00"
2017-05-15,"7,439","4,31","0,70","4,91","0,43","0,00"
2017-05-16,"7,440","4,31","0,70","4,91","0,43","0,00"
2017-05-17,"7,300","4,31","0,70","4,91","0,43","0,00"
2017-05-18,"7,240","4,31","0,70","4,91","0,43","0,00"
2017-05-19,"7,414","4,31","0,70","4,91","0,43","0,00"
2017-05-22,"7,328","4,31","0,70","4,91","0,43","0,00"
2017-05-23,"7,479","4,31","0,70","4,91","0,43","0,00"
2017-05-24,"7,487","4,31","0,70","4,91","0,43","0,00"
2017-05-25,"7,478","4,31","0,70","4,91","0,43","0,00"
2017-05-26,"7,450","4,31","0,70","4,91","0,43","0,00"
2017-05-29,"7,485","4,31","0,70","4,91","0,43","0,00"
2017-05-30,"7,362","4,31","0,70","4,91","0,43","0,00"
2017-05-31,"7,252","4,31","0,70","4,91","0,43","0,00"
2017-06-01,"7,216","4,31","0,70","4,91","0,43","0,00"
2017-06-02,"7,239","4,31","0,70","4,91","0,43","0,00"
2017-06-05,"7,253","4,31","0,70","4,91","0,43","0,00"
2017-06-06,"7,185","4,31","0,70","4,91","0,43","0,00"
2017-06-07,"7,331","4,31","0,70","4,91","0,43","0,00"
2017-06-08,"7,444","4,31","0,70","4,91","0,43","0,00"
2017-06-09,"7,458","4,31","0,70","4,91","0,43","0,00"
2017-06-12,"7,350","4,31","0,70","4,91","0,43","0,00"
2017-06-13,"7,417","4,31","0,70","4,91","0,43","0,00"
2017-06-14,"7,310","4,31","0,70","4,91","0,43","0,00"
2017-06-15,"7,297","4,31","0,70","4,91","0,43","0,00"
2017-06-16,"7,311","4,31","0,70","4,91","0,43","0,00"
2017-06-19,"7,410","4,31","0,70","4,91","0,43","0,00"
2017-06-20,"7,342","4,31","0,70","4,91","0,43","0,00"
2017-06-21,"7,339","4,31","0,70","4,91","0,43","0,00"
2017-06-22,"7,312","4,31","0,70","4,91","0,43","0,00"
2017-06-23,"7,238","4,31","0,70","4,91","0,43","0,00"
2017-06-26,"7,310","4,31","0,70","4,91","0,43","0,00"
2017-06-27,"7,374","4,31","0,70","4,91","0,43","0,00"
2017-06-28,"7,478","4,31","0,70","4,91","0,43","0,00"
2017-06-29,"7,401","4,31","0,70","4,91","0,43","0,00"
2017-06-30,"7,265","4,31","0,70","4,91","0,43","0,00"
2017-07-03,"7,509","4,31","0,70","4,91","0,43","0,00"
2017-07-04,"7,460","4,31","0,70","4,91","0,43","0,00"
2017-07-05,"7,464","4,31","0,70","4,91","0,43","0,00"
2017-07-06,"7,521","4,31","0,70","4,91","0,43","0,00"
2017-07-07,"7,531","4,31","0,70","4,91","0,43","0,00"
2017-07-10,"7,522","4,31","0,70","4,91","0,43","0,00"
2017-07-11,"7,521","4,31","0,70","4,91","0,43","0,00"
2017-07-12,"7,515","4,31","0,70","4,91","0,43","0,00"
2017-07-13,"7,655","4,31","0,70","4,91","0,43","0,00"
2017-07-14,"7,678","4,31","0,70","4,91","0,43","0,00"
2017-07-17,"7,633","4,31","0,70","4,91","0,43","0,00"
2017-07-18,"7,489","4,31","0,70","4,91","0,43","0,00"
2017-07-19,"7,507","4,31","0,70","4,91","0,43","0,00"
2017-07-20,"7,530","4,31","0,70","4,91","0,43","0,00"
2017-07-21,"7,421","4,31","0,70","4,91","0,43","0,00"
2017-07-24,"7,514","4,31","0,70","4,91","0,43","0,00"
2017-07-25,"7,666","4,31","0,70","4,91","0,43","0,00"
2017-07-26,"7,670","4,31","0,70","4,91","0,43","0,00"
2017-07-27,"7,702","4,31","0,70","4,91","0,43","0,00"
2017-07-28,"7,708","4,31","0,70","4,91","0,43","0,00"
2017-07-31,"7,651","4,31","0,70","4,91","0,43","0,00"
2017-08-01,"7,765","4,31","0,70","4,91","0,43","0,00"
2017-08-02,"7,747","4,31","0,70","4,91","0,43","0,00"
2017-08-03,"7,818","4,31","0,70","4,91","0,43","0,00"
2017-08-04,"7,834","4,31","0,70","4,91","0,43","0,00"
2017-08-07,"7,869","4,31","0,70","4,91","0,43","0,00"
2017-08-08,"7,925","4,31","0,70","4,91","0,43","0,00"
2017-08-09,"7,727","4,31","0,70","4,91","0,43","0,00"
2017-08-10,"7,592","4,31","0,70","4,91","0,43","0,00"
2017-08-11,"7,452","4,31","0,70","4,91","0,43","0,00"
2017-08-14,"7,580","4,31","0,70","4,91","0,43","0,00"
2017-08-15,"7,640","4,31","0,70","4,91","0,43","0,00"
2017-08-16,"7,665","4,31","0,70","4,91","0,43","0,00"
2017-08-17,"7,519","4,31","0,70","4,91","0,43","0,00"
2017-08-18,"7,503","4,31","0,70","4,91","0,43","0,00"
2017-08-21,"7,438","4,31","0,70","4,91","0,43","0,00"
2017-08-22,"7,510","4,31","0,70","4,91","0,43","0,00"
2017-08-23,"7,420","4,31","0,70","4,91","0,43","0,00"
2017-08-24,"7,475","4,31","0,70","4,91","0,43","0,00"
2017-08-25,"7,460","4,31","0,70","4,91","0,43","0,00"
2017-08-28,"7,432","4,31","0,70","4,91","0,43","0,00"
2017-08-29,"7,321","4,31","0,70","4,91","0,43","0,00"
2017-08-30,"7,339","4,31","0,70","4,91","0,43","0,00"
2017-08-31,"7,422","4,31","0,70","4,91","0,43","0,00"
2017-09-01,"7,434","4,31","0,70","4,91","0,43","0,00"
2017-09-04,"7,371","4,31","0,70","4,91","0,43","0,00"
2017-09-05,"7,242","4,31","0,70","4,91","0,43","0,00"
2017-09-06,"7,234","4,31","0,70","4,91","0,43","0,00"
2017-09-07,"7,193","4,31","0,70","4,91","0,43","0,00"
2017-09-08,"7,174","4,31","0,70","4,91","0,43","0,00"
2017-09-11,"7,368","4,31","0,70","4,91","0,43","0,00"
2017-09-12,"7,401","4,31","0,70","4,91","0,43","0,00"
2017-09-13,"7,435","4,31","0,70","4,91","0,43","0,00"
2017-09-14,"7,439","4,31","0,70","4,91","0,43","0,00"
2017-09-15,"7,377","4,31","0,70","4,91","0,43","0,00"
2017-09-18,"7,414","4,31","0,70","4,91","0,43","0,00"
2017-09-19,"7,460","4,31","0,70","4,91","0,43","0,00"
2017-09-20,"7,378","4,31","0,70","4,91","0,43","0,00"
2017-09-21,"7,504","4,31","0,70","4,91","0,43","0,00"
2017-09-22,"7,507","4,31","0,70","4,91","0,43","0,00"
2017-09-25,"7,366","4,31","0,70","4,91","0,43","0,00"
2017-09-26,"7,346","4,31","0,70","4,91","0,43","0,00"
2017-09-27,"7,502","4,31","0,70","4,91","0,43","0,00"
2017-09-28,"7,444","4,31","0,70","4,91","0,43","0,00"
2017-09-29,"7,561","4,31","0,70","4,91","0,43","0,00"
2017-10-02,"7,382","4,31","0,70","4,91","0,43","0,00"
2017-10-03,"7,448","4,31","0,70","4,91","0,43","0,00"
2017-10-04,"7,179","4,31","0,70","4,91","0,43","0,00"
2017-10-05,"7,378","4,31","0,70","4,91","0,43","0,00"
2017-10-06,"7,319","4,31","0,70","4,91","0,43","0,00"
2017-10-09,"7,236","4,31","0,70","4,91","0,43","0,00"
2017-10-10,"7,190","4,31","0,70","4,91","0,43","0,00"
2017-10-11,"7,365","4,31","0,70","4,91","0,43","0,00"
2017-10-12,"7,366","4,31","0,70","4,91","0,43","0,00"
2017-10-13,"7,332","4,31","0,70","4,91","0,43","0,00"
2017-10-16,"7,204","4,31","0,70","4,91","0,43","0,00"
2017-10-17,"7,213","4,31","0,70","4,91","0,43","0,00"
2017-10-18,"7,275","4,31","0,70","4,91","0,43","0,00"
2017-10-19,"7,220","4,31","0,70","4,91","0,43","0,00"
2017-10-20,"7,318","4,31","0,70","4,91","0,43","0,00"
2017-10-23,"7,182","4,31","0,70","4,91","0,43","0,00"
2017-10-24,"7,262","4,31","0,70","4,91","0,43","0,00"
2017-10-25,"7,255","4,31","0,70","4,91","0,43","0,00"
2017-10-26,"7,385","4,31","0,70","4,91","0,43","0,00"
2017-10-27,"7,193","4,31","0,70","4,91","0,43","0,00"
2017-10-30,"7,410","4,31","0,70","4,91","0,43","0,00"
2017-10-31,"7,513","4,31","0,70","4,91","0,43","0,00"
2017-11-01,"7,478","4,31","0,70","4,91","0,43","0,00"
2017-11-02,"7,461","4,31","0,70","4,91","0,43","0,00"
2017-11-03,"7,330","4,31","0,70","4,91","0,43","0,00"
2017-11-06,"7,261","4,31","0,70","4,91","0,43","0,00"
2017-11-07,"7,211","4,31","0,70","4,91","0,43","0,00"
2017-11-08,"7,218","4,31","0,70","4,91","0,43","0,00"
2017-11-09,"7,175","4,31","0,70","4,91","0,43","0,00"
2017-11-10,"7,147","4,31","0,70","4,91","0,43","0,00"
2017-11-13,"7,129","4,31","0,70","4,91","0,43","0,00"
2017-11-14,"7,104","4,31","0,70","4,91","0,43","0,00"
2017-11-15,"7,196","4,31","0,70","4,91","0,43","0,00"
2017-11-16,"7,250","4,31","0,70","4,91","0,43","0,00"
2017-11-17,"7,190","4,31","0,70","4,91","0,43","0,00"
2017-11-20,"7,119","4,31","0,70","4,91","0,43","0,00"
2017-11-21,"7,022","4,31","0,70","4,91","0,43","0,00"
2017-11-22,"7,048","4,31","0,70","4,91","0,43","0,00"
2017-11-23,"7,069","4,31","0,70","4,91","0,43","0,00"
2017-11-24,"7,129","4,31","0,70","4,91","0,43","0,00"
2017-11-27,"7,071","4,31","0,70","4,91","0,43","0,00"
2017-11-28,"7,137","4,31","0,70","4,91","0,43","0,00"
2017-11-29,"7,279","4,31","0,70","4,91","0,43","0,00"
2017-11-30,"7,182","4,31","0,70","4,91","0,43","0,00"
2017-12-01,"7,074","4,31","0,70","4,91","0,43","0,00"
2017-12-04,"7,160","4,31","0,70","4,91","0,43","0,00"
2017-12-05,"7,182","4,31","0,70","4,91","0,43","0,00"
2017-12-06,"7,076","4,31","0,70","4,91","0,43","0,00"
2017-12-07,"7,165","4,31","0,70","4,91","0,43","0,00"
2017-12-08,"7,210","4,31","0,70","4,91","0,43","0,00"
2017-12-11,"7,222","4,31","0,70","4,91","0,43","0,00"
2017-12-12,"7,214","4,31","0,70","4,91","0,43","0,00"
2017-12-13,"7,196","4,31","0,70","4,91","0,43","0,00"
2017-12-14,"7,137","4,31","0,70","4,91","0,43","0,00"
2017-12-15,"7,149","4,31","0,70","4,91","0,43","0,00"
2017-12-18,"7,252","4,31","0,70","4,91","0,43","0,00"
2017-12-19,"7,281","4,31","0,70","4,91","0,43","0,00"
2017-12-20,"7,272","4,31","0,70","4,91","0,43","0,00"
2017-12-21,"7,372","4,31","0,70","4,91","0,43","0,00"
2017-12-22,"7,264","4,31","0,70","4,91","0,43","0,00"
2017-12-27,"7,214","4,31","0,70","4,91","0,43","0,00"
2017-12-28,"7,147","4,31","0,70","4,91","0,43","0,00"
2017-12-29,"7,112","4,31","0,70","4,91","0,43","0,00"
2018-01-02,"7,082","4,26","0,70","5,99","0,42","0,00"
2018-01-03,"7,094","4,26","0,70","5,99","0,42","0,00"
2018-01-04,"7,221","4,26","0,70","5,99","0,42","0,00"
2018-01-05,"7,253","4,26","0,70","5,99","0,42","0,00"
2018-01-08,"7,235","4,26","0,70","5,99","0,42","0,00"
2018-01-09,"7,262","4,26","0,70","5,99","0,42","0,00"
2018-01-10,"7,350","4,26","0,70","5,99","0,42","0,00"
2018-01-11,"7,344","4,26","0,70","5,99","0,42","0,00"
2018-01-12,"7,448","4,26","0,70","5,99","0,42","0,00"
2018-01-15,"7,481","4,26","0,70","5,99","0,42","0,00"
2018-01-16,"7,477","4,26","0,70","5,99","0,42","0,00"
2018-01-17,"7,398","4,26","0,70","5,99","0,42","0,00"
2018-01-18,"7,379","4,26","0,70","5,99","0,42","0,00"
2018-01-19,"7,400","4,26","0,70","5,99","0,42","0,00"
2018-01-22,"7,495","4,26","0,70","5,99","0,42","0,00"
2018-01-23,"7,490","4,26","0,70","5,99","0,42","0,00"
2018-01-24,"7,480","4,26","0,70","5,99","0,42","0,00"
2018-01-25,"7,601","4,26","0,70","5,99","0,42","0,00"
2018-01-26,"7,634","4,26","0,70","5,99","0,42","0,00"
2018-01-29,"7,643","4,26","0,70","5,99","0,42","0,00"
2018-01-30,"7,563","4,26","0,70","5,99","0,42","0,00"
2018-01-31,"7,568","4,26","0,70","5,99","0,42","0,00"
2018-02-01,"7,458","4,26","0,70","5,99","0,42","0,00"
2018-02-02,"7,354","4,26","0,70","5,99","0,42","0,00"
2018-02-05,"7,255","4,26","0,70","5,99","0,42","0,00"
2018-02-06,"7,085","4,26","0,70","5,99","0,42","0,00"
2018-02-07,"7,227","4,26","0,70","5,99","0,42","0,00"
2018-02-08,"7,131","4,26","0,70","5,99","0,42","0,00"
2018-02-09,"7,009","4,26","0,70","5,99","0,42","0,00"
2018-02-12,"7,097","4,26","0,70","5,99","0,42","0,00"
2018-02-13,"6,998","4,26","0,70","5,99","0,42","0,00"
2018-02-14,"6,968","4,26","0,70","5,99","0,42","0,00"
2018-02-15,"6,993","4,26","0,70","5,99","0,42","0,00"
2018-02-16,"7,059","4,26","0,70","5,99","0,42","0,00"
2018-02-19,"7,022","4,26","0,70","5,99","0,42","0,00"
2018-02-20,"7,026","4,26","0,70","5,99","0,42","0,00"
2018-02-21,"6,970","4,26","0,70","5,99","0,42","0,00"
2018-02-22,"6,970","4,26","0,70","5,99","0,42","0,00"
2018-02-23,"6,910","4,26","0,70","5,99","0,42","0,00"
2018-02-26,"6,959","4,26","0,70","5,99","0,42","0,00"
2018-02-27,"6,950","4,26","0,70","5,99","0,42","0,00"
2018-02-28,"6,890","4,26","0,70","5,99","0,42","0,00"
2018-03-01,"6,790","4,26","0,70","5,99","0,42","0,00"
2018-03-02,"6,642","4,26","0,70","5,99","0,42","0,00"
2018-03-05,"6,610","4,26","0,70","5,99","0,42","0,00"
2018-03-06,"6,650","4,26","0,70","5,99","0,42","0,00"
2018-03-07,"6,630","4,26","0,70","5,99","0,42","0,00"
2018-03-08,"6,652","4,26","0,70","5,99","0,42","0,00"
2018-03-09,"6,646","4,26","0,70","5,99","0,42","0,00"
2018-03-12,"6,674","4,26","0,70","5,99","0,42","0,00"
2018-03-13,"6,670","4,26","0,70","5,99","0,42","0,00"
2018-03-14,"6,570","4,26","0,70","5,99","0,42","0,00"
2018-03-15,"6,528","4,26","0,70","5,99","0,42","0,00"
2018-03-16,"6,651","4,26","0,70","5,99","0,42","0,00"
2018-03-19,"6,553","4,26","0,70","5,99","0,42","0,00"
2018-03-20,"6,597","4,26","0,70","5,99","0,42","0,00"
2018-03-21,"6,531","4,26","0,70","5,99","0,42","0,00"
2018-03-22,"6,445","4,26","0,70","5,99","0,42","0,00"
2018-03-23,"6,274","4,26","0,70","5,99","0,42","0,00"
2018-03-26,"6,261","4,26","0,70","5,99","0,42","0,00"
2018-03-27,"6,289","4,26","0,70","5,99","0,42","0,00"
2018-03-28,"6,342","4,26","0,70","5,99","0,42","0,00"
2018-03-29,"6,429","4,26","0,70","5,99","0,42","0,00"
2018-04-03,"6,366","4,26","0,70","5,99","0,42","0,00"
2018-04-04,"6,350","4,26","0,70","5,99","0,42","0,00"
2018-04-05,"6,510","4,26","0,70","5,99","0,42","0,00"
2018-04-06,"6,346","4,26","0,70","5,99","0,42","0,00"
2018-04-09,"6,431","4,26","0,70","5,99","0,42","0,00"
2018-04-10,"6,421","4,26","0,70","5,99","0,42","0,00"
2018-04-11,"6,348","4,26","0,70","5,99","0,42","0,00"
2018-04-12,"6,329","4,26","0,70","5,99","0,42","0,00"
2018-04-13,"6,410","4,26","0,70","5,99","0,42","0,00"
2018-04-16,"6,415","4,26","0,70","5,99","0,42","0,00"
2018-04-17,"6,402","4,26","0,70","5,99","0,42","0,00"
2018-04-18,"6,492","4,26","0,70","5,99","0,42","0,00"
2018-04-19,"6,518","4,26","0,70","5,99","0,42","0,00"
2018-04-20,"6,578","4,26","0,70","5,99","0,42","0,00"
2018-04-23,"6,582","4,26","0,70","5,99","0,42","0,00"
2018-04-24,"6,582","4,26","0,70","5,99","0,42","0,00"
2018-04-25,"6,553","4,26","0,70","5,99","0,42","0,00"
2018-04-26,"6,542","4,26","0,70","5,99","0,42","0,00"
2018-04-27,"6,687","4,26","0,70","5,99","0,42","0,00"
2018-04-30,"6,730","4,26","0,70","5,99","0,42","0,00"
2018-05-02,"6,765","4,26","0,70","5,99","0,42","0,00"
2018-05-03,"6,666","4,26","0,70","5,99","0,42","0,00"
2018-05-04,"6,742","4,26","0,70","5,99","0,42","0,00"
2018-05-07,"6,788","4,26","0,70","5,99","0,42","0,00"
2018-05-08,"6,756","4,26","0,70","5,99","0,42","0,00"
2018-05-09,"6,806","4,26","0,70","5,99","0,42","0,00"
2018-05-10,"6,852","4,26","0,70","5,99","0,42","0,00"
2018-05-11,"6,854","4,26","0,70","5,99","0,42","0,00"
2018-05-14,"6,833","4,26","0,70","5,99","0,42","0,00"
2018-05-15,"6,729","4,26","0,70","5,99","0,42","0,00"
2018-05-16,"6,620","4,26","0,70","5,99","0,42","0,00"
2018-05-17,"6,707","4,26","0,70","5,99","0,42","0,00"
2018-05-18,"6,580","4,26","0,70","5,99","0,42","0,00"
2018-05-21,"6,508","4,26","0,70","5,99","0,42","0,00"
2018-05-22,"6,615","4,26","0,70","5,99","0,42","0,00"
2018-05-23,"6,467","4,26","0,70","5,99","0,42","0,00"
2018-05-24,"6,386","4,26","0,70","5,99","0,42","0,00"
2018-05-25,"6,208","4,26","0,70","5,99","0,42","0,00"
2018-05-28,"6,134","4,26","0,70","5,99","0,42","0,00"
2018-05-29,"5,878","4,26","0,70","5,99","0,42","0,00"
2018-05-30,"5,916","4,26","0,70","5,99","0,42","0,00"
2018-05-31,"5,839","4,26","0,70","5,99","0,42","0,00"
2018-06-01,"6,018","4,26","0,70","5,99","0,42","0,00"
2018-06-04,"6,057","4,26","0,70","5,99","0,42","0,00"
2018-06-05,"5,915","4,26","0,70","5,99","0,42","0,00"
2018-06-06,"5,993","4,26","0,70","5,99","0,42","0,00"
2018-06-07,"6,114","4,26","0,70","5,99","0,42","0,00"
2018-06-08,"6,078","4,26","0,70","5,99","0,42","0,00"
2018-06-11,"6,206","4,26","0,70","5,99","0,42","0,00"
2018-06-12,"6,190","4,26","0,70","5,99","0,42","0,00"
2018-06-13,"6,100","4,26","0,70","5,99","0,42","0,00"
2018-06-14,"6,094","4,26","0,70","5,99","0,42","0,00"
2018-06-15,"5,977","4,26","0,70","5,99","0,42","0,00"
2018-06-18,"5,919","4,26","0,70","5,99","0,42","0,00"
2018-06-19,"5,961","4,26","0,70","5,99","0,42","0,00"
2018-06-20,"6,010","4,26","0,70","5,99","0,42","0,00"
2018-06-21,"5,972","4,26","0,70","5,99","0,42","0,00"
2018-06-22,"6,060","4,26","0,70","5,99","0,42","0,00"
2018-06-25,"5,955","4,26","0,70","5,99","0,42","0,00"
2018-06-26,"6,014","4,26","0,70","5,99","0,42","0,00"
2018-06-27,"5,968","4,26","0,70","5,99","0,42","0,00"
2018-06-28,"5,966","4,26","0,70","5,99","0,42","0,00"
2018-06-29,"6,074","4,26","0,70","5,99","0,42","0,00"
2018-07-02,"5,946","4,26","0,70","5,99","0,42","0,00"
2018-07-03,"6,020","4,26","0,70","5,99","0,42","0,00"
2018-07-04,"6,136","4,26","0,70","5,99","0,42","0,00"
2018-07-05,"6,309","4,26","0,70","5,99","0,42","0,00"
2018-07-06,"6,369","4,26","0,70","5,99","0,42","0,00"
2018-07-09,"6,368","4,26","0,70","5,99","0,42","0,00"
2018-07-10,"6,212","4,26","0,70","5,99","0,42","0,00"
2018-07-11,"6,045","4,26","0,70","5,99","0,42","0,00"
2018-07-12,"6,057","4,26","0,70","5,99","0,42","0,00"
2018-07-13,"6,033","4,26","0,70","5,99","0,42","0,00"
2018-07-16,"5,993","4,26","0,70","5,99","0,42","0,00"
2018-07-17,"5,935","4,26","0,70","5,99","0,42","0,00"
2018-07-18,"6,004","4,26","0,70","5,99","0,42","0,00"
2018-07-19,"5,976","4,26","0,70","5,99","0,42","0,00"
2018-07-20,"5,971","4,26","0,70","5,99","0,42","0,00"
2018-07-23,"6,026","4,26","0,70","5,99","0,42","0,00"
2018-07-24,"6,156","4,26","0,70","5,99","0,42","0,00"
2018-07-25,"6,048","4,26","0,70","5,99","0,42","0,00"
2018-07-26,"6,121","4,26","0,70","5,99","0,42","0,00"
2018-07-27,"6,201","4,26","0,70","5,99","0,42","0,00"
2018-07-30,"6,228","4,26","0,70","5,99","0,42","0,00"
2018-07-31,"6,286","4,26","0,70","5,99","0,42","0,00"
2018-08-01,"6,224","4,26","0,70","5,99","0,42","0,00"
2018-08-02,"6,050","4,26","0,70","5,99","0,42","0,00"
2018-08-03,"6,063","4,26","0,70","5,99","0,42","0,00"
2018-08-06,"6,041","4,26","0,70","5,99","0,42","0,00"
2018-08-07,"6,040","4,26","0,70","5,99","0,42","0,00"
2018-08-08,"6,002","4,26","0,70","5,99","0,42","0,00"
2018-08-09,"5,947","4,26","0,70","5,99","0,42","0,00"
2018-08-10,"5,640","4,26","0,70","5,99","0,42","0,00"
2018-08-13,"5,458","4,26","0,70","5,99","0,42","0,00"
2018-08-14,"5,453","4,26","0,70","5,99","0,42","0,00"
2018-08-15,"5,399","4,26","0,70","5,99","0,42","0,00"
2018-08-16,"5,487","4,26","0,70","5,99","0,42","0,00"
2018-08-17,"5,440","4,26","0,70","5,99","0,42","0,00"
2018-08-20,"5,416","4,26","0,70","5,99","0,42","0,00"
2018-08-21,"5,496","4,26","0,70","5,99","0,42","0,00"
2018-08-22,"5,551","4,26","0,70","5,99","0,42","0,00"
2018-08-23,"5,522","4,26","0,70","5,99","0,42","0,00"
2018-08-24,"5,533","4,26","0,70","5,99","0,42","0,00"
2018-08-27,"5,571","4,26","0,70","5,99","0,42","0,00"
2018-08-28,"5,490","4,26","0,70","5,99","0,42","0,00"
2018-08-29,"5,533","4,26","0,70","5,99","0,42","0,00"
2018-08-30,"5,381","4,26","0,70","5,99","0,42","0,00"
2018-08-31,"5,370","4,26","0,70","5,99","0,42","0,00"
2018-09-03,"5,354","4,26","0,70","5,99","0,42","0,00"
2018-09-04,"5,368","4,26","0,70","5,99","0,42","0,00"
2018-09-05,"5,363","4,26","0,70","5,99","0,42","0,00"
2018-09-06,"5,228","4,26","0,70","5,99","0,42","0,00"
2018-09-07,"5,180","4,26","0,70","5,99","0,42","0,00"
2018-09-10,"5,199","4,26","0,70","5,99","0,42","0,00"
2018-09-11,"5,209","4,26","0,70","5,99","0,42","0,00"
2018-09-12,"5,215","4,26","0,70","5,99","0,42","0,00"
2018-09-13,"5,438","4,26","0,70","5,99","0,42","0,00"
2018-09-14,"5,449","4,26","0,70","5,99","0,42","0,00"
2018-09-17,"5,503","4,26","0,70","5,99","0,42","0,00"
2018-09-18,"5,486","4,26","0,70","5,99","0,42","0,00"
2018-09-19,"5,596","4,26","0,70","5,99","0,42","0,00"
2018-09-20,"5,678","4,26","0,70","5,99","0,42","0,00"
2018-09-21,"5,636","4,26","0,70","5,99","0,42","0,00"
2018-09-24,"5,593","4,26","0,70","5,99","0,42","0,00"
2018-09-25,"5,598","4,26","0,70","5,99","0,42","0,00"
2018-09-26,"5,577","4,26","0,70","5,99","0,42","0,00"
2018-09-27,"5,609","4,26","0,70","5,99","0,42","0,00"
2018-09-28,"5,490","4,26","0,70","5,99","0,42","0,00"
2018-10-01,"5,515","4,26","0,70","5,99","0,42","0,00"
2018-10-02,"5,369","4,26","0,70","5,99","0,42","0,00"
2018-10-03,"5,344","4,26","0,70","5,99","0,42","0,00"
2018-10-04,"5,297","4,26","0,70","5,99","0,42","0,00"
2018-10-05,"5,263","4,26","0,70","5,99","0,42","0,00"
2018-10-08,"5,215","4,26","0,70","5,99","0,42","0,00"
2018-10-09,"5,295","4,26","0,70","5,99","0,42","0,00"
2018-10-10,"5,293","4,26","0,70","5,99","0,42","0,00"
2018-10-11,"5,289","4,26","0,70","5,99","0,42","0,00"
2018-10-12,"5,264","4,26","0,70","5,99","0,42","0,00"
2018-10-15,"5,319","4,26","0,70","5,99","0,42","0,00"
2018-10-16,"5,361","4,26","0,70","5,99","0,42","0,00"
2018-10-17,"5,298","4,26","0,70","5,99","0,42","0,00"
2018-10-18,"5,155","4,26","0,70","5,99","0,42","0,00"
2018-10-19,"5,206","4,26","0,70","5,99","0,42","0,00"
2018-10-22,"5,095","4,26","0,70","5,99","0,42","0,00"
2018-10-23,"5,068","4,26","0,70","5,99","0,42","0,00"
2018-10-24,"4,965","4,26","0,70","5,99","0,42","0,00"
2018-10-25,"5,106","4,26","0,70","5,99","0,42","0,00"
2018-10-26,"5,088","4,26","0,70","5,99","0,42","0,00"
2018-10-29,"5,133","4,26","0,70","5,99","0,42","0,00"
2018-10-30,"4,972","4,26","0,70","5,99","0,42","0,00"
2018-10-31,"4,885","4,26","0,70","5,99","0,42","0,00"
2018-11-01,"5,032","4,26","0,70","5,99","0,42","0,00"
2018-11-02,"5,164","4,26","0,70","5,99","0,42","0,00"
2018-11-05,"5,207","4,26","0,70","5,99","0,42","0,00"
2018-11-06,"5,155","4,26","0,70","5,99","0,42","0,00"
2018-11-07,"5,244","4,26","0,70","5,99","0,42","0,00"
2018-11-08,"5,217","4,26","0,70","5,99","0,42","0,00"
2018-11-09,"4,912","4,26","0,70","5,99","0,42","0,00"
2018-11-12,"4,912","4,26","0,70","5,99","0,42","0,00"
2018-11-13,"5,000","4,26","0,70","5,99","0,42","0,00"
2018-11-14,"4,972","4,26","0,70","5,99","0,42","0,00"
2018-11-15,"4,977","4,26","0,70","5,99","0,42","0,00"
2018-11-16,"4,911","4,26","0,70","5,99","0,42","0,00"
2018-11-19,"4,910","4,26","0,70","5,99","0,42","0,00"
2018-11-20,"4,852","4,26","0,70","5,99","0,42","0,00"
2018-11-21,"4,938","4,26","0,70","5,99","0,42","0,00"
2018-11-22,"4,905","4,26","0,70","5,99","0,42","0,00"
2018-11-23,"4,915","4,26","0,70","5,99","0,42","0,00"
2018-11-26,"5,085","4,26","0,70","5,99","0,42","0,00"
2018-11-27,"4,918","4,26","0,70","5,99","0,42","0,00"
2018-11-28,"4,978","4,26","0,70","5,99","0,42","0,00"
2018-11-29,"4,990","4,26","0,70","5,99","0,42","0,00"
2018-11-30,"5,018","4,26","0,70","5,99","0,42","0,00"
2018-12-03,"5,091","4,26","0,70","5,99","0,42","0,00"
2018-12-04,"4,929","4,26","0,70","5,99","0,42","0,00"
2018-12-05,"4,865","4,26","0,70","5,99","0,42","0,00"
2018-12-06,"4,691","4,26","0,70","5,99","0,42","0,00"
2018-12-07,"4,691","4,26","0,70","5,99","0,42","0,00"
2018-12-10,"4,575","4,26","0,70","5,99","0,42","0,00"
2018-12-11,"4,537","4,26","0,70","5,99","0,42","0,00"
2018-12-12,"4,650","4,26","0,70","5,99","0,42","0,00"
2018-12-13,"4,737","4,26","0,70","5,99","0,42","0,00"
2018-12-14,"4,713","4,26","0,70","5,99","0,42","0,00"
2018-12-17,"4,706","4,26","0,70","5,99","0,42","0,00"
2018-12-18,"4,683","4,26","0,70","5,99","0,42","0,00"
2018-12-19,"4,728","4,26","0,70","5,99","0,42","0,00"
2018-12-20,"4,654","4,26","0,70","5,99","0,42","0,00"
2018-12-21,"4,619","4,26","0,70","5,99","0,42","0,00"
2018-12-24,"4,558","4,26","0,70","5,99","0,42","0,00"
2018-12-27,"4,545","4,26","0,70","5,99","0,42","0,00"
2018-12-28,"4,641","4,26","0,70","5,99","0,42","0,00"
2018-12-31,"4,636","4,26","0,70","5,99","0,42","0,00"
2019-01-02,"4,663","4,54","0,66","5,49","0,41","0,00"
2019-01-03,"4,676","4,54","0,66","5,49","0,41","0,00"
2019-01-04,"4,851","4,54","0,66","5,49","0,41","0,00"
2019-01-07,"4,833","4,54","0,66","5,49","0,41","0,00"
2019-01-08,"4,875","4,54","0,66","5,49","0,41","0,00"
2019-01-09,"4,941","4,54","0,66","5,49","0,41","0,00"
2019-01-10,"4,984","4,54","0,66","5,49","0,41","0,00"
2019-01-11,"5,036","4,54","0,66","5,49","0,41","0,00"
2019-01-14,"4,989","4,54","0,66","5,49","0,41","0,00"
2019-01-15,"4,989","4,54","0,66","5,49","0,41","0,00"
2019-01-16,"5,110","4,54","0,66","5,49","0,41","0,00"
2019-01-17,"5,037","4,54","0,66","5,49","0,41","0,00"
2019-01-18,"5,200","4,54","0,66","5,49","0,41","0,00"
2019-01-21,"5,206","4,54","0,66","5,49","0,41","0,00"
2019-01-22,"5,170","4,54","0,66","5,49","0,41","0,00"
2019-01-23,"5,227","4,54","0,66","5,49","0,41","0,00"
2019-01-24,"5,205","4,54","0,66","5,49","0,41","0,00"
2019-01-25,"5,304","4,54","0,66","5,49","0,41","0,00"
2019-01-28,"5,245","4,54","0,66","5,49","0,41","0,00"
2019-01-29,"5,260","4,54","0,66","5,49","0,41","0,00"
2019-01-30,"5,258","4,54","0,66","5,49","0,41","0,00"
2019-01-31,"5,170","4,54","0,66","5,49","0,41","0,00"
2019-02-01,"5,197","4,54","0,66","5,49","0,41","0,00"
2019-02-04,"5,171","4,54","0,66","5,49","0,41","0,00"
2019-02-05,"5,223","4,54","0,66","5,49","0,41","0,00"
2019-02-06,"5,241","4,54","0,66","5,49","0,41","0,00"
2019-02-07,"5,077","4,54","0,66","5,49","0,41","0,00"
2019-02-08,"5,058","4,54","0,66","5,49","0,41","0,00"
2019-02-11,"5,115","4,54","0,66","5,49","0,41","0,00"
2019-02-12,"5,201","4,54","0,66","5,49","0,41","0,00"
2019-02-13,"5,101","4,54","0,66","5,49","0,41","0,00"
2019-02-14,"5,028","4,54","0,66","5,49","0,41","0,00"
2019-02-15,"5,194","4,54","0,66","5,49","0,41","0,00"
2019-02-18,"5,227","4,54","0,66","5,49","0,41","0,00"
2019-02-19,"5,189","4,54","0,66","5,49","0,41","0,00"
2019-02-20,"5,237","4,54","0,66","5,49","0,41","0,00"
2019-02-21,"5,224","4,54","0,66","5,49","0,41","0,00"
2019-02-22,"5,227","4,54","0,66","5,49","0,41","0,00"
2019-02-25,"5,255","4,54","0,66","5,49","0,41","0,00"
2019-02-26,"5,249","4,54","0,66","5,49","0,41","0,00"
2019-02-27,"5,377","4,54","0,66","5,49","0,41","0,00"
2019-02-28,"5,474","4,54","0,66","5,49","0,41","0,00"
2019-03-01,"5,379","4,54","0,66","5,49","0,41","0,00"
2019-03-04,"5,336","4,54","0,66","5,49","0,41","0,00"
2019-03-05,"5,307","4,54","0,66","5,49","0,41","0,00"
2019-03-06,"5,372","4,54","0,66","5,49","0,41","0,00"
2019-03-07,"5,219","4,54","0,66","5,49","0,41","0,00"
2019-03-08,"5,136","4,54","0,66","5,49","0,41","0,00"
2019-03-11,"5,201","4,54","0,66","5,49","0,41","0,00"
2019-03-12,"5,181","4,54","0,66","5,49","0,41","0,00"
2019-03-13,"5,275","4,54","0,66","5,49","0,41","0,00"
2019-03-14,"5,282","4,54","0,66","5,49","0,41","0,00"
2019-03-15,"5,373","4,54","0,66","5,49","0,41","0,00"
2019-03-18,"5,421","4,54","0,66","5,49","0,41","0,00"
2019-03-19,"5,485","4,54","0,66","5,49","0,41","0,00"
2019-03-20,"5,419","4,54","0,66","5,49","0,41","0,00"
2019-03-21,"5,372","4,54","0,66","5,49","0,41","0,00"
2019-03-22,"5,188","4,54","0,66","5,49","0,41","0,00"
2019-03-25,"5,200","4,54","0,66","5,49","0,41","0,00"
2019-03-26,"5,143","4,54","0,66","5,49","0,41","0,00"
2019-03-27,"5,116","4,54","0,66","5,49","0,41","0,00"
2019-03-28,"5,047","4,54","0,66","5,49","0,41","0,00"
2019-03-29,"5,093","4,54","0,66","5,49","0,41","0,00"
2019-04-01,"5,306","4,54","0,66","5,49","0,41","0,00"
2019-04-02,"5,328","4,54","0,66","5,49","0,41","0,00"
2019-04-03,"5,413","4,54","0,66","5,49","0,41","0,00"
2019-04-04,"5,498","4,54","0,66","5,49","0,41","0,00"
2019-04-05,"5,495","4,54","0,66","5,49","0,41","0,00"
2019-04-08,"5,333","4,54","0,66","5,49","0,41","0,00"
2019-04-09,"5,346","4,54","0,66","5,49","0,41","0,00"
2019-04-10,"5,294","4,54","0,66","5,49","0,41","0,00"
2019-04-11,"5,370","4,54","0,66","5,49","0,41","0,00"
2019-04-12,"5,512","4,54","0,66","5,49","0,41","0,00"
2019-04-15,"5,481","4,54","0,66","5,49","0,41","0,00"
2019-04-16,"5,526","4,54","0,66","5,49","0,41","0,00"
2019-04-17,"5,599","4,54","0,66","5,49","0,41","0,00"
2019-04-18,"5,594","4,54","0,66","5,49","0,41","0,00"
2019-04-23,"5,476","4,54","0,66","5,49","0,41","0,00"
2019-04-24,"5,409","4,54","0,66","5,49","0,41","0,00"
2019-04-25,"5,364","4,54","0,66","5,49","0,41","0,00"
2019-04-26,"5,377","4,54","0,66","5,49","0,41","0,00"
2019-04-29,"5,415","4,54","0,66","5,49","0,41","0,00"
2019-04-30,"5,418","4,54","0,66","5,49","0,41","0,00"
2019-05-02,"5,349","4,54","0,66","5,49","0,41","0,00"
2019-05-03,"5,336","4,54","0,66","5,49","0,41","0,00"
2019-05-06,"5,279","4,54","0,66","5,49","0,41","0,00"
2019-05-07,"5,144","4,54","0,66","5,49","0,41","0,00"
2019-05-08,"5,200","4,54","0,66","5,49","0,41","0,00"
2019-05-09,"5,094","4,54","0,66","5,49","0,41","0,00"
2019-05-10,"5,078","4,54","0,66","5,49","0,41","0,00"
2019-05-13,"4,982","4,54","0,66","5,49","0,41","0,00"
2019-05-14,"5,083","4,54","0,66","5,49","0,41","0,00"
2019-05-15,"5,091","4,54","0,66","5,49","0,41","0,00"
2019-05-16,"5,192","4,54","0,66","5,49","0,41","0,00"
2019-05-17,"5,152","4,54","0,66","5,49","0,41","0,00"
2019-05-20,"5,074","4,54","0,66","5,49","0,41","0,00"
2019-05-21,"5,117","4,54","0,66","5,49","0,41","0,00"
2019-05-22,"5,026","4,54","0,66","5,49","0,41","0,00"
2019-05-23,"4,973","4,54","0,66","5,49","0,41","0,00"
2019-05-24,"5,024","4,54","0,66","5,49","0,41","0,00"
2019-05-27,"5,036","4,54","0,66","5,49","0,41","0,00"
2019-05-28,"5,047","4,54","0,66","5,49","0,41","0,00"
2019-05-29,"4,997","4,54","0,66","5,49","0,41","0,00"
2019-05-30,"5,075","4,54","0,66","5,49","0,41","0,00"
2019-05-31,"4,867","4,54","0,66","5,49","0,41","0,00"
2019-06-03,"4,862","4,54","0,66","5,49","0,41","0,00"
2019-06-04,"5,010","4,54","0,66","5,49","0,41","0,00"
2019-06-05,"4,980","4,54","0,66","5,49","0,41","0,00"
2019-06-06,"4,944","4,54","0,66","5,49","0,41","0,00"
2019-06-07,"4,923","4,54","0,66","5,49","0,41","0,00"
2019-06-10,"5,068","4,54","0,66","5,49","0,41","0,00"
2019-06-11,"5,000","4,54","0,66","5,49","0,41","0,00"
2019-06-12,"4,939","4,54","0,66","5,49","0,41","0,00"
2019-06-13,"4,915","4,54","0,66","5,49","0,41","0,00"
2019-06-14,"4,878","4,54","0,66","5,49","0,41","0,00"
2019-06-17,"4,867","4,54","0,66","5,49","0,41","0,00"
2019-06-18,"4,902","4,54","0,66","5,49","0,41","0,00"
2019-06-19,"5,010","4,54","0,66","5,49","0,41","0,00"
2019-06-20,"4,939","4,54","0,66","5,49","0,41","0,00"
2019-06-21,"4,918","4,54","0,66","5,49","0,41","0,00"
2019-06-24,"4,917","4,54","0,66","5,49","0,41","0,00"
2019-06-25,"4,878","4,54","0,66","5,49","0,41","0,00"
2019-06-26,"4,894","4,54","0,66","5,49","0,41","0,00"
2019-06-27,"4,903","4,54","0,66","5,49","0,41","0,00"
2019-06-28,"4,917","4,54","0,66","5,49","0,41","0,00"
2019-07-01,"4,973","4,54","0,66","5,49","0,41","0,00"
2019-07-02,"4,930","4,54","0,66","5,49","0,41","0,00"
2019-07-03,"5,027","4,54","0,66","5,49","0,41","0,00"
2019-07-04,"5,087","4,54","0,66","5,49","0,41","0,00"
2019-07-05,"5,078","4,54","0,66","5,49","0,41","0,00"
2019-07-08,"4,985","4,54","0,66","5,49","0,41","0,00"
2019-07-09,"4,951","4,54","0,66","5,49","0,41","0,00"
2019-07-10,"4,944","4,54","0,66","5,49","0,41","0,00"
2019-07-11,"4,930","4,54","0,66","5,49","0,41","0,00"
2019-07-12,"4,897","4,54","0,66","5,49","0,41","0,00"
2019-07-15,"4,926","4,54","0,66","5,49","0,41","0,00"
2019-07-16,"4,971","4,54","0,66","5,49","0,41","0,00"
2019-07-17,"4,905","4,54","0,66","5,49","0,41","0,00"
2019-07-18,"4,856","4,54","0,66","5,49","0,41","0,00"
2019-07-19,"4,780","4,54","0,66","5,49","0,41","0,00"
2019-07-22,"4,745","4,54","0,66","5,49","0,41","0,00"
2019-07-23,"4,880","4,54","0,66","5,49","0,41","0,00"
2019-07-24,"4,878","4,54","0,66","5,49","0,41","0,00"
2019-07-25,"4,894","4,54","0,66","5,49","0,41","0,00"
2019-07-26,"4,833","4,54","0,66","5,49","0,41","0,00"
2019-07-29,"4,802","4,54","0,66","5,49","0,41","0,00"
2019-07-30,"4,657","4,54","0,66","5,49","0,41","0,00"
2019-07-31,"4,599","4,54","0,66","5,49","0,41","0,00"
2019-08-01,"4,636","4,54","0,66","5,49","0,41","0,00"
2019-08-02,"4,522","4,54","0,66","5,49","0,41","0,00"
2019-08-05,"4,460","4,54","0,66","5,49","0,41","0,00"
2019-08-06,"4,414","4,54","0,66","5,49","0,41","0,00"
2019-08-07,"4,407","4,54","0,66","5,49","0,41","0,00"
2019-08-08,"4,518","4,54","0,66","5,49","0,41","0,00"
2019-08-09,"4,436","4,54","0,66","5,49","0,41","0,00"
2019-08-12,"4,276","4,54","0,66","5,49","0,41","0,00"
2019-08-13,"4,353","4,54","0,66","5,49","0,41","0,00"
2019-08-14,"4,244","4,54","0,66","5,49","0,41","0,00"
2019-08-15,"4,234","4,54","0,66","5,49","0,41","0,00"
2019-08-16,"4,365","4,54","0,66","5,49","0,41","0,00"
2019-08-19,"4,269","4,54","0,66","5,49","0,41","0,00"
2019-08-20,"4,207","4,54","0,66","5,49","0,41","0,00"
2019-08-21,"4,231","4,54","0,66","5,49","0,41","0,00"
2019-08-22,"4,325","4,54","0,66","5,49","0,41","0,00"
2019-08-23,"4,240","4,54","0,66","5,49","0,41","0,00"
2019-08-26,"4,276","4,54","0,66","5,49","0,41","0,00"
2019-08-27,"4,290","4,54","0,66","5,49","0,41","0,00"
2019-08-28,"4,274","4,54","0,66","5,49","0,41","0,00"
2019-08-29,"4,322","4,54","0,66","5,49","0,41","0,00"
2019-08-30,"4,309","4,54","0,66","5,49","0,41","0,00"
2019-09-02,"4,277","4,54","0,66","5,49","0,41","0,00"
2019-09-03,"4,286","4,54","0,66","5,49","0,41","0,00"
2019-09-04,"4,313","4,54","0,66","5,49","0,41","0,00"
2019-09-05,"4,496","4,54","0,66","5,49","0,41","0,00"
2019-09-06,"4,490","4,54","0,66","5,49","0,41","0,00"
2019-09-09,"4,602","4,54","0,66","5,49","0,41","0,00"
2019-09-10,"4,696","4,54","0,66","5,49","0,41","0,00"
2019-09-11,"4,676","4,54","0,66","5,49","0,41","0,00"
2019-09-12,"4,729","4,54","0,66","5,49","0,41","0,00"
2019-09-13,"4,865","4,54","0,66","5,49","0,41","0,00"
2019-09-16,"4,795","4,54","0,66","5,49","0,41","0,00"
2019-09-17,"4,697","4,54","0,66","5,49","0,41","0,00"
2019-09-18,"4,692","4,54","0,66","5,49","0,41","0,00"
2019-09-19,"4,785","4,54","0,66","5,49","0,41","0,00"
2019-09-20,"4,900","4,54","0,66","5,49","0,41","0,00"
2019-09-23,"4,686","4,54","0,66","5,49","0,41","0,00"
2019-09-24,"4,670","4,54","0,66","5,49","0,41","0,00"
2019-09-25,"4,676","4,54","0,66","5,49","0,41","0,00"
2019-09-26,"4,694","4,54","0,66","5,49","0,41","0,00"
2019-09-27,"4,747","4,54","0,66","5,49","0,41","0,00"
2019-09-30,"4,780","4,54","0,66","5,49","0,41","0,00"
2019-10-01,"4,700","4,54","0,66","5,49","0,41","0,00"
2019-10-02,"4,519","4,54","0,66","5,49","0,41","0,00"
2019-10-03,"4,519","4,54","0,66","5,49","0,41","0,00"
2019-10-04,"4,535","4,54","0,66","5,49","0,41","0,00"
2019-10-07,"4,587","4,54","0,66","5,49","0,41","0,00"
2019-10-08,"4,505","4,54","0,66","5,49","0,41","0,00"
2019-10-09,"4,506","4,54","0,66","5,49","0,41","0,00"
2019-10-10,"4,628","4,54","0,66","5,49","0,41","0,00"
2019-10-11,"4,716","4,54","0,66","5,49","0,41","0,00"
2019-10-14,"4,635","4,54","0,66","5,49","0,41","0,00"
2019-10-15,"4,749","4,54","0,66","5,49","0,41","0,00"
2019-10-16,"4,808","4,54","0,66","5,49","0,41","0,00"
2019-10-17,"4,727","4,54","0,66","5,49","0,41","0,00"
2019-10-18,"4,779","4,54","0,66","5,49","0,41","0,00"
2019-10-21,"4,892","4,54","0,66","5,49","0,41","0,00"
2019-10-22,"4,887","4,54","0,66","5,49","0,41","0,00"
2019-10-23,"4,908","4,54","0,66","5,49","0,41","0,00"
2019-10-24,"4,886","4,54","0,66","5,49","0,41","0,00"
2019-10-25,"4,885","4,54","0,66","5,49","0,41","0,00"
2019-10-28,"4,882","4,54","0,66","5,49","0,41","0,00"
2019-10-29,"4,856","4,54","0,66","5,49","0,41","0,00"
2019-10-30,"4,734","4,54","0,66","5,49","0,41","0,00"
2019-10-31,"4,723","4,54","0,66","5,49","0,41","0,00"
2019-11-01,"4,733","4,54","0,66","5,49","0,41","0,00"
2019-11-04,"4,878","4,54","0,66","5,49","0,41","0,00"
2019-11-05,"4,954","4,54","0,66","5,49","0,41","0,00"
2019-11-06,"4,904","4,54","0,66","5,49","0,41","0,00"
2019-11-07,"4,989","4,54","0,66","5,49","0,41","0,00"
2019-11-08,"4,958","4,54","0,66","5,49","0,41","0,00"
2019-11-11,"4,944","4,54","0,66","5,49","0,41","0,00"
2019-11-12,"4,917","4,54","0,66","5,49","0,41","0,00"
2019-11-13,"4,756","4,54","0,66","5,49","0,41","0,00"
2019-11-14,"4,740","4,54","0,66","5,49","0,41","0,00"
2019-11-15,"4,768","4,54","0,66","5,49","0,41","0,00"
2019-11-18,"4,736","4,54","0,66","5,49","0,41","0,00"
2019-11-19,"4,762","4,54","0,66","5,49","0,41","0,00"
2019-11-20,"4,726","4,54","0,66","5,49","0,41","0,00"
2019-11-21,"4,761","4,54","0,66","5,49","0,41","0,00"
2019-11-22,"4,798","4,54","0,66","5,49","0,41","0,00"
2019-11-25,"4,816","4,54","0,66","5,49","0,41","0,00"
2019-11-26,"4,792","4,54","0,66","5,49","0,41","0,00"
2019-11-27,"4,829","4,54","0,66","5,49","0,41","0,00"
2019-11-28,"4,807","4,54","0,66","5,49","0,41","0,00"
2019-11-29,"4,782","4,54","0,66","5,49","0,41","0,00"
2019-12-02,"4,694","4,54","0,66","5,49","0,41","0,00"
2019-12-03,"4,657","4,54","0,66","5,49","0,41","0,00"
2019-12-04,"4,729","4,54","0,66","5,49","0,41","0,00"
2019-12-05,"4,724","4,54","0,66","5,49","0,41","0,00"
2019-12-06,"4,783","4,54","0,66","5,49","0,41","0,00"
2019-12-09,"4,756","4,54","0,66","5,49","0,41","0,00"
2019-12-10,"4,760","4,54","0,66","5,49","0,41","0,00"
2019-12-11,"4,764","4,54","0,66","5,49","0,41","0,00"
2019-12-12,"4,921","4,54","0,66","5,49","0,41","0,00"
2019-12-13,"4,949","4,54","0,66","5,49","0,41","0,00"
2019-12-16,"5,065","4,54","0,66","5,49","0,41","0,00"
2019-12-17,"5,048","4,54","0,66","5,49","0,41","0,00"
2019-12-18,"5,095","4,54","0,66","5,49","0,41","0,00"
2019-12-19,"5,154","4,54","0,66","5,49","0,41","0,00"
2019-12-20,"5,142","4,54","0,66","5,49","0,41","0,00"
2019-12-23,"5,090","4,54","0,66","5,49","0,41","0,00"
2019-12-24,"5,061","4,54","0,66","5,49","0,41","0,00"
2019-12-27,"5,039","4,54","0,66","5,49","0,41","0,00"
2019-12-30,"5,005","4,54","0,66","5,49","0,41","0,00"
2019-12-31,"4,983","4,54","0,66","5,49","0,41","0,00"
2020-01-02,"5,110","11,10","0,27","8,64","0,43","0,00"
2020-01-03,"5,054","11,10","0,27","8,64","0,43","0,00"
2020-01-06,"5,032","11,10","0,27","8,64","0,43","0,00"
2020-01-07,"5,010","11,10","0,27","8,64","0,43","0,00"
2020-01-08,"5,058","11,10","0,27","8,64","0,43","0,00"
2020-01-09,"5,080","11,10","0,27","8,64","0,43","0,00"
2020-01-10,"4,997","11,10","0,27","8,64","0,43","0,00"
2020-01-13,"4,923","11,10","0,27","8,64","0,43","0,00"
2020-01-14,"4,859","11,10","0,27","8,64","0,43","0,00"
2020-01-15,"4,777","11,10","0,27","8,64","0,43","0,00"
2020-01-16,"4,787","11,10","0,27","8,64","0,43","0,00"
2020-01-17,"4,806","11,10","0,27","8,64","0,43","0,00"
2020-01-20,"4,764","11,10","0,27","8,64","0,43","0,00"
2020-01-21,"4,748","11,10","0,27","8,64","0,43","0,00"
2020-01-22,"4,698","11,10","0,27","8,64","0,43","0,00"
2020-01-23,"4,664","11,10","0,27","8,64","0,43","0,00"
2020-01-24,"4,607","11,10","0,27","8,64","0,43","0,00"
2020-01-27,"4,532","11,10","0,27","8,64","0,43","0,00"
2020-01-28,"4,601","11,10","0,27","8,64","0,43","0,00"
2020-01-29,"4,668","11,10","0,27","8,64","0,43","0,00"
2020-01-30,"4,708","11,10","0,27","8,64","0,43","0,00"
2020-01-31,"4,668","11,10","0,27","8,64","0,43","0,00"
2020-02-03,"4,665","11,10","0,27","8,64","0,43","0,00"
2020-02-04,"4,785","11,10","0,27","8,64","0,43","0,00"
2020-02-05,"4,927","11,10","0,27","8,64","0,43","0,00"
2020-02-06,"5,100","11,10","0,27","8,64","0,43","0,00"
2020-02-07,"5,227","11,10","0,27","8,64","0,43","0,00"
2020-02-10,"5,242","11,10","0,27","8,64","0,43","0,00"
2020-02-11,"5,233","11,10","0,27","8,64","0,43","0,00"
2020-02-12,"5,329","11,10","0,27","8,64","0,43","0,00"
2020-02-13,"5,298","11,10","0,27","8,64","0,43","0,00"
2020-02-14,"5,243","11,10","0,27","8,64","0,43","0,00"
2020-02-17,"5,228","11,10","0,27","8,64","0,43","0,00"
2020-02-18,"5,168","11,10","0,27","8,64","0,43","0,00"
2020-02-19,"5,174","11,10","0,27","8,64","0,43","0,00"
2020-02-20,"5,104","11,10","0,27","8,64","0,43","0,00"
2020-02-21,"5,110","11,10","0,27","8,64","0,43","0,00"
2020-02-24,"4,912","11,10","0,27","8,64","0,43","0,00"
2020-02-25,"4,754","11,10","0,27","8,64","0,43","0,00"
2020-02-26,"4,742","11,10","0,27","8,64","0,43","0,00"
2020-02-27,"4,547","11,10","0,27","8,64","0,43","0,00"
2020-02-28,"4,335","11,10","0,27","8,64","0,43","0,00"
2020-03-02,"4,286","11,10","0,27","8,64","0,43","0,00"
2020-03-03,"4,249","11,10","0,27","8,64","0,43","0,00"
2020-03-04,"4,327","11,10","0,27","8,64","0,43","0,00"
2020-03-05,"4,123","11,10","0,27","8,64","0,43","0,00"
2020-03-06,"4,032","11,10","0,27","8,64","0,43","0,00"
2020-03-09,"3,499","11,10","0,27","8,64","0,43","0,00"
2020-03-10,"3,451","11,10","0,27","8,64","0,43","0,00"
2020-03-11,"3,542","11,10","0,27","8,64","0,43","0,00"
2020-03-12,"3,008","11,10","0,27","8,64","0,43","0,00"
2020-03-13,"3,045","11,10","0,27","8,64","0,43","0,00"
2020-03-16,"2,638","11,10","0,27","8,64","0,43","0,00"
2020-03-17,"2,820","11,10","0,27","8,64","0,43","0,00"
2020-03-18,"2,708","11,10","0,27","8,64","0,43","0,00"
2020-03-19,"2,803","11,10","0,27","8,64","0,43","0,00"
2020-03-20,"2,886","11,10","0,27","8,64","0,43","0,00"
2020-03-23,"2,784","11,10","0,27","8,64","0,43","0,00"
2020-03-24,"3,091","11,10","0,27","8,64","0,43","0,00"
2020-03-25,"3,263","11,10","0,27","8,64","0,43","0,00"
2020-03-26,"3,280","11,10","0,27","8,64","0,43","0,00"
2020-03-27,"3,105","11,10","0,27","8,64","0,43","0,00"
2020-03-30,"2,920","11,10","0,27","8,64","0,43","0,00"
2020-03-31,"2,915","11,10","0,27","8,64","0,43","0,00"
2020-04-01,"2,727","11,10","0,27","8,64","0,43","0,00"
2020-04-02,"2,674","5,01","0,62","9,72","0,41",0.0
2020-04-03,"2,748","5,01","0,62","9,46","0,41",0.0
2020-04-06,"2,971","4,74","0,58","8,75","0,37",0.0
2020-04-07,"2,927","4,74","0,58","8,88","0,37",0.0
2020-04-08,"2,959","4,74","0,58","8,79","0,37",0.0
2020-04-09,"3,004","5,79","0,52","8,66","0,4",0.0
2020-04-14,"2,935","5,79","0,52","8,86","0,4",0.0
2020-04-15,"2,731","5,79","0,52","9,52","0,4",0.0
2020-04-16,"2,624","5,79","0,52","9,91","0,4",0.0
2020-04-17,"2,664","5,79","0,52","9,76","0,4",0.0
2020-04-20,"2,658","11,10","0,27","8,64","0,43","0,00"
2020-04-21,"2,479","6,83","0,39","10,49","0,36",0.0
2020-04-22,"2,585","6,83","0,39","10,06","0,36",0.0
2020-04-23,"2,704","6,83","0,39","9,62","0,36",0.0
2020-04-24,"2,593","6,83","0,39","10,03","0,36",0.0
2020-04-27,"2,686","7,8","0,33","9,68","0,35",0.0
2020-04-28,"2,927","7,8","0,33","8,88","0,35",0.0
2020-04-29,"3,162","7,8","0,33","8,22","0,35",0.0
2020-04-30,"2,987","7,8","0,33","8,70","0,35",0.0
2020-05-04,"2,800","8,98","0,33","9,29","0,4",0.0
2020-05-05,"2,800","8,98","0,33","9,29","0,4",0.0
2020-05-06,"2,719","8,98","0,33","9,56","0,4",0.0
2020-05-07,"2,693","8,98","0,33","9,65","0,4",0.0
2020-05-08,"2,727","11,10","0,27","8,64","0,43","0,00"
2020-05-11,"2,647","11,10","0,27","8,64","0,43","0,00"
2020-05-12,"2,662","8,59","0,32","9,77","0,38",0.0
2020-05-13,"2,541","8,59","0,32","10,23","0,38",0.0
2020-05-14,"2,609","8,59","0,32","9,97","0,38",0.0
2020-05-15,"2,578","8,59","0,32","10,09","0,38",0.0
2020-05-18,"2,722","8,59","0,32","9,55","0,38",0.0
2020-05-19,"2,599","8,59","0,32","10,00","0,38",0.0
2020-05-20,"2,583","8,59","0,32","10,07","0,38",0.0
2020-05-21,"2,566","8,59","0,32","10,13","0,38",0.0
2020-05-22,"2,589","8,59","0,32","10,04","0,38",0.0
2020-05-25,"2,650","11,10","0,27","8,64","0,43","0,00"
2020-05-26,"2,825","8,28","0,31","9,20","0,36",0.0
2020-05-27,"2,921","8,28","0,31","8,90","0,36",0.0
2020-05-28,"2,931","8,28","0,31","8,87","0,36",0.0
2020-05-29,"2,793","8,28","0,31","9,31","0,36",0.0
2020-06-02,"3,005","9,9","0,28","8,65","0,39",0.0
2020-06-03,"3,160","9,9","0,28","8,23","0,39",0.0
2020-06-04,"3,212","9,9","0,28","8,09","0,39",0.0
2020-06-05,"3,527","9,9","0,28","7,37","0,39",0.0
2020-06-08,"3,550","12,5","0,28","7,32","0,5",0.0
2020-06-09,"3,408","12,5","0,28","7,63","0,5",0.0
2020-06-10,"3,313","12,5","0,28","7,85","0,5",0.0
2020-06-11,"3,095","12,5","0,28","8,40","0,5",0.0
2020-06-12,"3,129","12,5","0,28","8,31","0,5",0.0
2020-06-15,"3,055","11,10","0,27","8,51","0,43","0,00"
2020-06-16,"3,153","11,18","0,28","8,25","0,44",0.0
2020-06-17,"3,159","11,18","0,28","8,23","0,44",0.0
2020-06-18,"3,101","11,18","0,28","8,38","0,44",0.0
2020-06-19,"3,106","11,18","0,28","8,37","0,44",0.0
2020-06-22,"3,063","11,5","0,27","8,49","0,45",0.0
2020-06-23,"3,185","11,5","0,27","8,16","0,45",0.0
2020-06-24,"3,032","11,5","0,27","8,58","0,45",0.0
2020-06-25,"3,071","11,5","0,27","8,47","0,45",0.0
2020-06-26,"2,998","11,5","0,27","8,67","0,45",0.0
2020-06-29,"3,082","11,1","0,27","8,44","0,43",0.0
2020-06-30,"3,064","11,1","0,27","8,49","0,43",0.0
2020-07-01,"3,008","11,1","0,27","8,64","0,43",0.0
2020-07-02,"3,227","11,1","0,27","8,06","0,43",0.0
2020-07-03,"3,147","11,10","0,27","8,64","0,43","0,00"
2020-07-06,"3,307","11,10","0,27","8,64","0,43","0,00"
2020-07-07,"3,226","11,66","0,27","8,06","0,46",0.0
2020-07-08,"3,119","11,66","0,27","8,34","0,46",0.0
2020-07-09,"3,075","11,66","0,27","8,46","0,46",0.0
2020-07-10,"3,146","11,66","0,27","8,26","0,46",0.0
2020-07-13,"3,205","11,10","0,27","8,64","0,43","0,00"
2020-07-14,"3,169","11,65","0,27","8,20","0,46",0.0
2020-07-15,"3,250","11,65","0,27","8,00","0,46",0.0
2020-07-16,"3,262","11,10","0,27","8,64","0,43","0,00"
2020-07-17,"3,216","11,10","0,27","8,64","0,43","0,00"
2020-07-20,"3,194","11,91","0,27","8,14","0,47",0.0
2020-07-21,"3,183","11,91","0,27","8,17","0,47",0.0
2020-07-22,"3,183","11,91","0,27","8,17","0,47",0.0
2020-07-23,"3,142","11,91","0,27","8,27","0,47",0.0
2020-07-24,"3,117","11,10","0,27","8,64","0,43","0,00"
2020-07-27,"3,018","11,74","0,27","8,61","0,46",0.0
2020-07-28,"3,047","11,74","0,27","8,53","0,46",0.0
2020-07-29,"2,935","11,74","0,27","8,86","0,46",0.0
2020-07-30,"2,698","11,10","0,27","8,64","0,43","0,00"
2020-07-31,"2,637","11,74","0,27","9,86","0,46",0.0
2020-08-03,"2,724","10,55","0,25","9,54","0,38",0.0
2020-08-04,"2,775","10,55","0,25","9,37","0,38",0.0
2020-08-05,"2,666","11,10","0,27","8,64","0,43","0,00"
2020-08-06,"2,604","10,55","0,25","9,98","0,38",0.0
2020-08-07,"2,525","11,10","0,27","8,64","0,43","0,00"
2020-08-10,"2,578","10,1","0,25","10,09","0,37",0.0
2020-08-11,"2,695","10,1","0,25","9,65","0,37",0.0
2020-08-12,"2,633","10,1","0,25","9,87","0,37",0.0
2020-08-13,"2,560","11,10","0,27","8,64","0,43","0,00"
2020-08-14,"2,527","11,10","0,27","8,64","0,43","0,00"
2020-08-17,"2,515","11,10","0,27","8,64","0,43","0,00"
2020-08-18,"2,478","11,10","0,27","8,64","0,43","0,00"
2020-08-19,"2,553","10,11","0,25","10,18","0,37",0.0
2020-08-20,"2,464","11,10","0,27","8,64","0,43","0,00"
2020-08-21,"2,426","11,10","0,27","8,64","0,43","0,00"
2020-08-24,"2,484","9,51","0,26","10,47","0,35",0.0
2020-08-25,"2,505","9,51","0,26","10,38","0,35",0.0
2020-08-26,"2,541","9,51","0,26","10,23","0,35",0.0
2020-08-27,"2,534","9,51","0,26","10,26","0,35",0.0
