"Fecha","Último","Apertura","Máximo","Mínimo","Vol.","% var."
"16.03.2020","2,638","2,910","2,980","2,561","62,76M","-13,37%"
"13.03.2020","3,045","3,310","3,436","2,949","44,19M","1,23%"
"12.03.2020","3,008","3,341","3,402","2,954","71,57M","-15,08%"
"11.03.2020","3,542","3,538","3,715","3,465","48,94M","2,64%"
"10.03.2020","3,451","3,581","3,769","3,412","49,46M","-1,37%"
"09.03.2020","3,499","3,750","3,750","3,460","66,37M","-13,22%"
"06.03.2020","4,032","4,025","4,088","3,955","31,92M","-2,21%"
"05.03.2020","4,123","4,362","4,364","4,094","36,71M","-4,71%"
"04.03.2020","4,327","4,278","4,359","4,190","34,59M","1,84%"
"03.03.2020","4,249","4,370","4,454","4,226","36,43M","-0,86%"
"02.03.2020","4,286","4,420","4,431","4,142","41,82M","-1,13%"
"28.02.2020","4,335","4,420","4,420","4,235","68,81M","-4,66%"
"27.02.2020","4,547","4,665","4,697","4,492","49,77M","-4,11%"
"26.02.2020","4,742","4,739","4,787","4,629","32,62M","-0,25%"
"25.02.2020","4,754","4,950","4,950","4,738","34,67M","-3,22%"
"24.02.2020","4,912","5,000","5,000","4,903","37,14M","-3,87%"
"21.02.2020","5,110","5,083","5,125","5,050","22,85M","0,12%"
"20.02.2020","5,104","5,159","5,213","5,104","19,88M","-1,35%"
"19.02.2020","5,174","5,198","5,210","5,145","13,89M","0,12%"
"18.02.2020","5,168","5,222","5,249","5,159","15,64M","-1,15%"
"17.02.2020","5,228","5,248","5,268","5,205","10,32M","-0,29%"
"14.02.2020","5,243","5,308","5,313","5,233","12,77M","-1,04%"
"13.02.2020","5,298","5,280","5,305","5,192","21,91M","-0,58%"
"12.02.2020","5,329","5,250","5,339","5,238","19,49M","1,83%"
"11.02.2020","5,233","5,250","5,282","5,175","18,21M","-0,17%"
"10.02.2020","5,242","5,202","5,290","5,197","27,47M","0,29%"
"07.02.2020","5,227","5,080","5,230","5,071","27,16M","2,49%"
"06.02.2020","5,100","4,981","5,137","4,970","49,68M","3,51%"
"05.02.2020","4,927","4,760","4,927","4,755","39,88M","2,97%"
"04.02.2020","4,785","4,700","4,816","4,697","18,49M","2,57%"
"03.02.2020","4,665","4,700","4,718","4,612","19,11M","-0,06%"
"31.01.2020","4,668","4,820","4,850","4,650","31,43M","-0,85%"
"30.01.2020","4,708","4,619","4,708","4,598","30,49M","0,86%"
"29.01.2020","4,668","4,640","4,692","4,609","25,61M","1,46%"
"28.01.2020","4,601","4,550","4,630","4,508","15,91M","1,52%"
"27.01.2020","4,532","4,554","4,586","4,497","19,36M","-1,63%"
"24.01.2020","4,607","4,717","4,746","4,604","16,47M","-1,22%"
"23.01.2020","4,664","4,704","4,739","4,631","29,64M","-0,72%"
"22.01.2020","4,698","4,747","4,758","4,677","15,59M","-1,05%"
"21.01.2020","4,748","4,728","4,765","4,713","35,38M","-0,34%"
"20.01.2020","4,764","4,814","4,814","4,750","9,24M","-0,87%"
"17.01.2020","4,806","4,819","4,854","4,800","28,09M","0,40%"
"16.01.2020","4,787","4,776","4,826","4,723","36,28M","0,21%"
"15.01.2020","4,777","4,846","4,852","4,771","18,95M","-1,69%"
"14.01.2020","4,859","4,913","4,915","4,825","31,27M","-1,30%"
"13.01.2020","4,923","4,998","5,004","4,896","17,67M","-1,48%"
"10.01.2020","4,997","5,070","5,078","4,997","12,67M","-1,63%"
"09.01.2020","5,080","5,096","5,117","5,063","19,15M","0,43%"
"08.01.2020","5,058","4,968","5,069","4,961","12,83M","0,96%"
"07.01.2020","5,010","5,051","5,079","4,983","10,19M","-0,44%"
"06.01.2020","5,032","5,000","5,039","4,944","11,34M","-0,44%"
"03.01.2020","5,054","5,078","5,078","5,016","13,40M","-1,10%"
"02.01.2020","5,110","5,031","5,124","5,021","11,85M","2,55%"
"31.12.2019","4,983","4,995","5,004","4,953","5,62M","-0,44%"
"30.12.2019","5,005","5,013","5,045","5,005","9,53M","-0,67%"
"27.12.2019","5,039","5,020","5,084","4,920","10,07M","-0,43%"
"24.12.2019","5,061","5,042","5,070","5,031","2,89M","-0,57%"
"23.12.2019","5,090","5,100","5,123","5,067","36,28M","-1,01%"
"20.12.2019","5,142","5,112","5,166","5,106","51,16M","-0,23%"
"19.12.2019","5,154","5,087","5,154","5,078","79,88M","1,16%"
"18.12.2019","5,095","5,042","5,110","5,042","25,78M","0,93%"
"17.12.2019","5,048","5,047","5,062","5,016","14,76M","-0,34%"
"16.12.2019","5,065","4,973","5,068","4,968","19,83M","2,34%"
"13.12.2019","4,949","5,040","5,069","4,945","51,16M","0,57%"
"12.12.2019","4,921","4,782","4,939","4,745","37,28M","3,30%"
"11.12.2019","4,764","4,739","4,809","4,732","25,84M","0,08%"
"10.12.2019","4,760","4,760","4,772","4,682","19,88M","0,08%"
"09.12.2019","4,756","4,790","4,837","4,756","22,68M","-0,56%"
"06.12.2019","4,783","4,738","4,798","4,715","13,33M","1,25%"
"05.12.2019","4,724","4,738","4,785","4,716","30,11M","-0,11%"
"04.12.2019","4,729","4,641","4,750","4,641","28,08M","1,55%"
"03.12.2019","4,657","4,707","4,729","4,633","46,60M","-0,79%"
"02.12.2019","4,694","4,788","4,843","4,691","26,56M","-1,84%"
"29.11.2019","4,782","4,798","4,832","4,768","15,58M","-0,52%"
"28.11.2019","4,807","4,798","4,819","4,782","12,72M","-0,46%"
"27.11.2019","4,829","4,795","4,849","4,775","18,11M","0,77%"
"26.11.2019","4,792","4,824","4,824","4,763","19,03M","-0,50%"
"25.11.2019","4,816","4,824","4,867","4,798","10,70M","0,38%"
"22.11.2019","4,798","4,782","4,854","4,764","19,15M","0,78%"
"21.11.2019","4,761","4,703","4,772","4,678","13,93M","0,74%"
"20.11.2019","4,726","4,718","4,741","4,660","12,88M","-0,76%"
"19.11.2019","4,762","4,760","4,823","4,745","12,41M","0,55%"
"18.11.2019","4,736","4,793","4,822","4,691","16,59M","-0,67%"
"15.11.2019","4,768","4,782","4,806","4,732","18,03M","0,59%"
"14.11.2019","4,740","4,764","4,774","4,713","13,96M","-0,34%"
"13.11.2019","4,756","4,865","4,880","4,715","26,06M","-3,27%"
"12.11.2019","4,917","4,971","5,002","4,907","18,79M","-0,55%"
"11.11.2019","4,944","4,925","4,965","4,892","14,02M","-0,28%"
"08.11.2019","4,958","4,960","5,004","4,916","24,55M","-0,62%"
"07.11.2019","4,989","4,904","4,998","4,885","18,90M","1,73%"
"06.11.2019","4,904","4,980","5,035","4,885","19,11M","-1,01%"
"05.11.2019","4,954","4,900","4,973","4,881","29,80M","1,56%"
"04.11.2019","4,878","4,793","4,890","4,760","20,21M","3,06%"
"01.11.2019","4,733","4,720","4,738","4,630","22,49M","0,21%"
"31.10.2019","4,723","4,737","4,755","4,606","24,07M","-0,23%"
"30.10.2019","4,734","4,851","4,864","4,690","33,39M","-2,51%"
"29.10.2019","4,856","4,879","4,894","4,819","23,96M","-0,53%"
"28.10.2019","4,882","4,886","4,905","4,850","12,04M","-0,06%"
"25.10.2019","4,885","4,892","4,930","4,842","13,78M","-0,02%"
"24.10.2019","4,886","4,930","4,967","4,865","16,25M","-0,45%"
"23.10.2019","4,908","4,838","4,924","4,822","14,90M","0,43%"
"22.10.2019","4,887","4,893","4,919","4,818","16,74M","-0,10%"
"21.10.2019","4,892","4,800","4,909","4,788","18,28M","2,36%"
"18.10.2019","4,779","4,705","4,790","4,705","18,97M","1,10%"
"17.10.2019","4,727","4,779","4,876","4,727","22,81M","-1,68%"
"16.10.2019","4,808","4,731","4,837","4,654","22,52M","1,24%"
"15.10.2019","4,749","4,689","4,753","4,632","23,39M","2,46%"
"14.10.2019","4,635","4,670","4,682","4,587","14,38M","-1,72%"
"11.10.2019","4,716","4,542","4,719","4,542","23,30M","1,90%"
"10.10.2019","4,628","4,516","4,628","4,510","18,48M","2,71%"
"09.10.2019","4,506","4,520","4,555","4,481","12,99M","0,02%"
"08.10.2019","4,505","4,607","4,620","4,462","16,22M","-1,79%"
"07.10.2019","4,587","4,543","4,614","4,487","13,64M","1,15%"
"04.10.2019","4,535","4,546","4,560","4,484","15,36M","0,35%"
"03.10.2019","4,519","4,555","4,555","4,463","17,38M","0,00%"
"02.10.2019","4,519","4,686","4,706","4,519","21,27M","-3,85%"
"01.10.2019","4,700","4,820","4,828","4,700","16,18M","-1,67%"
"30.09.2019","4,780","4,780","4,806","4,739","21,03M","0,70%"
"27.09.2019","4,747","4,710","4,769","4,681","12,39M","1,13%"
"26.09.2019","4,694","4,652","4,711","4,635","13,01M","0,38%"
"25.09.2019","4,676","4,638","4,683","4,561","15,39M","0,13%"
"24.09.2019","4,670","4,703","4,726","4,654","15,26M","-0,34%"
"23.09.2019","4,686","4,841","4,850","4,674","26,23M","-4,37%"
"20.09.2019","4,900","4,770","4,900","4,752","56,44M","2,40%"
"19.09.2019","4,785","4,722","4,785","4,694","15,00M","1,98%"
"18.09.2019","4,692","4,720","4,743","4,646","16,20M","-0,11%"
"17.09.2019","4,697","4,771","4,782","4,669","18,44M","-2,04%"
"16.09.2019","4,795","4,825","4,846","4,758","15,76M","-1,44%"
"13.09.2019","4,865","4,770","4,872","4,758","27,14M","2,88%"
"12.09.2019","4,729","4,678","4,775","4,554","26,76M","1,13%"
"11.09.2019","4,676","4,740","4,772","4,653","19,60M","-0,43%"
"10.09.2019","4,696","4,600","4,702","4,542","23,78M","2,04%"
"09.09.2019","4,602","4,508","4,602","4,501","15,19M","2,49%"
"06.09.2019","4,490","4,483","4,560","4,460","15,55M","-0,13%"
"05.09.2019","4,496","4,359","4,497","4,350","24,41M","4,24%"
"04.09.2019","4,313","4,338","4,363","4,303","12,70M","0,63%"
"03.09.2019","4,286","4,268","4,319","4,242","14,72M","0,21%"
"02.09.2019","4,277","4,296","4,330","4,277","8,06M","-0,74%"
"30.08.2019","4,309","4,332","4,359","4,292","12,93M","-0,30%"
"29.08.2019","4,322","4,266","4,368","4,263","14,91M","1,12%"
"28.08.2019","4,274","4,290","4,312","4,244","11,51M","-0,37%"
"27.08.2019","4,290","4,295","4,333","4,261","16,22M","0,33%"
"26.08.2019","4,276","4,213","4,308","4,213","10,22M","0,85%"
"23.08.2019","4,240","4,354","4,373","4,240","15,94M","-1,97%"
"22.08.2019","4,325","4,229","4,371","4,229","15,13M","2,22%"
"21.08.2019","4,231","4,204","4,261","4,204","9,79M","0,57%"
"20.08.2019","4,207","4,250","4,258","4,190","16,55M","-1,45%"
"19.08.2019","4,269","4,396","4,425","4,269","18,29M","-2,20%"
"16.08.2019","4,365","4,234","4,375","4,208","41,08M","3,09%"
"15.08.2019","4,234","4,281","4,298","4,187","20,11M","-0,24%"
"14.08.2019","4,244","4,322","4,325","4,215","22,63M","-2,50%"
"13.08.2019","4,353","4,263","4,395","4,230","23,50M","1,80%"
"12.08.2019","4,276","4,444","4,451","4,276","20,75M","-3,61%"
"09.08.2019","4,436","4,457","4,484","4,420","17,87M","-1,81%"
"08.08.2019","4,518","4,470","4,538","4,423","17,72M","2,52%"
"07.08.2019","4,407","4,447","4,485","4,368","20,66M","-0,16%"
"06.08.2019","4,414","4,478","4,487","4,407","18,28M","-1,03%"
"05.08.2019","4,460","4,474","4,502","4,435","20,46M","-1,37%"
"02.08.2019","4,522","4,530","4,588","4,492","27,34M","-2,46%"
"01.08.2019","4,636","4,601","4,723","4,590","20,29M","0,80%"
"31.07.2019","4,599","4,680","4,725","4,570","25,00M","-1,25%"
"30.07.2019","4,657","4,787","4,793","4,622","24,45M","-3,02%"
"29.07.2019","4,802","4,821","4,848","4,777","11,45M","-0,64%"
"26.07.2019","4,833","4,867","4,887","4,816","14,39M","-1,25%"
"25.07.2019","4,894","4,878","5,046","4,860","27,63M","0,33%"
"24.07.2019","4,878","4,851","4,905","4,830","13,45M","-0,04%"
"23.07.2019","4,880","4,787","4,902","4,771","18,14M","2,85%"
"22.07.2019","4,745","4,777","4,792","4,711","16,09M","-0,73%"
"19.07.2019","4,780","4,861","4,901","4,758","21,04M","-1,57%"
"18.07.2019","4,856","4,879","4,894","4,812","16,70M","-1,00%"
"17.07.2019","4,905","4,952","4,965","4,900","14,72M","-1,33%"
"16.07.2019","4,971","4,947","5,008","4,913","16,47M","0,91%"
"15.07.2019","4,926","4,915","4,941","4,873","14,56M","0,59%"
"12.07.2019","4,897","4,952","4,985","4,897","17,76M","-0,67%"
"11.07.2019","4,930","4,963","4,973","4,883","16,83M","-0,28%"
"10.07.2019","4,944","4,930","5,004","4,888","19,73M","-0,14%"
"09.07.2019","4,951","4,965","4,973","4,910","17,03M","-0,68%"
"08.07.2019","4,985","5,050","5,082","4,961","15,37M","-1,83%"
"05.07.2019","5,078","5,083","5,135","5,034","15,02M","-0,18%"
"04.07.2019","5,087","5,009","5,098","5,009","16,73M","1,19%"
"03.07.2019","5,027","4,903","5,027","4,886","14,53M","1,97%"
"02.07.2019","4,930","4,976","4,992","4,888","13,68M","-0,86%"
"01.07.2019","4,973","4,981","5,026","4,973","14,33M","1,14%"
"28.06.2019","4,917","4,910","4,934","4,888","13,44M","0,29%"
"27.06.2019","4,903","4,912","4,972","4,865","15,37M","0,18%"
"26.06.2019","4,894","4,861","4,930","4,834","18,47M","0,33%"
"25.06.2019","4,878","4,887","4,893","4,831","13,83M","-0,79%"
"24.06.2019","4,917","4,921","4,974","4,883","11,18M","-0,02%"
"21.06.2019","4,918","4,960","5,014","4,891","44,32M","-0,43%"
"20.06.2019","4,939","5,010","5,029","4,939","25,41M","-1,42%"
"19.06.2019","5,010","4,921","5,010","4,892","20,10M","2,20%"
"18.06.2019","4,902","4,861","4,922","4,801","23,27M","0,72%"
"17.06.2019","4,867","4,918","4,939","4,867","13,57M","-0,23%"
"14.06.2019","4,878","4,905","4,915","4,862","13,66M","-0,75%"
"13.06.2019","4,915","4,920","4,968","4,894","13,84M","-0,49%"
"12.06.2019","4,939","4,950","4,960","4,878","20,46M","-1,22%"
"11.06.2019","5,000","5,041","5,062","5,000","15,17M","-1,34%"
"10.06.2019","5,068","5,015","5,080","4,989","16,54M","2,95%"
"07.06.2019","4,923","4,949","4,974","4,880","15,41M","-0,42%"
"06.06.2019","4,944","4,960","5,079","4,896","27,26M","-0,72%"
"05.06.2019","4,980","5,000","5,017","4,905","19,12M","-0,60%"
"04.06.2019","5,010","4,843","5,016","4,840","26,55M","3,04%"
"03.06.2019","4,862","4,817","4,865","4,778","20,28M","-0,10%"
"31.05.2019","4,867","4,923","4,949","4,843","43,42M","-4,10%"
"30.05.2019","5,075","5,049","5,093","5,033","11,76M","1,56%"
"29.05.2019","4,997","4,996","5,028","4,948","17,14M","-0,99%"
"28.05.2019","5,047","5,041","5,047","4,956","21,31M","0,22%"
"27.05.2019","5,036","5,083","5,097","5,011","6,30M","0,24%"
"24.05.2019","5,024","4,992","5,050","4,969","12,90M","1,03%"
"23.05.2019","4,973","4,990","5,026","4,955","18,66M","-1,05%"
"22.05.2019","5,026","5,115","5,140","5,000","19,37M","-1,78%"
"21.05.2019","5,117","5,108","5,148","5,071","13,68M","0,85%"
"20.05.2019","5,074","5,130","5,207","5,053","19,55M","-1,51%"
"17.05.2019","5,152","5,150","5,179","5,090","22,67M","-0,77%"
"16.05.2019","5,192","5,076","5,192","5,045","17,28M","1,98%"
"15.05.2019","5,091","5,064","5,117","5,008","17,46M","0,16%"
"14.05.2019","5,083","5,023","5,083","5,001","17,21M","2,03%"
"13.05.2019","4,982","5,084","5,093","4,966","17,58M","-1,89%"
"10.05.2019","5,078","5,138","5,158","5,040","13,74M","-0,31%"
"09.05.2019","5,094","5,128","5,173","5,065","19,14M","-2,04%"
"08.05.2019","5,200","5,155","5,200","5,105","18,16M","1,09%"
"07.05.2019","5,144","5,256","5,265","5,141","23,50M","-2,56%"
"06.05.2019","5,279","5,230","5,298","5,206","15,01M","-1,07%"
"03.05.2019","5,336","5,374","5,407","5,286","12,55M","-0,24%"
"02.05.2019","5,349","5,410","5,469","5,342","17,10M","-1,27%"
"30.04.2019","5,418","5,385","5,418","5,303","19,21M","0,06%"
"29.04.2019","5,415","5,396","5,434","5,354","13,33M","0,71%"
"26.04.2019","5,377","5,375","5,391","5,303","17,17M","0,24%"
"25.04.2019","5,364","5,415","5,422","5,324","16,90M","-0,83%"
"24.04.2019","5,409","5,450","5,504","5,362","17,82M","-1,22%"
"23.04.2019","5,476","5,577","5,589","5,446","21,17M","-2,11%"
"18.04.2019","5,594","5,620","5,633","5,505","25,78M","-0,09%"
"17.04.2019","5,599","5,546","5,679","5,525","21,25M","1,32%"
"16.04.2019","5,526","5,494","5,546","5,453","13,37M","0,82%"
"15.04.2019","5,481","5,510","5,568","5,425","18,84M","-0,56%"
"12.04.2019","5,512","5,368","5,522","5,325","25,89M","2,64%"
"11.04.2019","5,370","5,318","5,409","5,270","16,80M","1,44%"
"10.04.2019","5,294","5,363","5,382","5,268","14,77M","-0,97%"
"09.04.2019","5,346","5,319","5,415","5,316","14,64M","0,24%"
"08.04.2019","5,333","5,340","5,372","5,308","13,31M","-2,95%"
"05.04.2019","5,495","5,501","5,535","5,481","22,15M","-0,05%"
"04.04.2019","5,498","5,406","5,507","5,382","22,00M","1,57%"
"03.04.2019","5,413","5,407","5,446","5,386","20,60M","1,60%"
"02.04.2019","5,328","5,310","5,381","5,282","20,88M","0,41%"
"01.04.2019","5,306","5,197","5,337","5,156","31,48M","4,18%"
"29.03.2019","5,093","5,096","5,123","5,051","22,46M","0,91%"
"28.03.2019","5,047","5,070","5,094","5,005","21,81M","-1,35%"
"27.03.2019","5,116","5,165","5,284","5,093","28,28M","-0,52%"
"26.03.2019","5,143","5,213","5,228","5,127","16,78M","-1,10%"
"25.03.2019","5,200","5,163","5,264","5,119","17,72M","0,23%"
"22.03.2019","5,188","5,406","5,411","5,163","25,64M","-3,43%"
"21.03.2019","5,372","5,388","5,408","5,341","16,57M","-0,87%"
"20.03.2019","5,419","5,470","5,490","5,418","15,97M","-1,20%"
"19.03.2019","5,485","5,439","5,550","5,412","17,40M","1,18%"
"18.03.2019","5,421","5,397","5,472","5,390","14,84M","0,89%"
"15.03.2019","5,373","5,299","5,382","5,270","44,04M","1,72%"
"14.03.2019","5,282","5,275","5,342","5,264","14,89M","0,13%"
"13.03.2019","5,275","5,191","5,299","5,180","19,22M","1,81%"
"12.03.2019","5,181","5,233","5,246","5,150","14,31M","-0,38%"
"11.03.2019","5,201","5,172","5,225","5,130","12,87M","1,27%"
"08.03.2019","5,136","5,165","5,190","5,093","18,74M","-1,59%"
"07.03.2019","5,219","5,388","5,437","5,172","26,44M","-2,85%"
"06.03.2019","5,372","5,300","5,426","5,290","15,18M","1,22%"
"05.03.2019","5,307","5,338","5,390","5,245","22,12M","-0,54%"
"04.03.2019","5,336","5,422","5,450","5,321","15,31M","-0,80%"
"01.03.2019","5,379","5,496","5,510","5,379","20,43M","-1,74%"
"28.02.2019","5,474","5,344","5,492","5,319","23,93M","1,80%"
"27.02.2019","5,377","5,232","5,385","5,226","23,09M","2,44%"
"26.02.2019","5,249","5,228","5,255","5,177","11,31M","-0,11%"
"25.02.2019","5,255","5,265","5,289","5,230","10,92M","0,54%"
"22.02.2019","5,227","5,210","5,280","5,204","13,46M","0,06%"
"21.02.2019","5,224","5,245","5,256","5,190","13,55M","-0,25%"
"20.02.2019","5,237","5,199","5,251","5,178","13,59M","0,93%"
"19.02.2019","5,189","5,200","5,248","5,128","13,58M","-0,73%"
"18.02.2019","5,227","5,208","5,259","5,203","10,81M","0,64%"
"15.02.2019","5,194","5,025","5,218","4,998","31,05M","3,30%"
"14.02.2019","5,028","5,122","5,125","4,990","19,69M","-1,43%"
"13.02.2019","5,101","5,189","5,216","5,101","18,85M","-1,92%"
"12.02.2019","5,201","5,165","5,209","5,100","19,01M","1,68%"
"11.02.2019","5,115","5,102","5,174","5,089","12,29M","1,13%"
"08.02.2019","5,058","5,070","5,116","5,017","16,81M","-0,37%"
"07.02.2019","5,077","5,210","5,235","5,068","19,90M","-3,13%"
"06.02.2019","5,241","5,171","5,245","5,164","17,10M","0,34%"
"05.02.2019","5,223","5,183","5,230","5,156","22,47M","1,01%"
"04.02.2019","5,171","5,178","5,222","5,110","15,84M","-0,50%"
"01.02.2019","5,197","5,205","5,261","5,062","23,99M","0,52%"
"31.01.2019","5,170","5,284","5,293","5,087","24,38M","-1,67%"
"30.01.2019","5,258","5,270","5,299","5,235","13,68M","-0,04%"
"29.01.2019","5,260","5,256","5,281","5,211","13,28M","0,29%"
"28.01.2019","5,245","5,275","5,331","5,234","14,76M","-1,11%"
"25.01.2019","5,304","5,253","5,309","5,220","17,98M","1,90%"
"24.01.2019","5,205","5,247","5,270","5,145","19,26M","-0,42%"
"23.01.2019","5,227","5,158","5,265","5,141","15,68M","1,10%"
"22.01.2019","5,170","5,155","5,178","5,134","14,20M","-0,69%"
"21.01.2019","5,206","5,200","5,210","5,156","8,29M","0,12%"
"18.01.2019","5,200","5,089","5,200","5,074","30,15M","3,24%"
"17.01.2019","5,037","5,065","5,110","5,024","18,76M","-1,43%"
"16.01.2019","5,110","5,013","5,110","5,000","22,12M","2,43%"
"15.01.2019","4,989","5,013","5,069","4,911","16,05M","0,00%"
"14.01.2019","4,989","4,999","5,016","4,927","19,46M","-0,93%"
"11.01.2019","5,036","4,980","5,049","4,944","19,02M","1,04%"
"10.01.2019","4,984","4,908","5,005","4,883","15,95M","0,87%"
"09.01.2019","4,941","4,920","5,027","4,899","21,94M","1,35%"
"08.01.2019","4,875","4,860","4,923","4,835","16,37M","0,87%"
"07.01.2019","4,833","4,883","4,894","4,801","15,31M","-0,37%"
"04.01.2019","4,851","4,739","4,878","4,722","23,42M","3,74%"
"03.01.2019","4,676","4,626","4,739","4,626","16,78M","0,28%"
"02.01.2019","4,663","4,574","4,696","4,510","15,43M","0,58%"
"31.12.2018","4,636","4,635","4,663","4,620","6,38M","-0,11%"
"28.12.2018","4,641","4,559","4,648","4,550","18,32M","2,11%"
"27.12.2018","4,545","4,600","4,638","4,476","31,74M","-0,29%"
"24.12.2018","4,558","4,574","4,599","4,543","5,46M","-1,32%"
"21.12.2018","4,619","4,633","4,660","4,534","45,31M","-0,75%"
"20.12.2018","4,654","4,650","4,715","4,623","21,87M","-1,57%"
"19.12.2018","4,728","4,705","4,784","4,704","20,01M","0,96%"
"18.12.2018","4,683","4,702","4,764","4,671","23,96M","-0,49%"
"17.12.2018","4,706","4,705","4,758","4,692","17,93M","-0,15%"
"14.12.2018","4,713","4,702","4,724","4,601","17,83M","-0,51%"
"13.12.2018","4,737","4,707","4,811","4,666","25,13M","1,87%"
"12.12.2018","4,650","4,520","4,681","4,520","27,56M","2,49%"
"11.12.2018","4,537","4,598","4,623","4,530","33,37M","-0,83%"
"10.12.2018","4,575","4,676","4,710","4,565","21,30M","-2,47%"
"07.12.2018","4,691","4,721","4,783","4,689","19,75M","0,00%"
"06.12.2018","4,691","4,812","4,836","4,661","28,34M","-3,58%"
"05.12.2018","4,865","4,888","4,902","4,810","19,43M","-1,30%"
"04.12.2018","4,929","5,056","5,074","4,929","20,30M","-3,18%"
"03.12.2018","5,091","5,100","5,160","5,091","20,25M","1,45%"
"30.11.2018","5,018","5,003","5,019","4,947","20,58M","0,56%"
"29.11.2018","4,990","5,030","5,070","4,981","15,20M","0,24%"
"28.11.2018","4,978","4,925","5,010","4,925","18,45M","1,22%"
"27.11.2018","4,918","5,020","5,059","4,855","40,23M","-3,28%"
"26.11.2018","5,085","4,961","5,098","4,950","25,98M","3,46%"
"23.11.2018","4,915","4,923","4,962","4,895","9,09M","0,20%"
"22.11.2018","4,905","4,900","4,944","4,873","11,78M","-0,67%"
"21.11.2018","4,938","4,880","4,963","4,865","18,93M","1,77%"
"20.11.2018","4,852","4,900","4,900","4,822","20,44M","-1,18%"
"19.11.2018","4,910","4,921","4,984","4,903","15,89M","-0,02%"
"16.11.2018","4,911","5,003","5,015","4,909","34,33M","-1,33%"
"15.11.2018","4,977","4,993","5,029","4,912","21,29M","0,10%"
"14.11.2018","4,972","4,974","5,029","4,950","15,71M","-0,56%"
"13.11.2018","5,000","4,925","5,009","4,925","21,56M","1,79%"
"12.11.2018","4,912","5,025","5,049","4,900","28,96M","0,00%"
"09.11.2018","4,912","5,050","5,050","4,852","66,48M","-5,85%"
"08.11.2018","5,217","5,267","5,290","5,200","14,72M","-0,51%"
"07.11.2018","5,244","5,400","5,400","5,237","27,36M","1,73%"
"06.11.2018","5,155","5,199","5,205","5,101","13,58M","-1,00%"
"05.11.2018","5,207","5,166","5,255","5,165","15,85M","0,83%"
"02.11.2018","5,164","5,094","5,194","5,081","26,60M","2,62%"
"01.11.2018","5,032","4,895","5,036","4,885","23,28M","3,01%"
"31.10.2018","4,885","5,016","5,022","4,866","54,11M","-1,75%"
"30.10.2018","4,972","5,200","5,226","4,969","37,18M","-3,14%"
"29.10.2018","5,133","5,168","5,201","5,076","17,63M","0,88%"
"26.10.2018","5,088","5,072","5,093","5,008","21,73M","-0,35%"
"25.10.2018","5,106","4,985","5,134","4,972","25,40M","2,84%"
"24.10.2018","4,965","5,077","5,077","4,965","19,63M","-2,03%"
"23.10.2018","5,068","5,020","5,123","5,007","24,75M","-0,53%"
"22.10.2018","5,095","5,285","5,321","5,094","19,65M","-2,13%"
"19.10.2018","5,206","5,130","5,245","5,016","38,52M","0,99%"
"18.10.2018","5,155","5,280","5,339","5,092","34,30M","-2,70%"
"17.10.2018","5,298","5,380","5,407","5,276","15,65M","-1,18%"
"16.10.2018","5,361","5,346","5,384","5,303","17,60M","0,79%"
"15.10.2018","5,319","5,249","5,343","5,233","15,93M","1,04%"
"12.10.2018","5,264","5,370","5,390","5,264","20,86M","-0,47%"
"11.10.2018","5,289","5,193","5,356","5,182","35,63M","-0,08%"
"10.10.2018","5,293","5,257","5,358","5,247","22,11M","-0,04%"
"09.10.2018","5,295","5,242","5,303","5,181","26,33M","1,53%"
"08.10.2018","5,215","5,200","5,242","5,103","20,47M","-0,91%"
"05.10.2018","5,263","5,300","5,308","5,245","19,36M","-0,64%"
"04.10.2018","5,297","5,345","5,398","5,290","26,76M","-0,88%"
"03.10.2018","5,344","5,426","5,440","5,341","24,03M","-0,47%"
"02.10.2018","5,369","5,458","5,468","5,369","30,68M","-2,65%"
"01.10.2018","5,515","5,477","5,605","5,467","20,13M","0,46%"
"28.09.2018","5,490","5,548","5,549","5,384","29,79M","-2,12%"
"27.09.2018","5,609","5,536","5,609","5,462","19,11M","0,57%"
"26.09.2018","5,577","5,601","5,624","5,561","13,86M","-0,38%"
"25.09.2018","5,598","5,630","5,678","5,595","21,86M","0,09%"
"24.09.2018","5,593","5,600","5,635","5,568","18,07M","-0,76%"
"21.09.2018","5,636","5,742","5,785","5,605","56,16M","-0,74%"
"20.09.2018","5,678","5,617","5,755","5,617","35,16M","1,47%"
"19.09.2018","5,596","5,505","5,606","5,475","26,57M","2,01%"
"18.09.2018","5,486","5,502","5,509","5,443","16,85M","-0,31%"
"17.09.2018","5,503","5,430","5,528","5,428","20,38M","0,99%"
"14.09.2018","5,449","5,478","5,479","5,384","21,20M","0,20%"
"13.09.2018","5,438","5,213","5,461","5,209","40,25M","4,28%"
"12.09.2018","5,215","5,210","5,220","5,137","15,33M","0,12%"
"11.09.2018","5,209","5,229","5,255","5,155","17,24M","0,19%"
"10.09.2018","5,199","5,166","5,275","5,150","15,87M","0,37%"
"07.09.2018","5,180","5,230","5,257","5,118","22,85M","-0,92%"
"06.09.2018","5,228","5,320","5,320","5,221","24,13M","-2,52%"
"05.09.2018","5,363","5,347","5,426","5,297","21,83M","-0,09%"
"04.09.2018","5,368","5,354","5,422","5,298","17,46M","0,26%"
"03.09.2018","5,354","5,370","5,395","5,328","10,06M","-0,30%"
"31.08.2018","5,370","5,394","5,411","5,353","21,15M","-0,20%"
"30.08.2018","5,381","5,501","5,510","5,378","24,68M","-2,75%"
"29.08.2018","5,533","5,510","5,545","5,455","11,76M","0,78%"
"28.08.2018","5,490","5,590","5,608","5,490","17,66M","-1,45%"
"27.08.2018","5,571","5,551","5,587","5,506","8,30M","0,69%"
"24.08.2018","5,533","5,502","5,567","5,502","9,14M","0,20%"
"23.08.2018","5,522","5,570","5,597","5,520","11,93M","-0,52%"
"22.08.2018","5,551","5,489","5,582","5,480","16,37M","1,00%"
"21.08.2018","5,496","5,400","5,539","5,390","13,45M","1,48%"
"20.08.2018","5,416","5,469","5,514","5,394","13,64M","-0,44%"
"17.08.2018","5,440","5,514","5,514","5,379","20,37M","-0,86%"
"16.08.2018","5,487","5,466","5,516","5,410","21,23M","1,63%"
"15.08.2018","5,399","5,479","5,530","5,335","27,48M","-0,99%"
"14.08.2018","5,453","5,484","5,568","5,385","30,67M","-0,09%"
"13.08.2018","5,458","5,478","5,528","5,400","40,65M","-3,23%"
"10.08.2018","5,640","5,820","5,825","5,600","56,78M","-5,16%"
"09.08.2018","5,947","6,000","6,005","5,917","15,87M","-0,92%"
"08.08.2018","6,002","6,025","6,051","5,966","11,07M","-0,63%"
"07.08.2018","6,040","6,060","6,086","6,025","11,52M","-0,02%"
"06.08.2018","6,041","6,073","6,100","6,006","10,23M","-0,36%"
"03.08.2018","6,063","6,054","6,110","6,010","10,24M","0,21%"
"02.08.2018","6,050","6,189","6,190","6,022","27,51M","-2,80%"
"01.08.2018","6,224","6,294","6,330","6,204","11,76M","-0,99%"
"31.07.2018","6,286","6,210","6,330","6,210","19,23M","0,93%"
"30.07.2018","6,228","6,166","6,255","6,152","13,19M","0,44%"
"27.07.2018","6,201","6,190","6,328","6,159","18,50M","1,31%"
"26.07.2018","6,121","6,074","6,168","6,070","16,65M","1,21%"
"25.07.2018","6,048","6,156","6,160","6,034","16,13M","-1,75%"
"24.07.2018","6,156","6,080","6,200","6,077","21,02M","2,16%"
"23.07.2018","6,026","5,939","6,043","5,916","12,06M","0,92%"
"20.07.2018","5,971","5,950","5,999","5,916","17,42M","-0,08%"
"19.07.2018","5,976","6,000","6,071","5,949","13,39M","-0,47%"
"18.07.2018","6,004","5,921","6,004","5,871","18,03M","1,16%"
"17.07.2018","5,935","6,000","6,046","5,921","23,56M","-0,97%"
"16.07.2018","5,993","6,014","6,064","5,967","11,42M","-0,66%"
"13.07.2018","6,033","6,083","6,083","5,994","12,50M","-0,40%"
"12.07.2018","6,057","6,079","6,090","5,984","13,76M","0,20%"
"11.07.2018","6,045","6,140","6,160","6,045","19,28M","-2,69%"
"10.07.2018","6,212","6,350","6,353","6,175","27,85M","-2,45%"
"09.07.2018","6,368","6,400","6,439","6,364","12,69M","-0,02%"
"06.07.2018","6,369","6,360","6,410","6,302","19,57M","0,95%"
"05.07.2018","6,309","6,160","6,359","6,160","23,10M","2,82%"
"04.07.2018","6,136","6,000","6,155","5,998","16,01M","1,93%"
"03.07.2018","6,020","5,976","6,059","5,915","15,27M","1,24%"
"02.07.2018","5,946","5,980","5,987","5,881","23,52M","-2,11%"
"29.06.2018","6,074","6,050","6,160","6,037","22,52M","1,81%"
"28.06.2018","5,966","5,920","6,005","5,911","13,27M","-0,03%"
"27.06.2018","5,968","6,008","6,018","5,886","19,26M","-0,76%"
"26.06.2018","6,014","6,002","6,044","5,916","17,66M","0,99%"
"25.06.2018","5,955","5,998","6,040","5,945","17,63M","-1,73%"
"22.06.2018","6,060","6,014","6,078","5,975","15,97M","1,47%"
"21.06.2018","5,972","6,046","6,076","5,909","14,86M","-0,63%"
"20.06.2018","6,010","6,020","6,080","6,000","18,49M","0,82%"
"19.06.2018","5,961","5,850","5,994","5,800","16,78M","0,71%"
"18.06.2018","5,919","5,950","6,015","5,906","13,92M","-0,97%"
"15.06.2018","5,977","6,103","6,114","5,905","42,12M","-1,92%"
"14.06.2018","6,094","6,080","6,110","6,030","19,68M","-0,10%"
"13.06.2018","6,100","6,176","6,212","6,096","20,60M","-1,45%"
"12.06.2018","6,190","6,250","6,269","6,190","17,66M","-0,26%"
"11.06.2018","6,206","6,177","6,232","6,100","26,17M","2,11%"
"08.06.2018","6,078","6,039","6,078","6,004","18,71M","-0,59%"
"07.06.2018","6,114","6,050","6,188","6,050","25,06M","2,02%"
"06.06.2018","5,993","5,924","5,999","5,845","23,06M","1,32%"
"05.06.2018","5,915","6,037","6,075","5,914","22,45M","-2,34%"
"04.06.2018","6,057","6,087","6,147","6,020","23,00M","0,65%"
"01.06.2018","6,018","5,971","6,074","5,890","30,42M","3,07%"
"31.05.2018","5,839","5,981","6,066","5,783","39,90M","-1,30%"
"30.05.2018","5,916","5,950","6,022","5,825","36,05M","0,65%"
"29.05.2018","5,878","6,070","6,087","5,850","42,31M","-4,17%"
"28.05.2018","6,134","6,307","6,338","6,090","18,76M","-1,19%"
"25.05.2018","6,208","6,408","6,416","6,124","33,72M","-2,79%"
"24.05.2018","6,386","6,484","6,524","6,347","19,41M","-1,25%"
"23.05.2018","6,467","6,572","6,572","6,392","24,41M","-2,24%"
"22.05.2018","6,615","6,526","6,649","6,513","16,62M","1,64%"
"21.05.2018","6,508","6,610","6,623","6,489","12,76M","-1,09%"
"18.05.2018","6,580","6,700","6,706","6,546","30,18M","-1,89%"
"17.05.2018","6,707","6,640","6,708","6,610","15,46M","1,31%"
"16.05.2018","6,620","6,708","6,743","6,558","22,78M","-1,62%"
"15.05.2018","6,729","6,828","6,855","6,669","17,99M","-1,52%"
"14.05.2018","6,833","6,845","6,886","6,796","9,13M","-0,31%"
"11.05.2018","6,854","6,852","6,885","6,838","9,56M","0,03%"
"10.05.2018","6,852","6,820","6,852","6,789","11,12M","0,68%"
"09.05.2018","6,806","6,768","6,810","6,735","10,88M","0,74%"
"08.05.2018","6,756","6,791","6,817","6,730","14,45M","-0,47%"
"07.05.2018","6,788","6,770","6,812","6,753","9,30M","0,68%"
"04.05.2018","6,742","6,680","6,752","6,630","15,40M","1,14%"
"03.05.2018","6,666","6,760","6,760","6,638","18,40M","-1,46%"
"02.05.2018","6,765","6,718","6,782","6,718","12,19M","0,52%"
"30.04.2018","6,730","6,684","6,745","6,682","14,89M","0,64%"
"27.04.2018","6,687","6,595","6,740","6,580","23,03M","2,22%"
"26.04.2018","6,542","6,544","6,590","6,500","10,49M","-0,17%"
"25.04.2018","6,553","6,538","6,553","6,473","11,98M","-0,44%"
"24.04.2018","6,582","6,593","6,593","6,514","11,76M","0,00%"
"23.04.2018","6,582","6,592","6,593","6,541","12,06M","0,06%"
"20.04.2018","6,578","6,521","6,585","6,501","15,24M","0,92%"
"19.04.2018","6,518","6,476","6,538","6,476","11,28M","0,40%"
"18.04.2018","6,492","6,411","6,513","6,383","17,09M","1,41%"
"17.04.2018","6,402","6,432","6,485","6,402","12,20M","-0,20%"
"16.04.2018","6,415","6,408","6,452","6,395","9,88M","0,08%"
"13.04.2018","6,410","6,353","6,498","6,338","18,26M","1,28%"
"12.04.2018","6,329","6,347","6,372","6,315","12,61M","-0,30%"
"11.04.2018","6,348","6,405","6,431","6,340","15,94M","-1,14%"
"10.04.2018","6,421","6,480","6,495","6,408","14,38M","-0,16%"
"09.04.2018","6,431","6,400","6,467","6,381","12,94M","1,34%"
"06.04.2018","6,346","6,350","6,408","6,324","14,95M","-2,52%"
"05.04.2018","6,510","6,427","6,549","6,420","24,95M","2,52%"
"04.04.2018","6,350","6,364","6,373","6,245","26,54M","-0,25%"
"03.04.2018","6,366","6,380","6,419","6,322","14,73M","-0,98%"
"29.03.2018","6,429","6,360","6,485","6,354","19,66M","1,37%"
"28.03.2018","6,342","6,222","6,342","6,209","20,42M","0,84%"
"27.03.2018","6,289","6,368","6,370","6,257","17,64M","0,45%"
"26.03.2018","6,261","6,300","6,319","6,225","20,30M","-0,21%"
"23.03.2018","6,274","6,333","6,382","6,254","30,74M","-2,65%"
"22.03.2018","6,445","6,501","6,595","6,375","22,15M","-1,32%"
"21.03.2018","6,531","6,635","6,661","6,500","14,56M","-1,00%"
"20.03.2018","6,597","6,573","6,617","6,549","10,98M","0,67%"
"19.03.2018","6,553","6,629","6,652","6,527","13,66M","-1,47%"
"16.03.2018","6,651","6,557","6,678","6,524","37,07M","1,88%"
"15.03.2018","6,528","6,585","6,604","6,505","14,09M","-0,64%"
"14.03.2018","6,570","6,670","6,697","6,552","15,71M","-1,50%"
"13.03.2018","6,670","6,674","6,764","6,647","14,58M","-0,06%"
"12.03.2018","6,674","6,691","6,700","6,643","10,86M","0,42%"
"09.03.2018","6,646","6,668","6,702","6,637","13,51M","-0,09%"
"08.03.2018","6,652","6,657","6,717","6,618","13,65M","0,33%"
"07.03.2018","6,630","6,632","6,649","6,600","13,67M","-0,30%"
"06.03.2018","6,650","6,668","6,764","6,647","17,12M","0,61%"
"05.03.2018","6,610","6,607","6,673","6,571","17,13M","-0,48%"
"02.03.2018","6,642","6,750","6,750","6,640","25,50M","-2,18%"
"01.03.2018","6,790","6,851","6,880","6,780","17,49M","-1,45%"
"28.02.2018","6,890","6,910","6,940","6,871","17,07M","-0,86%"
"27.02.2018","6,950","6,981","6,998","6,922","13,23M","-0,13%"
"26.02.2018","6,959","6,945","6,960","6,900","13,31M","0,71%"
"23.02.2018","6,910","6,967","6,968","6,890","18,45M","-0,86%"
"22.02.2018","6,970","6,930","6,978","6,852","20,96M","0,00%"
"21.02.2018","6,970","7,012","7,030","6,936","14,14M","-0,80%"
"20.02.2018","7,026","7,011","7,071","6,975","16,49M","0,06%"
"19.02.2018","7,022","7,085","7,117","7,022","10,23M","-0,52%"
"16.02.2018","7,059","7,057","7,077","6,974","20,08M","0,94%"
"15.02.2018","6,993","7,060","7,140","6,968","17,16M","0,36%"
"14.02.2018","6,968","7,061","7,077","6,915","18,54M","-0,43%"
"13.02.2018","6,998","7,102","7,124","6,984","16,12M","-1,39%"
"12.02.2018","7,097","7,084","7,153","7,053","17,87M","1,26%"
"09.02.2018","7,009","7,067","7,098","6,928","29,36M","-1,71%"
"08.02.2018","7,131","7,193","7,287","7,098","23,71M","-1,33%"
"07.02.2018","7,227","7,195","7,268","7,087","23,09M","2,00%"
"06.02.2018","7,085","7,100","7,230","7,030","31,71M","-2,34%"
"05.02.2018","7,255","7,286","7,322","7,212","18,56M","-1,35%"
"02.02.2018","7,354","7,450","7,467","7,292","18,03M","-1,39%"
"01.02.2018","7,458","7,680","7,730","7,420","23,91M","-1,45%"
"31.01.2018","7,568","7,569","7,632","7,511","18,41M","0,07%"
"30.01.2018","7,563","7,590","7,617","7,512","19,81M","-1,05%"
"29.01.2018","7,643","7,659","7,674","7,594","14,15M","0,12%"
"26.01.2018","7,634","7,590","7,650","7,565","12,50M","0,43%"
"25.01.2018","7,601","7,483","7,601","7,481","17,01M","1,62%"
"24.01.2018","7,480","7,478","7,533","7,455","12,64M","-0,13%"
"23.01.2018","7,490","7,530","7,569","7,450","15,62M","-0,07%"
"22.01.2018","7,495","7,423","7,535","7,375","16,02M","1,28%"
"19.01.2018","7,400","7,375","7,448","7,354","14,38M","0,28%"
"18.01.2018","7,379","7,420","7,429","7,345","13,56M","-0,26%"
"17.01.2018","7,398","7,400","7,457","7,331","17,96M","-1,06%"
"16.01.2018","7,477","7,478","7,510","7,439","15,20M","-0,05%"
"15.01.2018","7,481","7,465","7,516","7,428","15,06M","0,44%"
"12.01.2018","7,448","7,391","7,448","7,359","20,46M","1,42%"
"11.01.2018","7,344","7,349","7,450","7,297","20,97M","-0,08%"
"10.01.2018","7,350","7,280","7,380","7,259","25,98M","1,21%"
"09.01.2018","7,262","7,227","7,284","7,217","12,95M","0,37%"
"08.01.2018","7,235","7,274","7,293","7,220","13,42M","-0,25%"
"05.01.2018","7,253","7,259","7,282","7,203","13,58M","0,44%"
"04.01.2018","7,221","7,113","7,274","7,104","20,79M","1,79%"
"03.01.2018","7,094","7,113","7,120","7,055","13,32M","0,17%"
"02.01.2018","7,082","7,139","7,169","7,050","15,96M","-0,42%"
"29.12.2017","7,112","7,140","7,167","7,069","14,63M","-0,49%"
"28.12.2017","7,147","7,191","7,219","7,131","10,16M","-0,93%"
"27.12.2017","7,214","7,231","7,280","7,191","10,15M","-0,69%"
"22.12.2017","7,264","7,200","7,340","7,200","15,38M","-1,47%"
"21.12.2017","7,372","7,248","7,405","7,216","14,77M","1,38%"
"20.12.2017","7,272","7,287","7,303","7,204","11,73M","-0,12%"
"19.12.2017","7,281","7,240","7,320","7,235","10,59M","0,40%"
"18.12.2017","7,252","7,190","7,270","7,180","19,15M","1,44%"
"15.12.2017","7,149","7,117","7,182","7,092","31,47M","0,17%"
"14.12.2017","7,137","7,169","7,234","7,135","14,14M","-0,82%"
"13.12.2017","7,196","7,187","7,253","7,181","10,16M","-0,25%"
"12.12.2017","7,214","7,218","7,238","7,166","15,41M","-0,11%"
"11.12.2017","7,222","7,234","7,283","7,206","11,05M","0,17%"
"08.12.2017","7,210","7,220","7,335","7,199","18,03M","0,63%"
"07.12.2017","7,165","7,079","7,165","7,050","12,36M","1,26%"
"06.12.2017","7,076","7,130","7,150","7,055","16,46M","-1,48%"
"05.12.2017","7,182","7,145","7,229","7,120","12,97M","0,31%"
"04.12.2017","7,160","7,169","7,200","7,113","13,21M","1,22%"
"01.12.2017","7,074","7,200","7,206","7,060","20,30M","-1,50%"
"30.11.2017","7,182","7,271","7,362","7,182","21,68M","-1,33%"
"29.11.2017","7,279","7,230","7,322","7,202","31,36M","1,99%"
"28.11.2017","7,137","7,096","7,141","7,080","12,46M","0,93%"
"27.11.2017","7,071","7,093","7,185","7,071","10,06M","-0,81%"
"24.11.2017","7,129","7,088","7,173","7,070","12,09M","0,85%"
"23.11.2017","7,069","7,030","7,134","7,022","17,02M","0,30%"
"22.11.2017","7,048","7,049","7,156","7,032","11,11M","0,37%"
"21.11.2017","7,022","7,102","7,135","7,022","25,98M","-1,36%"
"20.11.2017","7,119","7,162","7,223","7,078","15,80M","-0,99%"
"17.11.2017","7,190","7,250","7,293","7,174","18,50M","-0,83%"
"16.11.2017","7,250","7,244","7,333","7,211","15,91M","0,75%"
"15.11.2017","7,196","7,050","7,224","7,021","20,97M","1,30%"
"14.11.2017","7,104","7,150","7,189","7,070","13,26M","-0,35%"
"13.11.2017","7,129","7,175","7,175","7,060","13,74M","-0,25%"
"10.11.2017","7,147","7,176","7,228","7,132","17,96M","-0,39%"
"09.11.2017","7,175","7,220","7,312","7,170","14,76M","-0,60%"
"08.11.2017","7,218","7,200","7,218","7,126","21,59M","0,10%"
"07.11.2017","7,211","7,325","7,347","7,209","15,01M","-0,69%"
"06.11.2017","7,261","7,332","7,332","7,196","15,22M","-0,94%"
"03.11.2017","7,330","7,452","7,452","7,260","19,59M","-1,76%"
"02.11.2017","7,461","7,471","7,517","7,379","14,65M","-0,23%"
"01.11.2017","7,478","7,556","7,580","7,430","20,02M","-0,47%"
"31.10.2017","7,513","7,420","7,542","7,400","24,42M","1,39%"
"30.10.2017","7,410","7,330","7,441","7,293","29,09M","3,02%"
"27.10.2017","7,193","7,400","7,450","7,110","33,43M","-2,60%"
"26.10.2017","7,385","7,280","7,507","7,212","31,66M","1,79%"
"25.10.2017","7,255","7,265","7,403","7,234","17,86M","-0,10%"
"24.10.2017","7,262","7,176","7,296","7,150","17,91M","1,11%"
"23.10.2017","7,182","7,290","7,300","7,155","20,05M","-1,86%"
"20.10.2017","7,318","7,222","7,368","7,209","23,33M","1,36%"
"19.10.2017","7,220","7,265","7,298","7,176","18,14M","-0,76%"
"18.10.2017","7,275","7,241","7,285","7,162","15,22M","0,86%"
"17.10.2017","7,213","7,189","7,295","7,138","14,80M","0,12%"
"16.10.2017","7,204","7,306","7,310","7,173","16,54M","-1,75%"
"13.10.2017","7,332","7,380","7,393","7,319","12,46M","-0,46%"
"12.10.2017","7,366","7,347","7,380","7,308","9,79M","0,01%"
"11.10.2017","7,365","7,362","7,386","7,292","26,01M","2,43%"
"10.10.2017","7,190","7,210","7,222","7,092","23,18M","-0,64%"
"09.10.2017","7,236","7,305","7,397","7,230","17,91M","-1,13%"
"06.10.2017","7,319","7,277","7,368","7,228","18,74M","-0,80%"
"05.10.2017","7,378","7,128","7,482","7,112","26,06M","2,77%"
"04.10.2017","7,179","7,413","7,427","7,115","33,30M","-3,61%"
"03.10.2017","7,448","7,411","7,448","7,320","16,70M","0,89%"
"02.10.2017","7,382","7,476","7,520","7,316","30,08M","-2,37%"
"29.09.2017","7,561","7,464","7,561","7,382","18,95M","1,57%"
"28.09.2017","7,444","7,580","7,590","7,432","17,21M","-0,77%"
"27.09.2017","7,502","7,380","7,558","7,366","18,90M","2,12%"
"26.09.2017","7,346","7,367","7,387","7,310","9,73M","-0,27%"
"25.09.2017","7,366","7,470","7,492","7,330","18,80M","-1,88%"
"22.09.2017","7,507","7,500","7,554","7,476","13,12M","0,04%"
"21.09.2017","7,504","7,419","7,545","7,410","19,52M","1,71%"
"20.09.2017","7,378","7,460","7,485","7,334","14,07M","-1,10%"
"19.09.2017","7,460","7,415","7,496","7,410","9,65M","0,62%"
"18.09.2017","7,414","7,420","7,474","7,400","9,24M","0,50%"
"15.09.2017","7,377","7,414","7,474","7,334","33,50M","-0,83%"
"14.09.2017","7,439","7,410","7,459","7,360","13,23M","0,05%"
"13.09.2017","7,435","7,415","7,484","7,393","17,74M","0,46%"
"12.09.2017","7,401","7,412","7,433","7,374","13,64M","0,45%"
"11.09.2017","7,368","7,231","7,391","7,230","15,23M","2,70%"
"08.09.2017","7,174","7,150","7,266","7,121","16,78M","-0,26%"
"07.09.2017","7,193","7,278","7,303","7,171","17,88M","-0,57%"
"06.09.2017","7,234","7,214","7,270","7,155","11,35M","-0,11%"
"05.09.2017","7,242","7,370","7,408","7,226","16,20M","-1,75%"
"04.09.2017","7,371","7,339","7,396","7,339","6,85M","-0,85%"
"01.09.2017","7,434","7,448","7,489","7,390","9,00M","0,16%"
"31.08.2017","7,422","7,375","7,487","7,366","19,56M","1,13%"
"30.08.2017","7,339","7,375","7,386","7,303","9,67M","0,25%"
"29.08.2017","7,321","7,395","7,407","7,295","18,09M","-1,49%"
"28.08.2017","7,432","7,428","7,496","7,409","5,22M","-0,38%"
"25.08.2017","7,460","7,508","7,549","7,460","5,89M","-0,20%"
"24.08.2017","7,475","7,462","7,539","7,436","10,76M","0,74%"
"23.08.2017","7,420","7,528","7,564","7,396","11,53M","-1,20%"
"22.08.2017","7,510","7,500","7,556","7,469","9,98M","0,97%"
"21.08.2017","7,438","7,450","7,525","7,422","8,14M","-0,87%"
"18.08.2017","7,503","7,420","7,513","7,390","14,84M","-0,21%"
"17.08.2017","7,519","7,627","7,630","7,475","15,73M","-1,90%"
"16.08.2017","7,665","7,685","7,729","7,665","10,13M","0,33%"
"15.08.2017","7,640","7,630","7,647","7,585","8,18M","0,79%"
"14.08.2017","7,580","7,488","7,621","7,488","11,08M","1,72%"
"11.08.2017","7,452","7,514","7,570","7,375","19,75M","-1,84%"
"10.08.2017","7,592","7,700","7,731","7,545","17,80M","-1,75%"
"09.08.2017","7,727","7,851","7,885","7,651","20,93M","-2,50%"
"08.08.2017","7,925","7,860","7,932","7,850","11,05M","0,71%"
"07.08.2017","7,869","7,860","7,880","7,834","9,44M","0,45%"
"04.08.2017","7,834","7,761","7,877","7,753","18,02M","0,20%"
"03.08.2017","7,818","7,727","7,818","7,641","17,55M","0,92%"
"02.08.2017","7,747","7,804","7,820","7,689","13,06M","-0,23%"
"01.08.2017","7,765","7,800","7,810","7,680","18,10M","1,49%"
"31.07.2017","7,651","7,702","7,755","7,628","16,30M","-0,74%"
"28.07.2017","7,708","7,685","7,725","7,604","20,20M","0,08%"
"27.07.2017","7,702","7,590","7,740","7,590","14,52M","0,42%"
"26.07.2017","7,670","7,643","7,699","7,593","13,65M","0,05%"
"25.07.2017","7,666","7,495","7,749","7,491","25,39M","2,02%"
"24.07.2017","7,514","7,450","7,538","7,366","20,37M","1,25%"
"21.07.2017","7,421","7,515","7,515","7,361","23,27M","-1,45%"
"20.07.2017","7,530","7,530","7,586","7,485","16,29M","0,31%"
"19.07.2017","7,507","7,512","7,518","7,375","22,71M","0,24%"
"18.07.2017","7,489","7,618","7,661","7,458","17,07M","-1,89%"
"17.07.2017","7,633","7,709","7,709","7,576","15,17M","-0,59%"
"14.07.2017","7,678","7,680","7,767","7,628","22,21M","0,30%"
"13.07.2017","7,655","7,560","7,680","7,559","19,56M","1,86%"
"12.07.2017","7,515","7,558","7,564","7,492","13,44M","-0,08%"
"11.07.2017","7,521","7,550","7,567","7,488","11,83M","-0,01%"
"10.07.2017","7,522","7,570","7,587","7,466","11,85M","-0,12%"
"07.07.2017","7,531","7,508","7,557","7,464","14,71M","0,13%"
"06.07.2017","7,521","7,500","7,540","7,392","20,21M","0,76%"
"05.07.2017","7,464","7,459","7,570","7,438","20,14M","0,05%"
"04.07.2017","7,460","7,441","7,530","7,423","11,46M","-0,65%"
"03.07.2017","7,509","7,341","7,509","7,320","17,45M","3,36%"
"30.06.2017","7,265","7,424","7,483","7,259","24,25M","-1,84%"
"29.06.2017","7,401","7,513","7,610","7,385","27,26M","-1,03%"
"28.06.2017","7,478","7,350","7,495","7,290","25,47M","1,41%"
"27.06.2017","7,374","7,305","7,411","7,283","16,14M","0,88%"
"26.06.2017","7,310","7,270","7,387","7,263","13,62M","0,99%"
"23.06.2017","7,238","7,273","7,356","7,225","11,43M","-1,01%"
"22.06.2017","7,312","7,300","7,335","7,215","14,62M","-0,37%"
"21.06.2017","7,339","7,310","7,355","7,196","15,21M","-0,04%"
"20.06.2017","7,342","7,468","7,472","7,320","12,98M","-0,92%"
"19.06.2017","7,410","7,381","7,459","7,360","16,39M","1,35%"
"16.06.2017","7,311","7,334","7,380","7,220","44,43M","0,19%"
"15.06.2017","7,297","7,315","7,317","7,170","26,37M","-0,18%"
"14.06.2017","7,310","7,440","7,515","7,283","18,81M","-1,44%"
"13.06.2017","7,417","7,345","7,483","7,340","14,43M","0,91%"
"12.06.2017","7,350","7,426","7,457","7,316","20,40M","-1,45%"
"09.06.2017","7,458","7,406","7,580","7,333","19,14M","0,19%"
"08.06.2017","7,444","7,333","7,485","7,300","20,26M","1,54%"
"07.06.2017","7,331","7,248","7,425","7,180","29,13M","2,03%"
"06.06.2017","7,185","7,208","7,234","7,152","19,79M","-0,94%"
"05.06.2017","7,253","7,223","7,298","7,179","10,83M","0,19%"
"02.06.2017","7,239","7,317","7,384","7,211","20,10M","0,32%"
"01.06.2017","7,216","7,270","7,278","7,145","26,99M","-0,50%"
"31.05.2017","7,252","7,383","7,437","7,252","27,31M","-1,49%"
"30.05.2017","7,362","7,392","7,505","7,306","27,45M","-1,64%"
"29.05.2017","7,485","7,386","7,500","7,386","9,43M","0,47%"
"26.05.2017","7,450","7,459","7,459","7,285","17,72M","-0,37%"
"25.05.2017","7,478","7,550","7,588","7,462","11,21M","-0,12%"
"24.05.2017","7,487","7,505","7,540","7,433","9,86M","0,11%"
"23.05.2017","7,479","7,278","7,538","7,267","19,05M","2,06%"
"22.05.2017","7,328","7,420","7,434","7,304","16,93M","-1,16%"
"19.05.2017","7,414","7,256","7,423","7,256","24,46M","2,40%"
"18.05.2017","7,240","7,240","7,330","7,135","30,87M","-0,82%"
"17.05.2017","7,300","7,379","7,444","7,249","22,10M","-1,88%"
"16.05.2017","7,440","7,430","7,500","7,381","13,82M","0,01%"
"15.05.2017","7,439","7,449","7,467","7,372","12,70M","0,69%"
"12.05.2017","7,388","7,400","7,440","7,329","23,59M","0,03%"
"11.05.2017","7,386","7,571","7,596","7,385","27,61M","-2,19%"
"10.05.2017","7,551","7,553","7,610","7,462","24,01M","-0,71%"
"09.05.2017","7,605","7,770","7,815","7,605","22,21M","-2,02%"
"08.05.2017","7,762","7,870","7,889","7,670","21,85M","-0,49%"
"05.05.2017","7,800","7,643","7,827","7,606","27,07M","1,75%"
"04.05.2017","7,666","7,565","7,666","7,530","25,82M","2,15%"
"03.05.2017","7,505","7,460","7,519","7,426","18,34M","0,87%"
"02.05.2017","7,440","7,348","7,475","7,343","16,94M","1,24%"
"28.04.2017","7,349","7,377","7,519","7,300","31,47M","-1,42%"
"27.04.2017","7,455","7,550","7,588","7,345","34,04M","-2,06%"
"26.04.2017","7,612","7,700","7,705","7,523","26,19M","-0,24%"
"25.04.2017","7,630","7,650","7,698","7,525","35,28M","0,21%"
"24.04.2017","7,614","7,499","7,614","7,390","66,66M","7,32%"
"21.04.2017","7,095","7,060","7,147","6,963","33,51M","1,07%"
"20.04.2017","7,020","6,931","7,075","6,909","24,06M","1,18%"
"19.04.2017","6,938","6,812","6,965","6,803","18,65M","2,13%"
"18.04.2017","6,793","6,870","6,885","6,744","20,61M","-0,92%"
"13.04.2017","6,856","6,940","6,950","6,801","21,91M","-1,35%"
"12.04.2017","6,950","7,060","7,096","6,911","22,25M","-1,03%"
"11.04.2017","7,022","6,991","7,078","6,970","20,73M","-0,30%"
"10.04.2017","7,043","7,101","7,113","7,020","16,31M","-1,10%"
"07.04.2017","7,121","7,087","7,141","7,028","18,08M","-0,15%"
"06.04.2017","7,132","6,965","7,146","6,940","24,31M","1,11%"
"05.04.2017","7,054","7,000","7,120","6,996","27,23M","1,03%"
"04.04.2017","6,982","6,949","7,010","6,847","23,57M","0,52%"
"03.04.2017","6,946","7,146","7,162","6,935","34,52M","-2,69%"
"31.03.2017","7,138","7,050","7,138","7,011","25,07M","0,83%"
"30.03.2017","7,079","7,046","7,085","6,989","19,05M","0,38%"
"29.03.2017","7,052","7,157","7,182","6,992","23,74M","-1,15%"
"28.03.2017","7,134","7,079","7,157","7,062","20,12M","1,05%"
"27.03.2017","7,060","6,939","7,064","6,915","22,45M","0,03%"
"24.03.2017","7,058","7,027","7,077","7,004","16,43M","-0,28%"
"23.03.2017","7,078","7,040","7,101","6,976","21,85M","0,83%"
"22.03.2017","7,020","6,935","7,097","6,843","31,17M","0,40%"
"21.03.2017","6,992","7,034","7,104","6,958","29,05M","0,53%"
"20.03.2017","6,955","6,914","7,008","6,892","15,97M","0,04%"
"17.03.2017","6,952","6,957","7,045","6,928","39,97M","0,35%"
"16.03.2017","6,928","6,850","6,969","6,805","37,67M","3,14%"
"15.03.2017","6,717","6,670","6,793","6,670","24,67M","0,67%"
"14.03.2017","6,672","6,774","6,774","6,650","18,67M","-1,29%"
"13.03.2017","6,759","6,774","6,812","6,687","15,09M","-0,12%"
"10.03.2017","6,767","6,772","6,886","6,697","45,07M","0,16%"
"09.03.2017","6,756","6,488","6,774","6,487","45,51M","3,76%"
"08.03.2017","6,511","6,479","6,575","6,456","21,80M","0,60%"
"07.03.2017","6,472","6,472","6,482","6,410","14,64M","-0,15%"
"06.03.2017","6,482","6,436","6,532","6,412","20,96M","0,25%"
"03.03.2017","6,466","6,254","6,470","6,225","42,85M","3,31%"
"02.03.2017","6,259","6,246","6,331","6,196","25,42M","0,24%"
"01.03.2017","6,244","6,107","6,259","6,103","29,45M","2,93%"
"28.02.2017","6,066","6,042","6,085","6,004","20,65M","0,78%"
"27.02.2017","6,019","5,979","6,047","5,970","13,28M","0,92%"
"24.02.2017","5,964","6,048","6,074","5,898","27,19M","-1,14%"
"23.02.2017","6,033","6,105","6,112","6,003","22,51M","-0,87%"
"22.02.2017","6,086","6,118","6,200","6,004","25,66M","-0,51%"
"21.02.2017","6,117","6,109","6,177","6,033","14,34M","-0,26%"
"20.02.2017","6,133","6,183","6,211","6,119","12,74M","0,10%"
"17.02.2017","6,127","6,208","6,225","6,067","27,94M","-1,16%"
"16.02.2017","6,199","6,284","6,312","6,167","22,41M","-1,65%"
"15.02.2017","6,303","6,244","6,352","6,234","52,04M","3,14%"
"14.02.2017","6,111","5,961","6,131","5,926","31,89M","2,71%"
"13.02.2017","5,950","5,892","5,983","5,837","18,23M","1,47%"
"10.02.2017","5,864","6,006","6,014","5,842","24,41M","-1,33%"
"09.02.2017","5,943","5,930","5,953","5,847","28,48M","0,35%"
"08.02.2017","5,922","6,043","6,062","5,808","32,21M","-1,25%"
"07.02.2017","5,997","5,989","6,051","5,941","16,98M","-0,20%"
"06.02.2017","6,009","6,103","6,135","5,989","21,12M","-1,00%"
"03.02.2017","6,070","6,058","6,104","6,009","22,31M","0,90%"
"02.02.2017","6,016","6,038","6,054","5,955","37,00M","-0,97%"
"01.02.2017","6,075","6,303","6,315","5,990","52,60M","-1,40%"
"31.01.2017","6,161","6,209","6,323","6,157","22,65M","-0,60%"
"30.01.2017","6,198","6,223","6,279","6,184","15,53M","-1,12%"
"27.01.2017","6,268","6,288","6,292","6,161","19,28M","-0,44%"
"26.01.2017","6,296","6,403","6,450","6,271","23,08M","-0,82%"
"25.01.2017","6,348","6,234","6,413","6,225","39,83M","3,17%"
"24.01.2017","6,153","5,999","6,156","5,982","25,45M","2,98%"
"23.01.2017","5,975","5,962","6,009","5,901","16,50M","-0,60%"
"20.01.2017","6,011","6,026","6,072","5,989","21,45M","0,08%"
"19.01.2017","6,006","6,054","6,077","5,977","19,01M","-0,32%"
"18.01.2017","6,025","6,048","6,063","5,982","17,18M","0,12%"
"17.01.2017","6,018","6,009","6,066","5,980","19,07M","-0,17%"
"16.01.2017","6,028","6,053","6,067","6,000","14,22M","-1,55%"
"13.01.2017","6,123","6,048","6,188","6,026","22,17M","1,93%"
"12.01.2017","6,007","5,989","6,105","5,925","29,61M","-0,50%"
"11.01.2017","6,037","6,215","6,215","6,010","56,25M","-3,27%"
"10.01.2017","6,241","6,346","6,346","6,229","25,16M","-2,76%"
"09.01.2017","6,418","6,465","6,469","6,352","18,50M","-0,45%"
"06.01.2017","6,447","6,411","6,458","6,337","14,78M","0,75%"
"05.01.2017","6,399","6,346","6,435","6,320","18,09M","0,34%"
"04.01.2017","6,377","6,465","6,481","6,317","29,37M","-1,07%"
"03.01.2017","6,446","6,362","6,564","6,335","24,03M","1,95%"
"02.01.2017","6,323","6,342","6,356","6,258","7,73M","0,41%"
"30.12.2016","6,297","6,252","6,297","6,219","14,57M","0,61%"
"29.12.2016","6,259","6,216","6,279","6,211","11,02M","-0,60%"
"28.12.2016","6,297","6,333","6,345","6,258","11,40M","-0,47%"
"27.12.2016","6,327","6,303","6,342","6,284","6,42M","-0,25%"
"23.12.2016","6,343","6,368","6,411","6,313","10,00M","0,25%"
"22.12.2016","6,327","6,306","6,369","6,290","11,13M","-0,17%"
"21.12.2016","6,338","6,377","6,429","6,242","23,57M","-0,91%"
"20.12.2016","6,396","6,333","6,438","6,317","18,76M","0,63%"
"19.12.2016","6,356","6,411","6,428","6,336","18,13M","-1,20%"
"16.12.2016","6,433","6,402","6,485","6,346","57,88M","0,28%"
"15.12.2016","6,415","6,280","6,429","6,274","30,08M","2,57%"
"14.12.2016","6,254","6,321","6,375","6,254","25,67M","-1,54%"
"13.12.2016","6,352","6,219","6,364","6,138","28,57M","1,58%"
"12.12.2016","6,253","6,284","6,348","6,237","21,04M","-0,70%"
"09.12.2016","6,297","6,328","6,358","6,228","27,36M","-0,99%"
"08.12.2016","6,360","6,107","6,460","6,080","52,60M","4,47%"
"07.12.2016","6,088","6,063","6,146","6,024","31,42M","1,28%"
"06.12.2016","6,011","5,763","6,037","5,733","31,47M","4,70%"
"05.12.2016","5,741","5,599","5,808","5,567","19,55M","1,02%"
"02.12.2016","5,683","5,694","5,743","5,646","19,07M","-1,39%"
"01.12.2016","5,763","5,714","5,783","5,681","17,97M","0,75%"
"30.11.2016","5,720","5,665","5,753","5,641","29,06M","0,79%"
"29.11.2016","5,675","5,587","5,711","5,582","17,37M","0,94%"
"28.11.2016","5,622","5,646","5,672","5,582","17,35M","-0,78%"
"25.11.2016","5,666","5,692","5,696","5,629","16,70M","-0,87%"
"24.11.2016","5,716","5,699","5,760","5,677","11,72M","-0,44%"
"23.11.2016","5,741","5,773","5,787","5,647","22,24M","-0,47%"
"22.11.2016","5,768","5,793","5,818","5,748","16,01M","0,35%"
"21.11.2016","5,748","5,750","5,767","5,681","18,80M","-0,09%"
"18.11.2016","5,753","5,960","5,965","5,753","33,69M","-2,80%"
"17.11.2016","5,919","5,812","5,930","5,793","23,69M","0,99%"
"16.11.2016","5,861","5,933","5,994","5,803","28,64M","-0,51%"
"15.11.2016","5,891","5,825","5,906","5,731","24,97M","1,17%"
"14.11.2016","5,823","5,856","5,920","5,709","38,79M","0,33%"
"11.11.2016","5,804","6,002","6,019","5,771","37,07M","-2,29%"
"10.11.2016","5,940","6,068","6,169","5,871","69,77M","-1,15%"
"09.11.2016","6,009","5,806","6,012","5,744","169,90M","-5,70%"
"08.11.2016","6,372","6,323","6,410","6,275","25,49M","1,56%"
"07.11.2016","6,274","6,294","6,324","6,233","22,46M","3,14%"
"04.11.2016","6,083","6,111","6,130","6,014","21,57M","-0,96%"
"03.11.2016","6,142","6,088","6,228","6,071","24,29M","1,20%"
"02.11.2016","6,069","6,232","6,234","6,069","40,19M","-3,96%"
"01.11.2016","6,319","6,500","6,524","6,305","26,48M","-2,15%"
"31.10.2016","6,458","6,382","6,480","6,372","30,72M","-0,19%"
"28.10.2016","6,470","6,480","6,490","6,383","31,53M","-0,31%"
"27.10.2016","6,490","6,362","6,490","6,293","44,16M","2,80%"
"26.10.2016","6,313","6,205","6,313","6,203","29,10M","2,04%"
"25.10.2016","6,187","6,261","6,268","6,149","24,45M","-1,04%"
"24.10.2016","6,252","6,136","6,290","6,117","35,73M","3,20%"
"21.10.2016","6,058","6,090","6,136","6,000","27,06M","-0,53%"
"20.10.2016","6,090","5,952","6,116","5,928","39,64M","3,17%"
"19.10.2016","5,903","5,821","5,910","5,746","29,44M","1,99%"
"18.10.2016","5,788","5,689","5,818","5,653","27,19M","3,01%"
"17.10.2016","5,619","5,580","5,675","5,563","23,93M","0,38%"
"14.10.2016","5,598","5,478","5,641","5,465","26,17M","2,89%"
"13.10.2016","5,441","5,500","5,500","5,370","22,99M","-1,98%"
"12.10.2016","5,551","5,535","5,634","5,522","22,25M","0,45%"
"11.10.2016","5,526","5,359","5,541","5,323","36,63M","2,98%"
"10.10.2016","5,366","5,310","5,378","5,246","21,85M","0,69%"
"07.10.2016","5,329","5,385","5,424","5,262","21,17M","-0,60%"
"06.10.2016","5,361","5,349","5,447","5,336","30,26M","0,75%"
"05.10.2016","5,321","5,164","5,336","5,154","27,69M","2,01%"
"04.10.2016","5,216","5,208","5,254","5,157","19,62M","0,46%"
"03.10.2016","5,192","5,188","5,252","5,146","14,74M","-0,44%"
"30.09.2016","5,215","5,038","5,221","4,942","50,14M","0,58%"
"29.09.2016","5,185","5,232","5,263","5,168","19,46M","0,14%"
"28.09.2016","5,178","5,167","5,252","5,155","17,69M","0,90%"
"27.09.2016","5,132","5,232","5,232","5,074","24,52M","-0,27%"
"26.09.2016","5,146","5,256","5,256","5,082","27,30M","-3,20%"
"23.09.2016","5,316","5,307","5,335","5,242","21,54M","-0,67%"
"22.09.2016","5,352","5,257","5,380","5,223","26,11M","2,80%"
"21.09.2016","5,206","5,203","5,250","5,152","21,77M","2,87%"
"20.09.2016","5,061","5,068","5,116","5,040","12,39M","-0,73%"
"19.09.2016","5,098","5,144","5,152","5,087","16,73M","0,57%"
"16.09.2016","5,069","5,134","5,155","5,054","47,14M","-1,80%"
"15.09.2016","5,162","5,225","5,271","5,117","21,91M","-0,69%"
"14.09.2016","5,198","5,261","5,269","5,182","23,28M","-1,10%"
"13.09.2016","5,256","5,400","5,434","5,256","18,29M","-2,36%"
"12.09.2016","5,383","5,392","5,426","5,295","23,06M","-2,45%"
"09.09.2016","5,518","5,562","5,660","5,517","21,78M","-0,97%"
"08.09.2016","5,572","5,481","5,586","5,431","21,02M","1,66%"
"07.09.2016","5,481","5,454","5,503","5,374","14,74M","1,16%"
"06.09.2016","5,418","5,556","5,562","5,416","17,22M","-1,83%"
"05.09.2016","5,519","5,513","5,557","5,465","12,67M","0,11%"
"02.09.2016","5,513","5,445","5,524","5,345","18,61M","1,64%"
"01.09.2016","5,424","5,405","5,556","5,391","22,72M","0,35%"
"31.08.2016","5,405","5,329","5,459","5,317","28,70M","1,07%"
"30.08.2016","5,348","5,252","5,358","5,244","16,35M","1,96%"
"29.08.2016","5,245","5,234","5,294","5,205","7,54M","-0,29%"
"26.08.2016","5,260","5,174","5,275","5,162","11,84M","1,60%"
"25.08.2016","5,177","5,196","5,231","5,153","11,89M","-1,15%"
"24.08.2016","5,237","5,096","5,241","5,058","28,96M","3,36%"
"23.08.2016","5,067","4,981","5,092","4,976","14,21M","1,89%"
"22.08.2016","4,973","4,936","5,022","4,921","12,68M","0,81%"
"19.08.2016","4,933","5,027","5,029","4,882","15,94M","-2,06%"
"18.08.2016","5,037","5,067","5,077","4,970","11,30M","0,42%"
"17.08.2016","5,016","5,143","5,150","5,013","10,09M","-1,74%"
"16.08.2016","5,105","5,101","5,147","5,066","14,77M","-0,31%"
"15.08.2016","5,121","5,101","5,145","5,086","6,85M","0,29%"
"12.08.2016","5,106","5,126","5,169","5,102","12,06M","-0,62%"
"11.08.2016","5,138","5,135","5,152","5,070","12,52M","0,53%"
"10.08.2016","5,111","5,020","5,133","5,006","15,51M","1,01%"
"09.08.2016","5,060","4,971","5,069","4,934","17,25M","1,93%"
"08.08.2016","4,964","4,963","5,035","4,951","17,91M","0,69%"
"05.08.2016","4,930","4,845","4,936","4,806","22,78M","2,62%"
"04.08.2016","4,804","4,725","4,864","4,723","25,29M","2,54%"
"03.08.2016","4,685","4,683","4,729","4,608","28,61M","1,06%"
"02.08.2016","4,636","4,846","4,848","4,613","40,78M","-4,88%"
"01.08.2016","4,874","5,096","5,135","4,821","32,99M","-3,73%"
"29.07.2016","5,063","5,053","5,125","4,961","37,24M","3,73%"
"28.07.2016","4,881","5,039","5,066","4,870","23,48M","-3,58%"
"27.07.2016","5,062","4,982","5,114","4,981","22,35M","1,83%"
"26.07.2016","4,971","5,001","5,021","4,886","19,56M","-0,86%"
"25.07.2016","5,014","5,081","5,113","4,984","16,88M","-1,51%"
"22.07.2016","5,091","5,058","5,124","5,037","20,42M","0,12%"
"21.07.2016","5,085","5,041","5,139","4,999","23,97M","0,95%"
"20.07.2016","5,037","5,038","5,080","4,976","21,07M","1,00%"
"19.07.2016","4,987","5,013","5,101","4,944","27,71M","-0,93%"
"18.07.2016","5,034","5,132","5,183","4,937","42,55M","-2,80%"
"15.07.2016","5,179","5,170","5,269","5,074","29,82M","-0,13%"
"14.07.2016","5,186","5,154","5,229","5,117","32,92M","2,23%"
"13.07.2016","5,073","5,072","5,242","4,981","37,52M","-0,74%"
"12.07.2016","5,111","4,899","5,130","4,878","40,63M","4,31%"
"11.07.2016","4,900","4,893","4,927","4,764","24,69M","1,05%"
"08.07.2016","4,849","4,684","4,928","4,643","33,04M","3,10%"
"07.07.2016","4,703","4,699","4,767","4,653","25,31M","0,88%"
"06.07.2016","4,662","4,699","4,770","4,595","41,10M","-3,38%"
"05.07.2016","4,825","4,893","4,947","4,809","29,58M","-2,41%"
"04.07.2016","4,944","4,981","5,011","4,871","21,63M","-0,36%"
"01.07.2016","4,962","4,964","5,024","4,826","32,59M","1,12%"
"30.06.2016","4,907","4,871","4,964","4,750","43,42M","0,95%"
"29.06.2016","4,861","4,803","4,871","4,777","42,47M","3,43%"
"28.06.2016","4,700","4,753","4,834","4,681","50,41M","1,84%"
"27.06.2016","4,615","4,980","4,990","4,522","79,40M","-1,68%"
"24.06.2016","4,694","4,360","4,985","4,360","135,75M","-16,16%"
"23.06.2016","5,599","5,471","5,618","5,400","32,45M","2,73%"
"22.06.2016","5,450","5,456","5,516","5,367","32,20M","0,80%"
"21.06.2016","5,407","5,353","5,436","5,348","29,61M","0,46%"
"20.06.2016","5,382","5,417","5,453","5,316","32,36M","2,93%"
"17.06.2016","5,229","5,117","5,252","5,103","69,76M","4,31%"
"16.06.2016","5,013","4,878","5,022","4,849","37,39M","0,87%"
"15.06.2016","4,970","4,941","5,070","4,908","35,26M","1,84%"
"14.06.2016","4,880","4,956","5,019","4,857","34,80M","-2,28%"
"13.06.2016","4,994","5,116","5,128","4,973","37,00M","-3,50%"
"10.06.2016","5,175","5,378","5,379","5,166","38,74M","-4,15%"
"09.06.2016","5,399","5,426","5,480","5,383","21,39M","-0,97%"
"08.06.2016","5,452","5,541","5,541","5,417","21,66M","-1,89%"
"07.06.2016","5,557","5,581","5,652","5,523","21,85M","0,16%"
"06.06.2016","5,548","5,523","5,631","5,493","17,71M","0,23%"
"03.06.2016","5,535","5,688","5,717","5,465","25,37M","-2,21%"
"02.06.2016","5,660","5,647","5,856","5,644","31,40M","0,00%"
"01.06.2016","5,660","5,777","5,794","5,605","20,85M","-2,01%"
"31.05.2016","5,776","5,891","5,917","5,723","26,47M","-1,79%"
"30.05.2016","5,881","5,881","5,906","5,826","10,18M","0,19%"
"27.05.2016","5,870","5,822","5,932","5,812","23,68M","0,24%"
"26.05.2016","5,856","5,814","5,875","5,750","32,81M","-0,81%"
"25.05.2016","5,904","5,667","5,944","5,655","48,10M","5,28%"
"24.05.2016","5,608","5,369","5,625","5,349","28,73M","4,28%"
"23.05.2016","5,378","5,451","5,499","5,366","19,80M","-1,47%"
"20.05.2016","5,458","5,432","5,484","5,407","21,87M","1,09%"
"19.05.2016","5,399","5,476","5,568","5,393","26,42M","-1,37%"
"18.05.2016","5,474","5,406","5,523","5,364","18,68M","0,68%"
"17.05.2016","5,437","5,411","5,548","5,379","29,50M","1,32%"
"16.05.2016","5,366","5,297","5,378","5,263","14,03M","0,51%"
"13.05.2016","5,339","5,275","5,394","5,218","24,22M","0,53%"
"12.05.2016","5,311","5,308","5,431","5,252","28,87M","-0,58%"
"11.05.2016","5,342","5,465","5,484","5,271","29,18M","-2,11%"
"10.05.2016","5,457","5,436","5,527","5,405","24,91M","1,90%"
"09.05.2016","5,355","5,528","5,560","5,329","27,57M","-1,76%"
"06.05.2016","5,451","5,369","5,537","5,301","40,86M","1,38%"
"05.05.2016","5,377","5,445","5,511","5,337","32,90M","-0,65%"
"04.05.2016","5,412","5,509","5,577","5,407","34,85M","-2,26%"
"03.05.2016","5,537","5,746","5,758","5,499","32,88M","-3,82%"
"02.05.2016","5,757","5,814","5,830","5,709","17,57M","-0,69%"
"29.04.2016","5,797","5,959","6,026","5,758","57,70M","-4,78%"
"28.04.2016","6,088","6,201","6,201","5,938","88,41M","-6,77%"
"27.04.2016","6,530","6,511","6,593","6,458","37,41M","-0,26%"
"26.04.2016","6,547","6,222","6,548","6,222","44,29M","5,29%"
"25.04.2016","6,218","6,322","6,366","6,176","27,95M","-2,02%"
"22.04.2016","6,346","6,264","6,370","6,245","35,36M","0,87%"
"21.04.2016","6,291","6,201","6,342","6,164","46,81M","2,03%"
"20.04.2016","6,166","5,858","6,173","5,821","58,52M","5,76%"
"19.04.2016","5,830","5,807","5,872","5,778","30,64M","0,90%"
"18.04.2016","5,778","5,632","5,803","5,581","22,51M","0,64%"
"15.04.2016","5,741","5,712","5,765","5,659","22,50M","0,35%"
"14.04.2016","5,721","5,664","5,731","5,545","41,37M","1,15%"
"13.04.2016","5,656","5,432","5,656","5,407","56,95M","6,12%"
"12.04.2016","5,330","5,341","5,442","5,217","49,57M","0,74%"
"11.04.2016","5,291","5,242","5,382","5,184","50,74M","0,99%"
"08.04.2016","5,239","5,154","5,302","5,154","50,85M","1,55%"
"07.04.2016","5,159","5,300","5,310","5,137","34,77M","-2,62%"
"06.04.2016","5,298","5,329","5,443","5,255","45,20M","-0,58%"
"05.04.2016","5,329","5,411","5,434","5,314","31,22M","-2,65%"
"04.04.2016","5,474","5,470","5,559","5,419","19,37M","0,07%"
"01.04.2016","5,470","5,485","5,615","5,426","71,00M","-1,64%"
"31.03.2016","5,561","5,628","5,673","5,522","46,94M","-1,80%"
"30.03.2016","5,663","5,716","5,778","5,659","28,75M","0,04%"
"29.03.2016","5,661","5,783","5,835","5,620","21,13M","-1,01%"
"24.03.2016","5,719","5,796","5,842","5,689","25,81M","-2,22%"
"23.03.2016","5,849","5,986","6,020","5,808","17,91M","-1,88%"
"22.03.2016","5,961","5,937","5,961","5,829","19,71M","-0,60%"
"21.03.2016","5,997","6,013","6,145","5,977","18,50M","-1,25%"
"18.03.2016","6,073","6,035","6,154","5,931","43,38M","0,86%"
"17.03.2016","6,021","6,127","6,135","5,826","40,96M","0,22%"
"16.03.2016","6,008","6,046","6,135","5,916","25,36M","-0,63%"
"15.03.2016","6,046","6,192","6,217","6,008","33,16M","-2,95%"
"14.03.2016","6,230","6,283","6,345","6,217","31,93M","0,45%"
"11.03.2016","6,202","5,993","6,224","5,959","42,82M","6,20%"
"10.03.2016","5,840","5,769","6,168","5,678","67,50M","1,35%"
"09.03.2016","5,762","5,797","5,873","5,718","27,02M","-0,71%"
"08.03.2016","5,803","5,784","5,949","5,732","26,40M","-1,19%"
"07.03.2016","5,873","5,919","5,967","5,731","21,77M","-1,04%"
"04.03.2016","5,935","5,963","6,015","5,849","31,23M","0,19%"
"03.03.2016","5,924","5,911","5,959","5,825","30,16M","0,58%"
"02.03.2016","5,890","5,702","5,929","5,683","38,21M","4,43%"
"01.03.2016","5,640","5,551","5,648","5,500","23,64M","1,18%"
"29.02.2016","5,574","5,406","5,574","5,334","24,82M","1,51%"
"26.02.2016","5,491","5,264","5,519","5,250","37,78M","5,66%"
"25.02.2016","5,197","5,178","5,273","5,136","22,11M","2,20%"
"24.02.2016","5,085","5,306","5,324","5,048","34,60M","-4,54%"
"23.02.2016","5,327","5,430","5,588","5,318","26,70M","-2,77%"
"22.02.2016","5,479","5,334","5,481","5,312","20,66M","3,91%"
"19.02.2016","5,273","5,364","5,450","5,179","29,20M","-2,06%"
"18.02.2016","5,384","5,616","5,644","5,344","29,01M","-3,15%"
"17.02.2016","5,559","5,377","5,572","5,333","28,63M","4,06%"
"16.02.2016","5,342","5,464","5,464","5,259","24,67M","-0,89%"
"15.02.2016","5,390","5,442","5,461","5,293","31,22M","2,92%"
"12.02.2016","5,237","5,070","5,237","5,007","51,56M","4,97%"
"11.02.2016","4,989","5,287","5,287","4,989","57,97M","-7,15%"
"10.02.2016","5,373","5,150","5,464","5,114","50,23M","6,25%"
"09.02.2016","5,057","5,304","5,444","5,023","53,75M","-4,66%"
"08.02.2016","5,304","5,701","5,701","5,269","31,71M","-5,61%"
"05.02.2016","5,619","5,482","5,654","5,397","42,56M","2,33%"
"04.02.2016","5,491","5,296","5,512","5,173","38,22M","5,33%"
"03.02.2016","5,213","5,333","5,378","5,057","33,71M","-2,16%"
"02.02.2016","5,328","5,494","5,512","5,264","38,08M","-3,51%"
"01.02.2016","5,522","5,643","5,673","5,477","24,57M","-1,60%"
"29.01.2016","5,612","5,533","5,625","5,474","31,40M","3,24%"
"28.01.2016","5,436","5,596","5,697","5,397","43,86M","-3,43%"
"27.01.2016","5,629","5,608","5,637","5,528","16,41M","0,04%"
"26.01.2016","5,627","5,384","5,627","5,355","57,46M","2,44%"
"25.01.2016","5,493","5,725","5,734","5,456","20,95M","-3,17%"
"22.01.2016","5,673","5,629","5,737","5,546","44,51M","3,41%"
"21.01.2016","5,486","5,347","5,535","5,307","30,93M","2,73%"
"20.01.2016","5,340","5,440","5,446","5,279","30,08M","-3,73%"
"19.01.2016","5,547","5,645","5,683","5,535","30,02M","0,22%"
"18.01.2016","5,535","5,606","5,675","5,516","26,74M","-1,53%"
"15.01.2016","5,621","5,816","5,839","5,584","92,93M","-3,83%"
"14.01.2016","5,845","5,899","5,902","5,746","29,17M","-1,10%"
"13.01.2016","5,910","5,963","6,050","5,855","55,17M","0,02%"
"12.01.2016","5,909","5,921","6,036","5,832","29,14M","-0,89%"
"11.01.2016","5,962","5,902","6,073","5,902","31,02M","-0,17%"
"08.01.2016","5,972","6,141","6,173","5,952","30,40M","-2,26%"
"07.01.2016","6,110","6,045","6,135","5,984","38,63M","-1,28%"
"06.01.2016","6,189","6,301","6,306","6,129","79,72M","-2,15%"
"05.01.2016","6,325","6,542","6,545","6,273","22,44M","0,67%"
"04.01.2016","6,283","6,349","6,367","6,229","24,39M","-2,06%"
"31.12.2015","6,415","6,521","6,521","6,396","7,67M","-1,41%"
"30.12.2015","6,507","6,516","6,554","6,473","10,61M","-0,46%"
"29.12.2015","6,537","6,560","6,568","6,488","12,37M","0,17%"
"28.12.2015","6,526","6,621","6,666","6,499","11,08M","-1,23%"
"24.12.2015","6,607","6,625","6,678","6,569","6,11M","0,18%"
"23.12.2015","6,595","6,511","6,641","6,482","20,42M","2,63%"
"22.12.2015","6,426","6,459","6,483","6,373","17,35M","0,61%"
"21.12.2015","6,387","6,568","6,609","6,387","31,31M","-4,71%"
"18.12.2015","6,703","6,718","6,786","6,616","48,02M","-1,25%"
"17.12.2015","6,788","6,809","6,885","6,752","35,26M","1,94%"
"16.12.2015","6,659","6,683","6,719","6,545","41,22M","0,96%"
"15.12.2015","6,596","6,492","6,649","6,483","41,87M","1,87%"
"14.12.2015","6,475","6,688","6,740","6,475","27,74M","-2,75%"
"11.12.2015","6,658","6,802","6,840","6,644","30,94M","-2,40%"
"10.12.2015","6,822","6,777","6,895","6,733","23,47M","0,00%"
"09.12.2015","6,822","6,809","6,902","6,687","25,27M","0,29%"
"08.12.2015","6,802","6,927","6,941","6,763","23,99M","-2,24%"
"07.12.2015","6,958","7,079","7,087","6,935","21,06M","-0,93%"
"04.12.2015","7,023","6,997","7,073","6,892","32,34M","-0,61%"
"03.12.2015","7,066","7,282","7,320","7,025","48,16M","-3,07%"
"02.12.2015","7,290","7,452","7,503","7,273","30,38M","-2,53%"
"01.12.2015","7,479","7,511","7,558","7,451","17,17M","0,01%"
"30.11.2015","7,478","7,436","7,527","7,396","20,67M","0,47%"
"27.11.2015","7,443","7,469","7,544","7,433","31,13M","-0,65%"
"26.11.2015","7,492","7,387","7,530","7,332","13,40M","1,37%"
"25.11.2015","7,391","7,384","7,425","7,263","26,26M","0,01%"
"24.11.2015","7,390","7,367","7,390","7,258","18,23M","-0,15%"
"23.11.2015","7,401","7,348","7,442","7,305","13,73M","0,52%"
"20.11.2015","7,363","7,466","7,495","7,339","16,97M","-0,96%"
"19.11.2015","7,434","7,380","7,515","7,374","24,28M","1,65%"
"18.11.2015","7,313","7,312","7,345","7,282","20,42M","-0,27%"
"17.11.2015","7,333","7,258","7,362","7,249","16,90M","1,93%"
"16.11.2015","7,194","7,116","7,263","7,115","13,31M","-0,12%"
"13.11.2015","7,203","7,159","7,251","7,102","17,46M","0,42%"
"12.11.2015","7,173","7,418","7,442","7,170","31,38M","-3,67%"
"11.11.2015","7,446","7,438","7,544","7,415","23,01M","0,16%"
"10.11.2015","7,434","7,509","7,567","7,401","17,61M","-0,83%"
"09.11.2015","7,496","7,568","7,620","7,496","12,74M","-0,82%"
"06.11.2015","7,558","7,393","7,621","7,392","36,93M","2,23%"
"05.11.2015","7,393","7,549","7,568","7,368","27,83M","-2,07%"
"04.11.2015","7,549","7,558","7,663","7,513","26,49M","0,32%"
"03.11.2015","7,525","7,476","7,537","7,444","27,82M","0,57%"
"02.11.2015","7,482","7,425","7,533","7,401","19,94M","0,25%"
"30.10.2015","7,463","7,425","7,525","7,344","56,10M","-3,47%"
"29.10.2015","7,731","7,870","7,872","7,626","24,66M","-0,87%"
"28.10.2015","7,799","7,652","7,825","7,642","25,75M","1,85%"
"27.10.2015","7,657","7,739","7,745","7,627","16,79M","-1,23%"
"26.10.2015","7,752","7,713","7,815","7,673","20,21M","0,38%"
"23.10.2015","7,723","7,806","7,881","7,701","26,62M","-0,06%"
"22.10.2015","7,728","7,525","7,790","7,516","30,42M","2,25%"
"21.10.2015","7,558","7,580","7,611","7,474","17,36M","0,13%"
"20.10.2015","7,548","7,598","7,615","7,473","15,14M","-0,58%"
"19.10.2015","7,592","7,661","7,729","7,555","20,40M","-0,78%"
"16.10.2015","7,652","7,596","7,673","7,561","17,41M","1,34%"
"15.10.2015","7,551","7,508","7,585","7,496","29,38M","1,44%"
"14.10.2015","7,444","7,482","7,537","7,416","29,22M","-0,89%"
"13.10.2015","7,511","7,636","7,636","7,496","24,51M","-2,05%"
"12.10.2015","7,668","7,694","7,763","7,630","15,71M","-0,47%"
"09.10.2015","7,704","7,588","7,714","7,568","39,73M","2,53%"
"08.10.2015","7,514","7,495","7,563","7,450","24,38M","-0,27%"
"07.10.2015","7,534","7,413","7,633","7,356","37,00M","2,69%"
"06.10.2015","7,337","7,282","7,368","7,201","20,47M","1,02%"
"05.10.2015","7,263","7,241","7,311","7,169","30,83M","2,60%"
"02.10.2015","7,079","7,187","7,194","6,953","34,22M","-1,08%"
"01.10.2015","7,156","7,247","7,259","7,138","19,25M","0,14%"
"30.09.2015","7,146","7,215","7,236","7,136","21,09M","1,03%"
"29.09.2015","7,073","6,864","7,132","6,844","24,92M","2,00%"
"28.09.2015","6,934","7,064","7,134","6,896","21,90M","-1,98%"
"25.09.2015","7,074","7,021","7,128","6,986","27,29M","2,34%"
"24.09.2015","6,912","6,988","7,069","6,865","29,98M","-1,06%"
"23.09.2015","6,986","7,044","7,154","6,986","27,71M","-1,22%"
"22.09.2015","7,072","7,282","7,282","7,030","35,76M","-2,88%"
"21.09.2015","7,282","7,236","7,342","7,218","18,21M","0,23%"
"18.09.2015","7,265","7,498","7,500","7,249","48,84M","-4,24%"
"17.09.2015","7,587","7,515","7,630","7,514","21,88M","0,77%"
"16.09.2015","7,529","7,444","7,532","7,424","28,83M","1,94%"
"15.09.2015","7,386","7,326","7,437","7,259","19,61M","0,90%"
"14.09.2015","7,320","7,390","7,438","7,282","14,24M","-0,45%"
"11.09.2015","7,353","7,468","7,471","7,319","17,76M","-0,94%"
"10.09.2015","7,423","7,522","7,544","7,401","17,93M","-1,94%"
"09.09.2015","7,570","7,607","7,717","7,547","22,32M","1,84%"
"08.09.2015","7,433","7,429","7,554","7,418","15,64M","0,60%"
"07.09.2015","7,389","7,453","7,510","7,389","11,08M","-0,36%"
"04.09.2015","7,416","7,495","7,523","7,333","28,32M","-2,34%"
"03.09.2015","7,594","7,570","7,669","7,509","20,20M","1,04%"
"02.09.2015","7,516","7,556","7,636","7,436","18,88M","-0,17%"
"01.09.2015","7,529","7,683","7,698","7,464","30,22M","-3,35%"
"31.08.2015","7,790","7,834","7,857","7,741","13,25M","-1,13%"
"28.08.2015","7,879","7,870","7,895","7,770","13,99M","0,23%"
"27.08.2015","7,861","7,848","7,919","7,782","29,40M","3,07%"
"26.08.2015","7,627","7,675","7,748","7,547","32,45M","-1,73%"
"25.08.2015","7,761","7,575","7,824","7,519","38,74M","3,81%"
"24.08.2015","7,476","7,636","7,723","7,254","80,14M","-4,90%"
"21.08.2015","7,861","8,013","8,149","7,861","38,91M","-3,17%"
"20.08.2015","8,118","8,270","8,307","8,079","27,95M","-2,10%"
"19.08.2015","8,292","8,400","8,459","8,292","23,76M","-1,99%"
"18.08.2015","8,460","8,481","8,528","8,405","12,22M","-0,46%"
"17.08.2015","8,499","8,571","8,614","8,382","19,25M","0,08%"
"14.08.2015","8,492","8,522","8,607","8,436","19,20M","-0,54%"
"13.08.2015","8,538","8,587","8,652","8,527","13,13M","0,36%"
"12.08.2015","8,507","8,673","8,681","8,456","28,39M","-2,64%"
"11.08.2015","8,738","8,803","8,855","8,717","23,66M","-1,04%"
"10.08.2015","8,830","8,768","8,852","8,711","14,00M","1,03%"
"07.08.2015","8,740","8,759","8,763","8,684","15,08M","0,01%"
"06.08.2015","8,739","8,699","8,764","8,684","12,73M","0,17%"
"05.08.2015","8,724","8,651","8,749","8,598","19,72M","1,48%"
"04.08.2015","8,597","8,752","8,752","8,551","25,12M","-1,77%"
"03.08.2015","8,752","8,638","8,774","8,626","32,55M","0,76%"
"31.07.2015","8,686","8,759","8,765","8,504","29,15M","-0,56%"
"30.07.2015","8,735","8,800","8,813","8,638","20,18M","-0,40%"
"29.07.2015","8,770","8,788","8,803","8,678","18,42M","0,07%"
"28.07.2015","8,764","8,634","8,776","8,626","19,58M","1,71%"
"27.07.2015","8,617","8,701","8,716","8,598","18,76M","-1,69%"
"24.07.2015","8,765","8,816","8,862","8,739","15,26M","-0,94%"
"23.07.2015","8,848","8,909","8,909","8,823","14,06M","-0,12%"
"22.07.2015","8,859","8,758","8,906","8,730","22,24M","0,52%"
"21.07.2015","8,813","8,869","8,902","8,778","17,83M","-0,52%"
"20.07.2015","8,859","8,807","8,922","8,807","20,74M","0,53%"
"17.07.2015","8,812","8,862","8,862","8,769","27,28M","-0,20%"
"16.07.2015","8,830","8,729","8,852","8,725","27,52M","1,08%"
"15.07.2015","8,736","8,749","8,765","8,681","17,11M","-0,14%"
"14.07.2015","8,748","8,661","8,748","8,616","29,62M","0,56%"
"13.07.2015","8,699","8,672","8,753","8,590","28,82M","2,32%"
"10.07.2015","8,502","8,428","8,559","8,389","34,55M","3,39%"
"09.07.2015","8,223","8,013","8,273","8,007","26,23M","3,10%"
"08.07.2015","7,976","7,896","8,027","7,840","26,91M","1,30%"
"07.07.2015","7,874","8,086","8,098","7,858","33,51M","-2,31%"
"06.07.2015","8,060","8,145","8,209","8,013","33,67M","-3,25%"
"03.07.2015","8,331","8,334","8,353","8,232","20,17M","-0,04%"
"02.07.2015","8,334","8,449","8,483","8,310","20,75M","-1,37%"
"01.07.2015","8,450","8,381","8,571","8,308","26,01M","1,94%"
"30.06.2015","8,289","8,306","8,456","8,239","42,58M","-0,35%"
"29.06.2015","8,318","8,117","8,485","8,023","59,85M","-6,01%"
"26.06.2015","8,850","8,764","8,916","8,699","19,61M","0,68%"
"25.06.2015","8,790","8,764","8,921","8,694","28,12M","-0,05%"
"24.06.2015","8,794","8,890","8,891","8,692","18,35M","-0,63%"
"23.06.2015","8,850","8,909","8,935","8,832","30,32M","-0,16%"
"22.06.2015","8,864","8,673","8,890","8,656","35,95M","4,18%"
"19.06.2015","8,508","8,416","8,567","8,396","49,70M","1,30%"
"18.06.2015","8,399","8,287","8,408","8,193","41,75M","0,73%"
"17.06.2015","8,338","8,420","8,466","8,310","16,59M","-0,74%"
"16.06.2015","8,400","8,289","8,416","8,204","22,55M","0,63%"
"15.06.2015","8,347","8,365","8,436","8,268","21,38M","-1,93%"
"12.06.2015","8,511","8,539","8,617","8,392","21,40M","-0,63%"
"11.06.2015","8,565","8,485","8,631","8,462","22,50M","0,63%"
"10.06.2015","8,511","8,276","8,547","8,241","21,93M","2,06%"
"09.06.2015","8,339","8,306","8,366","8,174","25,17M","0,29%"
"08.06.2015","8,315","8,362","8,444","8,315","22,17M","-1,89%"
"05.06.2015","8,475","8,475","8,521","8,386","23,24M","-0,91%"
"04.06.2015","8,553","8,540","8,678","8,458","21,31M","-0,86%"
"03.06.2015","8,627","8,606","8,701","8,527","21,40M","0,89%"
"02.06.2015","8,551","8,541","8,636","8,402","24,62M","0,86%"
"01.06.2015","8,478","8,505","8,573","8,421","14,08M","0,00%"
"29.05.2015","8,478","8,571","8,614","8,449","27,45M","-1,09%"
"28.05.2015","8,571","8,598","8,636","8,489","14,12M","-0,82%"
"27.05.2015","8,642","8,521","8,681","8,475","22,53M","1,90%"
"26.05.2015","8,481","8,523","8,590","8,424","42,19M","-1,14%"
"25.05.2015","8,579","8,588","8,672","8,513","12,57M","-2,09%"
"22.05.2015","8,762","8,787","8,800","8,736","13,56M","-0,26%"
"21.05.2015","8,785","8,730","8,785","8,674","19,50M","0,15%"
"20.05.2015","8,772","8,665","8,800","8,647","17,88M","1,00%"
"19.05.2015","8,685","8,569","8,701","8,562","26,53M","2,07%"
"18.05.2015","8,509","8,541","8,560","8,403","34,74M","-0,50%"
"15.05.2015","8,552","8,668","8,687","8,504","23,44M","-0,95%"
"14.05.2015","8,634","8,519","8,674","8,433","19,61M","1,37%"
"13.05.2015","8,517","8,539","8,643","8,488","19,73M","-0,08%"
"12.05.2015","8,524","8,489","8,554","8,443","22,24M","-0,55%"
"11.05.2015","8,571","8,605","8,617","8,513","14,43M","-0,43%"
"08.05.2015","8,608","8,542","8,611","8,492","30,28M","1,45%"
"07.05.2015","8,485","8,416","8,527","8,291","28,59M","0,57%"
"06.05.2015","8,437","8,336","8,481","8,325","26,19M","1,41%"
"05.05.2015","8,320","8,512","8,626","8,296","37,83M","-2,37%"
"04.05.2015","8,522","8,485","8,586","8,376","31,07M","0,44%"
"30.04.2015","8,485","8,539","8,587","8,456","46,62M","-1,04%"
"29.04.2015","8,574","8,852","8,862","8,560","55,57M","-3,79%"
"28.04.2015","8,912","8,978","8,978","8,857","20,70M","-0,59%"
"27.04.2015","8,965","8,881","9,023","8,706","33,47M","1,47%"
"24.04.2015","8,835","8,843","8,980","8,748","23,24M","0,00%"
"23.04.2015","8,835","8,795","8,835","8,636","20,16M","0,84%"
"22.04.2015","8,761","8,775","8,826","8,626","38,93M","0,30%"
"21.04.2015","8,735","8,654","8,805","8,623","27,89M","0,98%"
"20.04.2015","8,650","8,666","8,673","8,584","24,87M","-0,25%"
"17.04.2015","8,672","8,857","8,913","8,607","37,57M","-2,45%"
"16.04.2015","8,890","9,123","9,128","8,848","37,24M","-2,36%"
"15.04.2015","9,105","9,050","9,158","9,022","29,16M","1,05%"
"14.04.2015","9,010","9,106","9,187","8,948","31,67M","-1,59%"
"13.04.2015","9,156","9,011","9,168","8,994","16,51M","1,59%"
"10.04.2015","9,013","9,113","9,115","8,937","25,99M","-0,79%"
"09.04.2015","9,085","9,097","9,113","9,025","16,62M","0,44%"
"08.04.2015","9,045","9,152","9,188","8,996","22,06M","-1,34%"
"07.04.2015","9,168","9,145","9,212","9,139","36,52M","0,66%"
"02.04.2015","9,108","9,045","9,125","9,006","23,19M","0,74%"
"01.04.2015","9,041","8,829","9,041","8,809","30,31M","1,94%"
"31.03.2015","8,869","8,831","8,947","8,792","25,71M","-0,02%"
"30.03.2015","8,871","8,864","8,914","8,815","20,92M","1,05%"
"27.03.2015","8,779","8,861","8,884","8,768","24,48M","-0,71%"
"26.03.2015","8,842","8,800","8,847","8,695","24,83M","0,12%"
"25.03.2015","8,831","8,868","8,926","8,777","19,90M","-0,75%"
"24.03.2015","8,898","8,730","8,934","8,727","31,51M","1,60%"
"23.03.2015","8,758","8,667","8,793","8,646","38,65M","0,45%"
"20.03.2015","8,719","8,444","8,777","8,414","52,64M","3,23%"
"19.03.2015","8,446","8,405","8,521","8,388","28,41M","0,60%"
"18.03.2015","8,396","8,457","8,483","8,298","33,10M","-0,62%"
"17.03.2015","8,448","8,542","8,562","8,380","25,17M","-1,10%"
"16.03.2015","8,542","8,525","8,606","8,500","28,28M","0,52%"
"13.03.2015","8,498","8,498","8,522","8,415","19,51M","0,50%"
"12.03.2015","8,456","8,395","8,484","8,379","31,47M","0,71%"
"11.03.2015","8,396","8,327","8,408","8,261","24,25M","1,32%"
"10.03.2015","8,287","8,372","8,386","8,190","24,82M","-0,97%"
"09.03.2015","8,368","8,333","8,386","8,267","19,50M","-0,42%"
"06.03.2015","8,403","8,353","8,432","8,311","25,24M","-1,00%"
"05.03.2015","8,488","8,443","8,516","8,406","26,77M","0,90%"
"04.03.2015","8,412","8,387","8,437","8,276","19,71M","0,68%"
"03.03.2015","8,355","8,508","8,526","8,321","24,04M","-1,59%"
"02.03.2015","8,490","8,499","8,563","8,417","27,59M","-0,08%"
"27.02.2015","8,497","8,405","8,497","8,380","36,23M","0,78%"
"26.02.2015","8,431","8,290","8,457","8,285","23,36M","1,21%"
"25.02.2015","8,330","8,346","8,394","8,291","20,78M","-0,68%"
"24.02.2015","8,387","8,450","8,467","8,323","26,52M","-0,10%"
"23.02.2015","8,395","8,445","8,465","8,311","26,22M","1,01%"
"20.02.2015","8,311","8,278","8,407","8,185","34,00M","-0,08%"
"19.02.2015","8,318","8,229","8,327","8,150","38,60M","0,62%"
"18.02.2015","8,267","8,153","8,275","8,149","37,70M","2,16%"
"17.02.2015","8,092","7,959","8,155","7,873","35,56M","1,31%"
"16.02.2015","7,987","8,017","8,157","7,959","25,59M","-0,70%"
"13.02.2015","8,043","7,873","8,098","7,839","46,91M","3,09%"
"12.02.2015","7,802","7,574","7,843","7,544","36,39M","2,58%"
"11.02.2015","7,606","7,606","7,682","7,554","23,21M","-0,81%"
"10.02.2015","7,668","7,608","7,756","7,573","26,11M","1,29%"
"09.02.2015","7,570","7,680","7,712","7,489","30,95M","-2,86%"
"06.02.2015","7,793","7,720","7,816","7,643","36,17M","1,26%"
"05.02.2015","7,696","7,645","7,702","7,519","32,59M","-0,29%"
"04.02.2015","7,718","7,660","7,861","7,627","69,77M","2,82%"
"03.02.2015","7,506","7,310","7,542","7,296","52,38M","3,87%"
"02.02.2015","7,226","7,208","7,226","6,989","44,24M","0,49%"
"30.01.2015","7,191","7,277","7,287","7,113","41,69M","-0,19%"
"29.01.2015","7,205","7,191","7,290","7,079","31,08M","0,07%"
"28.01.2015","7,200","7,499","7,527","7,153","46,13M","-3,70%"
"27.01.2015","7,477","7,542","7,565","7,371","30,80M","-1,31%"
"26.01.2015","7,576","7,513","7,625","7,429","24,54M","0,20%"
"23.01.2015","7,561","7,649","7,702","7,461","55,18M","0,17%"
"22.01.2015","7,548","7,484","7,622","7,413","50,50M","1,47%"
"21.01.2015","7,439","7,433","7,475","7,245","37,26M","0,54%"
"20.01.2015","7,399","7,324","7,447","7,287","43,33M","2,18%"
"19.01.2015","7,241","7,178","7,296","7,091","25,38M","1,60%"
"16.01.2015","7,127","7,051","7,154","7,016","35,19M","0,59%"
"15.01.2015","7,085","7,086","7,149","6,822","39,15M","1,23%"
"14.01.2015","6,999","6,983","7,182","6,945","31,03M","-1,14%"
"13.01.2015","7,080","6,972","7,141","6,955","22,90M","1,42%"
"12.01.2015","6,981","7,007","7,040","6,861","31,40M","0,79%"
"09.01.2015","6,926","7,097","7,143","6,843","59,42M","-3,15%"
"08.01.2015","7,151","7,205","7,262","6,955","46,07M","1,13%"
"07.01.2015","7,071","7,123","7,239","7,038","32,13M","0,28%"
"06.01.2015","7,051","7,216","7,262","7,050","28,08M","-1,62%"
"05.01.2015","7,167","7,438","7,492","7,145","38,01M","-4,36%"
"02.01.2015","7,494","7,568","7,596","7,427","22,66M","0,83%"
"31.12.2014","7,432","7,399","7,455","7,381","7,24M","-0,04%"
"30.12.2014","7,435","7,523","7,523","7,387","18,36M","-1,39%"
"29.12.2014","7,540","7,579","7,583","7,371","26,35M","-0,70%"
"24.12.2014","7,593","7,570","7,593","7,532","7,73M","-0,21%"
"23.12.2014","7,609","7,503","7,616","7,410","20,45M","1,72%"
"22.12.2014","7,480","7,521","7,589","7,419","23,48M","-0,08%"
"19.12.2014","7,486","7,608","7,630","7,307","88,83M","-0,57%"
"18.12.2014","7,529","7,466","7,544","7,372","51,69M","3,15%"
"17.12.2014","7,299","7,290","7,344","7,170","49,39M","-0,96%"
"16.12.2014","7,370","7,302","7,388","6,984","63,46M","1,74%"
"15.12.2014","7,244","7,469","7,545","7,237","37,75M","-2,82%"
"12.12.2014","7,454","7,659","7,708","7,437","37,55M","-3,28%"
"11.12.2014","7,707","7,684","7,809","7,631","29,17M","-0,18%"
"10.12.2014","7,721","7,846","7,904","7,669","29,21M","-1,18%"
"09.12.2014","7,813","7,947","7,954","7,772","40,06M","-2,70%"
"08.12.2014","8,030","8,101","8,142","8,027","17,33M","-1,17%"
"05.12.2014","8,125","8,018","8,125","7,966","36,56M","3,49%"
"04.12.2014","7,851","8,167","8,190","7,791","51,12M","-3,38%"
"03.12.2014","8,126","8,096","8,191","8,064","28,61M","0,66%"
"02.12.2014","8,073","8,019","8,089","7,976","18,17M","1,17%"
"01.12.2014","7,980","8,040","8,069","7,946","23,16M","-1,52%"
"28.11.2014","8,103","8,041","8,103","7,988","19,77M","0,72%"
"27.11.2014","8,045","8,027","8,077","7,976","17,58M","0,50%"
"26.11.2014","8,005","8,058","8,078","7,936","18,91M","-0,19%"
"25.11.2014","8,020","7,955","8,095","7,948","49,72M","0,82%"
"24.11.2014","7,955","7,924","8,025","7,888","40,54M","1,14%"
"21.11.2014","7,865","7,702","7,908","7,678","71,96M","2,68%"
"20.11.2014","7,660","7,730","7,739","7,635","104,32M","-5,53%"
"19.11.2014","8,108","8,188","8,238","8,054","33,04M","-1,37%"
"18.11.2014","8,221","8,124","8,271","8,096","19,81M","1,16%"
"17.11.2014","8,127","7,893","8,166","7,871","29,26M","1,69%"
"14.11.2014","7,992","7,992","8,014","7,879","18,42M","0,50%"
"13.11.2014","7,952","7,967","8,043","7,833","25,29M","0,14%"
"12.11.2014","7,941","8,142","8,150","7,932","33,65M","-2,64%"
"11.11.2014","8,156","8,171","8,255","8,116","21,22M","0,70%"
"10.11.2014","8,099","7,974","8,099","7,916","23,19M","1,41%"
"07.11.2014","7,986","8,139","8,177","7,879","31,18M","-1,89%"
"06.11.2014","8,140","8,125","8,384","8,054","35,32M","-0,50%"
"05.11.2014","8,181","8,098","8,218","8,004","24,35M","1,55%"
"04.11.2014","8,056","8,228","8,308","8,031","27,39M","-2,17%"
"03.11.2014","8,235","8,322","8,377","8,211","26,20M","-1,46%"
"31.10.2014","8,357","8,340","8,405","8,221","39,80M","2,50%"
"30.10.2014","8,153","8,312","8,340","7,979","49,26M","-1,41%"
"29.10.2014","8,270","8,396","8,514","8,200","57,10M","-4,07%"
"28.10.2014","8,621","8,527","8,663","8,504","21,20M","1,46%"
"27.10.2014","8,497","8,809","8,809","8,405","33,59M","-1,93%"
"24.10.2014","8,664","8,583","8,704","8,545","23,29M","0,77%"
"23.10.2014","8,598","8,455","8,634","8,397","35,05M","0,84%"
"22.10.2014","8,526","8,488","8,526","8,363","33,73M","0,74%"
"21.10.2014","8,463","8,230","8,480","8,175","28,64M","2,71%"
"20.10.2014","8,240","8,223","8,316","8,129","25,34M","-0,02%"
"17.10.2014","8,242","8,094","8,285","7,989","43,94M","2,53%"
"16.10.2014","8,039","8,275","8,312","7,780","74,78M","-1,72%"
"15.10.2014","8,180","8,483","8,520","8,117","47,70M","-3,42%"
"14.10.2014","8,470","8,480","8,525","8,305","24,52M","-0,48%"
"13.10.2014","8,511","8,424","8,598","8,419","22,52M","0,47%"
"10.10.2014","8,471","8,461","8,621","8,434","32,28M","-0,66%"
"09.10.2014","8,527","8,672","8,672","8,416","31,79M","-0,35%"
"08.10.2014","8,557","8,593","8,706","8,537","31,64M","-1,00%"
"07.10.2014","8,643","8,792","8,807","8,626","27,11M","-2,06%"
"06.10.2014","8,825","8,871","8,926","8,811","21,73M","0,44%"
"03.10.2014","8,786","8,768","8,825","8,632","23,82M","1,27%"
"02.10.2014","8,676","8,959","9,011","8,660","49,48M","-3,60%"
"01.10.2014","9,000","8,923","9,057","8,919","26,69M","0,45%"
"30.09.2014","8,960","8,876","9,006","8,857","32,13M","1,61%"
"29.09.2014","8,818","8,987","9,017","8,757","27,54M","-2,13%"
"26.09.2014","9,010","8,891","9,034","8,858","22,35M","1,12%"
"25.09.2014","8,910","8,960","9,046","8,851","34,85M","-0,30%"
"24.09.2014","8,937","8,858","8,941","8,751","25,42M","0,90%"
"23.09.2014","8,857","8,986","8,986","8,846","25,31M","-1,39%"
"22.09.2014","8,982","9,008","9,073","8,953","22,18M","-0,80%"
"19.09.2014","9,054","9,166","9,226","9,054","46,51M","-0,39%"
"18.09.2014","9,089","8,998","9,119","8,980","28,07M","1,35%"
"17.09.2014","8,968","8,899","9,030","8,882","24,65M","1,17%"
"16.09.2014","8,864","8,873","8,886","8,798","18,51M","-0,25%"
"15.09.2014","8,886","8,898","8,974","8,864","9,99M","-0,72%"
"12.09.2014","8,950","8,938","8,959","8,882","16,57M","-0,01%"
"11.09.2014","8,951","9,004","9,004","8,884","14,17M","-0,31%"
"10.09.2014","8,979","8,914","8,987","8,831","21,01M","0,73%"
"09.09.2014","8,914","9,006","9,063","8,907","23,28M","-1,58%"
"08.09.2014","9,057","9,092","9,115","8,972","14,50M","-0,30%"
"05.09.2014","9,084","9,036","9,138","8,990","26,12M","-1,28%"
"04.09.2014","9,202","8,846","9,243","8,828","49,54M","3,53%"
"03.09.2014","8,888","8,749","8,930","8,730","26,78M","1,90%"