fecha,FER_ultimo,FER_per,FER_bpa,FER_rentabilidad_por_dividendo,FER_precio_valor_contable,FER_ebitda
2015-02-12,"17,235",,,,,
2015-02-13,"17,466",,,,,
2015-02-16,"17,386",,,,,
2015-02-17,"17,381",,,,,
2015-02-18,"17,343",,,,,
2015-02-19,"17,457",,,,,
2015-02-20,"17,452",,,,,
2015-02-23,"17,646",,,,,
2015-02-24,"17,646",,,,,
2015-02-25,"18,047",,,,,
2015-02-26,"17,986",,,,,
2015-02-27,"17,896",,,,,
2015-03-02,"17,764",,,,,
2015-03-03,"17,603",,,,,
2015-03-04,"17,778",,,,,
2015-03-05,"18,000",,,,,
2015-03-06,"17,924",,,,,
2015-03-09,"17,906",,,,,
2015-03-10,"17,896",,,,,
2015-03-11,"18,019",,,,,
2015-03-12,"17,863",,,,,
2015-03-13,"17,920",,,,,
2015-03-16,"18,331",,,,,
2015-03-17,"18,170",,,,,
2015-03-18,"18,198",,,,,
2015-03-19,"18,203",,,,,
2015-03-20,"18,473",,,,,
2015-03-23,"18,487",,,,,
2015-03-24,"18,529",,,,,
2015-03-25,"18,331",,,,,
2015-03-26,"18,217",,,,,
2015-03-27,"18,269",,,,,
2015-03-30,"18,397",,,,,
2015-03-31,"18,709",,,,,
2015-04-01,"19,053",,,,,
2015-04-02,"19,164",,,,,
2015-04-07,"19,708",,,,,
2015-04-08,"19,746",,,,,
2015-04-09,"19,876",,,,,
2015-04-10,"20,040",,,,,
2015-04-13,"20,131",,,,,
2015-04-14,"20,059",,,,,
2015-04-15,"20,049",,,,,
2015-04-16,"19,886",,,,,
2015-04-17,"19,424",,,,,
2015-04-20,"19,563",,,,,
2015-04-21,"19,770",,,,,
2015-04-22,"19,534",,,,,
2015-04-23,"19,443",,,,,
2015-04-24,"19,650",,,,,
2015-04-27,"19,785",,,,,
2015-04-28,"19,833",,,,,
2015-04-29,"19,390",,,,,
2015-04-30,"19,539",,,,,
2015-05-04,"19,823",,,,,
2015-05-05,"19,202",,,,,
2015-05-06,"18,915",,,,,
2015-05-07,"18,735",,,,,
2015-05-08,"19,026",,,,,
2015-05-11,"19,152",,,,,
2015-05-12,"18,963",,,,,
2015-05-13,"19,167",,,,,
2015-05-14,"19,278",,,,,
2015-05-15,"19,060",,,,,
2015-05-18,"19,280",,,,,
2015-05-19,"19,460",,,,,
2015-05-20,"19,430",,,,,
2015-05-21,"19,540",,,,,
2015-05-22,"19,540",,,,,
2015-05-25,"19,160",,,,,
2015-05-26,"19,030",,,,,
2015-05-27,"19,380",,,,,
2015-05-28,"19,230",,,,,
2015-05-29,"18,880",,,,,
2015-06-01,"19,000",,,,,
2015-06-02,"19,010",,,,,
2015-06-03,"18,970",,,,,
2015-06-04,"18,540",,,,,
2015-06-05,"18,530",,,,,
2015-06-08,"18,340",,,,,
2015-06-09,"18,580",,,,,
2015-06-10,"18,810",,,,,
2015-06-11,"18,820",,,,,
2015-06-12,"18,650",,,,,
2015-06-15,"18,340",,,,,
2015-06-16,"18,560",,,,,
2015-06-17,"18,520",,,,,
2015-06-18,"18,550",,,,,
2015-06-19,"18,680",,,,,
2015-06-22,"19,210",,,,,
2015-06-23,"19,310",,,,,
2015-06-24,"19,200",,,,,
2015-06-25,"19,320",,,,,
2015-06-26,"19,500",,,,,
2015-06-29,"18,850",,,,,
2015-06-30,"18,680",,,,,
2015-07-01,"19,060",,,,,
2015-07-02,"19,070",,,,,
2015-07-03,"19,160",,,,,
2015-07-06,"18,940",,,,,
2015-07-07,"18,620",,,,,
2015-07-08,"18,620",,,,,
2015-07-09,"19,040",,,,,
2015-07-10,"19,620",,,,,
2015-07-13,"19,950",,,,,
2015-07-14,"19,940",,,,,
2015-07-15,"20,170",,,,,
2015-07-16,"20,420",,,,,
2015-07-17,"20,530",,,,,
2015-07-20,"20,690",,,,,
2015-07-21,"20,440",,,,,
2015-07-22,"20,570",,,,,
2015-07-23,"20,600",,,,,
2015-07-24,"20,540",,,,,
2015-07-27,"20,270",,,,,
2015-07-28,"20,410",,,,,
2015-07-29,"20,570",,,,,
2015-07-30,"20,500",,,,,
2015-07-31,"21,260",,,,,
2015-08-03,"21,390",,,,,
2015-08-04,"20,960",,,,,
2015-08-05,"20,780",,,,,
2015-08-06,"20,860",,,,,
2015-08-07,"20,620",,,,,
2015-08-10,"20,980",,,,,
2015-08-11,"20,870",,,,,
2015-08-12,"20,370",,,,,
2015-08-13,"20,740",,,,,
2015-08-14,"20,710",,,,,
2015-08-17,"20,810",,,,,
2015-08-18,"20,710",,,,,
2015-08-19,"20,630",,,,,
2015-08-20,"20,170",,,,,
2015-08-21,"19,620",,,,,
2015-08-24,"18,890",,,,,
2015-08-25,"19,790",,,,,
2015-08-26,"19,850",,,,,
2015-08-27,"20,470",,,,,
2015-08-28,"20,420",,,,,
2015-08-31,"20,470",,,,,
2015-09-01,"20,340",,,,,
2015-09-02,"20,240",,,,,
2015-09-03,"20,550",,,,,
2015-09-04,"20,340",,,,,
2015-09-07,"20,380",,,,,
2015-09-08,"20,420",,,,,
2015-09-09,"20,800",,,,,
2015-09-10,"20,970",,,,,
2015-09-11,"20,820",,,,,
2015-09-14,"20,750",,,,,
2015-09-15,"20,940",,,,,
2015-09-16,"21,070",,,,,
2015-09-17,"21,220",,,,,
2015-09-18,"20,850",,,,,
2015-09-21,"21,070",,,,,
2015-09-22,"20,590",,,,,
2015-09-23,"20,610",,,,,
2015-09-24,"20,300",,,,,
2015-09-25,"20,710",,,,,
2015-09-28,"20,610",,,,,
2015-09-29,"20,150",,,,,
2015-09-30,"20,490",,,,,
2015-10-01,"20,650",,,,,
2015-10-02,"20,550",,,,,
2015-10-05,"20,840",,,,,
2015-10-06,"21,060",,,,,
2015-10-07,"20,790",,,,,
2015-10-08,"20,880",,,,,
2015-10-09,"20,510",,,,,
2015-10-12,"20,470",,,,,
2015-10-13,"20,660",,,,,
2015-10-14,"20,450",,,,,
2015-10-15,"20,850",,,,,
2015-10-16,"21,040",,,,,
2015-10-19,"21,110",,,,,
2015-10-20,"21,080",,,,,
2015-10-21,"21,250",,,,,
2015-10-22,"21,500",,,,,
2015-10-23,"21,740",,,,,
2015-10-26,"23,320",,,,,
2015-10-27,"23,100",,,,,
2015-10-28,"23,145",,,,,
2015-10-29,"23,275",,,,,
2015-10-30,"22,960",,,,,
2015-11-02,"21,340",,,,,
2015-11-03,"21,140",,,,,
2015-11-04,"20,940",,,,,
2015-11-05,"21,110",,,,,
2015-11-06,"21,200",,,,,
2015-11-09,"20,720",,,,,
2015-11-10,"20,950",,,,,
2015-11-11,"21,050",,,,,
2015-11-12,"20,750",,,,,
2015-11-13,"20,570",,,,,
2015-11-16,"20,980",,,,,
2015-11-17,"21,170",,,,,
2015-11-18,"21,210",,,,,
2015-11-19,"21,220",,,,,
2015-11-20,"20,970",,,,,
2015-11-23,"21,110",,,,,
2015-11-24,"21,020",,,,,
2015-11-25,"21,050",,,,,
2015-11-26,"21,130",,,,,
2015-11-27,"21,230",,,,,
2015-11-30,"21,240",,,,,
2015-12-01,"21,190",,,,,
2015-12-02,"21,120",,,,,
2015-12-03,"20,550",,,,,
2015-12-04,"20,460",,,,,
2015-12-07,"20,580",,,,,
2015-12-08,"20,400",,,,,
2015-12-09,"20,300",,,,,
2015-12-10,"20,130",,,,,
2015-12-11,"19,680",,,,,
2015-12-14,"19,520",,,,,
2015-12-15,"19,800",,,,,
2015-12-16,"19,600",,,,,
2015-12-17,"19,950",,,,,
2015-12-18,"19,590",,,,,
2015-12-21,"19,310",,,,,
2015-12-22,"19,480",,,,,
2015-12-23,"19,750",,,,,
2015-12-24,"19,950",,,,,
2015-12-28,"19,630",,,,,
2015-12-29,"19,880",,,,,
2015-12-30,"19,840",,,,,
2015-12-31,"19,760",,,,,
2016-01-04,"19,570",,,,,
2016-01-05,"19,620",,,,,
2016-01-06,"19,510",,,,,
2016-01-07,"19,150",,,,,
2016-01-08,"19,010",,,,,
2016-01-11,"18,980",,,,,
2016-01-12,"19,140",,,,,
2016-01-13,"19,020",,,,,
2016-01-14,"18,150",,,,,
2016-01-15,"17,990",,,,,
2016-01-18,"18,250",,,,,
2016-01-19,"18,540",,,,,
2016-01-20,"18,060",,,,,
2016-01-21,"18,410",,,,,
2016-01-22,"18,580",,,,,
2016-01-25,"18,540",,,,,
2016-01-26,"18,510",,,,,
2016-01-27,"18,560",,,,,
2016-01-28,"18,630",,,,,
2016-01-29,"19,080",,,,,
2016-02-01,"19,300",,,,,
2016-02-02,"18,890",,,,,
2016-02-03,"18,610",,,,,
2016-02-04,"18,390",,,,,
2016-02-05,"17,960",,,,,
2016-02-08,"17,110",,,,,
2016-02-09,"16,850",,,,,
2016-02-10,"17,190",,,,,
2016-02-11,"16,390",,,,,
2016-02-12,"16,640",,,,,
2016-02-15,"17,070",,,,,
2016-02-16,"17,240",,,,,
2016-02-17,"17,660",,,,,
2016-02-18,"17,580",,,,,
2016-02-19,"17,400",,,,,
2016-02-22,"17,540",,,,,
2016-02-23,"17,390",,,,,
2016-02-24,"17,070",,,,,
2016-02-25,"17,420",,,,,
2016-02-26,"16,720",,,,,
2016-02-29,"16,890",,,,,
2016-03-01,"17,010",,,,,
2016-03-02,"17,010",,,,,
2016-03-03,"17,140",,,,,
2016-03-04,"17,290",,,,,
2016-03-07,"17,280",,,,,
2016-03-08,"17,240",,,,,
2016-03-09,"17,330",,,,,
2016-03-10,"17,160",,,,,
2016-03-11,"17,510",,,,,
2016-03-14,"17,440",,,,,
2016-03-15,"17,240",,,,,
2016-03-16,"17,240",,,,,
2016-03-17,"17,310",,,,,
2016-03-18,"17,660",,,,,
2016-03-21,"17,820",,,,,
2016-03-22,"17,890",,,,,
2016-03-23,"18,110",,,,,
2016-03-24,"17,930",,,,,
2016-03-29,"17,850",,,,,
2016-03-30,"17,930",,,,,
2016-03-31,"17,890",,,,,
2016-04-01,"17,770",,,,,
2016-04-04,"17,700",,,,,
2016-04-05,"17,340",,,,,
2016-04-06,"17,520",,,,,
2016-04-07,"17,140",,,,,
2016-04-08,"17,280",,,,,
2016-04-11,"17,280",,,,,
2016-04-12,"17,280",,,,,
2016-04-13,"17,520",,,,,
2016-04-14,"18,190",,,,,
2016-04-15,"18,280",,,,,
2016-04-18,"18,320",,,,,
2016-04-19,"18,050",,,,,
2016-04-20,"17,910",,,,,
2016-04-21,"17,830",,,,,
2016-04-22,"17,970",,,,,
2016-04-25,"18,170",,,,,
2016-04-26,"18,360",,,,,
2016-04-27,"18,460",,,,,
2016-04-28,"18,190",,,,,
2016-04-29,"17,800",,,,,
2016-05-02,"17,910",,,,,
2016-05-03,"17,510",,,,,
2016-05-04,"17,230",,,,,
2016-05-05,"17,240",,,,,
2016-05-06,"17,220",,,,,
2016-05-09,"17,220",,,,,
2016-05-10,"17,230",,,,,
2016-05-11,"17,160",,,,,
2016-05-12,"17,050",,,,,
2016-05-13,"17,060",,,,,
2016-05-16,"17,140",,,,,
2016-05-17,"17,260",,,,,
2016-05-18,"17,650",,,,,
2016-05-19,"17,520",,,,,
2016-05-20,"17,680",,,,,
2016-05-23,"17,390",,,,,
2016-05-24,"17,930",,,,,
2016-05-25,"18,120",,,,,
2016-05-26,"18,060",,,,,
2016-05-27,"18,140",,,,,
2016-05-30,"17,990",,,,,
2016-05-31,"18,210",,,,,
2016-06-01,"18,130",,,,,
2016-06-02,"18,210",,,,,
2016-06-03,"18,050",,,,,
2016-06-06,"17,890",,,,,
2016-06-07,"18,200",,,,,
2016-06-08,"17,840",,,,,
2016-06-09,"17,650",,,,,
2016-06-10,"17,300",,,,,
2016-06-13,"16,960",,,,,
2016-06-14,"16,610",,,,,
2016-06-15,"16,630",,,,,
2016-06-16,"16,430",,,,,
2016-06-17,"16,630",,,,,
2016-06-20,"17,820",,,,,
2016-06-21,"17,700",,,,,
2016-06-22,"17,750",,,,,
2016-06-23,"18,080",,,,,
2016-06-24,"16,400",,,,,
2016-06-27,"15,270",,,,,
2016-06-28,"15,880",,,,,
2016-06-29,"16,650",,,,,
2016-06-30,"16,690",,,,,
2016-07-01,"16,940",,,,,
2016-07-04,"16,850",,,,,
2016-07-05,"16,610",,,,,
2016-07-06,"16,500",,,,,
2016-07-07,"16,710",,,,,
2016-07-08,"16,840",,,,,
2016-07-11,"17,180",,,,,
2016-07-12,"17,350",,,,,
2016-07-13,"17,380",,,,,
2016-07-14,"17,240",,,,,
2016-07-15,"17,370",,,,,
2016-07-18,"17,380",,,,,
2016-07-19,"17,440",,,,,
2016-07-20,"17,330",,,,,
2016-07-21,"17,240",,,,,
2016-07-22,"17,270",,,,,
2016-07-25,"17,400",,,,,
2016-07-26,"17,750",,,,,
2016-07-27,"17,880",,,,,
2016-07-28,"17,800",,,,,
2016-07-29,"17,720",,,,,
2016-08-01,"17,370",,,,,
2016-08-02,"17,250",,,,,
2016-08-03,"17,140",,,,,
2016-08-04,"16,950",,,,,
2016-08-05,"16,900",,,,,
2016-08-08,"16,890",,,,,
2016-08-09,"17,130",,,,,
2016-08-10,"17,000",,,,,
2016-08-11,"17,190",,,,,
2016-08-12,"17,190",,,,,
2016-08-15,"17,160",,,,,
2016-08-16,"16,920",,,,,
2016-08-17,"16,690",,,,,
2016-08-18,"16,720",,,,,
2016-08-19,"16,580",,,,,
2016-08-22,"16,700",,,,,
2016-08-23,"16,900",,,,,
2016-08-24,"16,850",,,,,
2016-08-25,"16,690",,,,,
2016-08-26,"16,780",,,,,
2016-08-29,"16,740",,,,,
2016-08-30,"16,860",,,,,
2016-08-31,"16,910",,,,,
2016-09-01,"17,100",,,,,
2016-09-02,"17,330",,,,,
2016-09-05,"17,490",,,,,
2016-09-06,"17,630",,,,,
2016-09-07,"17,660",,,,,
2016-09-08,"17,990",,,,,
2016-09-09,"17,810",,,,,
2016-09-12,"17,590",,,,,
2016-09-13,"17,350",,,,,
2016-09-14,"17,420",,,,,
2016-09-15,"17,450",,,,,
2016-09-16,"17,310",,,,,
2016-09-19,"17,430",,,,,
2016-09-20,"17,360",,,,,
2016-09-21,"17,230",,,,,
2016-09-22,"17,550",,,,,
2016-09-23,"17,510",,,,,
2016-09-26,"17,380",,,,,
2016-09-27,"17,440",,,,,
2016-09-28,"17,520",,,,,
2016-09-29,"17,880",,,,,
2016-09-30,"18,140",,,,,
2016-10-03,"18,090",,,,,
2016-10-04,"17,900",,,,,
2016-10-05,"17,680",,,,,
2016-10-06,"17,410",,,,,
2016-10-07,"16,850",,,,,
2016-10-10,"16,610",,,,,
2016-10-11,"16,700",,,,,
2016-10-12,"16,880",,,,,
2016-10-13,"16,880",,,,,
2016-10-14,"17,170",,,,,
2016-10-17,"17,050",,,,,
2016-10-18,"17,430",,,,,
2016-10-19,"17,260",,,,,
2016-10-20,"17,330",,,,,
2016-10-21,"17,690",,,,,
2016-10-24,"17,830",,,,,
2016-10-25,"17,460",,,,,
2016-10-26,"17,380",,,,,
2016-10-27,"16,790",,,,,
2016-10-28,"16,970",,,,,
2016-10-31,"16,770",,,,,
2016-11-01,"16,480",,,,,
2016-11-02,"16,280",,,,,
2016-11-03,"16,110",,,,,
2016-11-04,"15,830",,,,,
2016-11-07,"15,920",,,,,
2016-11-08,"15,900",,,,,
2016-11-09,"16,110",,,,,
2016-11-10,"15,600",,,,,
2016-11-11,"15,280",,,,,
2016-11-14,"15,170",,,,,
2016-11-15,"15,540",,,,,
2016-11-16,"15,530",,,,,
2016-11-17,"15,820",,,,,
2016-11-18,"15,750",,,,,
2016-11-21,"15,500",,,,,
2016-11-22,"15,460",,,,,
2016-11-23,"15,390",,,,,
2016-11-24,"15,590",,,,,
2016-11-25,"15,660",,,,,
2016-11-28,"15,650",,,,,
2016-11-29,"15,810",,,,,
2016-11-30,"15,830",,,,,
2016-12-01,"15,750",,,,,
2016-12-02,"15,570",,,,,
2016-12-05,"15,530",,,,,
2016-12-06,"15,770",,,,,
2016-12-07,"15,710",,,,,
2016-12-08,"15,870",,,,,
2016-12-09,"15,990",,,,,
2016-12-12,"15,890",,,,,
2016-12-13,"16,250",,,,,
2016-12-14,"16,170",,,,,
2016-12-15,"16,410",,,,,
2016-12-16,"16,250",,,,,
2016-12-19,"16,390",,,,,
2016-12-20,"16,350",,,,,
2016-12-21,"16,600",,,,,
2016-12-22,"16,280",,,,,
2016-12-23,"16,370",,,,,
2016-12-27,"16,300",,,,,
2016-12-28,"16,240",,,,,
2016-12-29,"16,210",,,,,
2016-12-30,"16,080",,,,,
2017-01-02,"16,290","39,11","0,62","4,12","3,23","932,00"
2017-01-03,"16,740","39,11","0,62","4,12","3,23","932,00"
2017-01-04,"16,650","39,11","0,62","4,12","3,23","932,00"
2017-01-05,"16,850","39,11","0,62","4,12","3,23","932,00"
2017-01-06,"16,950","39,11","0,62","4,12","3,23","932,00"
2017-01-09,"17,110","39,11","0,62","4,12","3,23","932,00"
2017-01-10,"17,010","39,11","0,62","4,12","3,23","932,00"
2017-01-11,"17,020","39,11","0,62","4,12","3,23","932,00"
2017-01-12,"16,900","39,11","0,62","4,12","3,23","932,00"
2017-01-13,"17,120","39,11","0,62","4,12","3,23","932,00"
2017-01-16,"16,850","39,11","0,62","4,12","3,23","932,00"
2017-01-17,"16,780","39,11","0,62","4,12","3,23","932,00"
2017-01-18,"16,590","39,11","0,62","4,12","3,23","932,00"
2017-01-19,"16,350","39,11","0,62","4,12","3,23","932,00"
2017-01-20,"16,230","39,11","0,62","4,12","3,23","932,00"
2017-01-23,"16,190","39,11","0,62","4,12","3,23","932,00"
2017-01-24,"16,200","39,11","0,62","4,12","3,23","932,00"
2017-01-25,"16,280","39,11","0,62","4,12","3,23","932,00"
2017-01-26,"16,090","39,11","0,62","4,12","3,23","932,00"
2017-01-27,"16,090","39,11","0,62","4,12","3,23","932,00"
2017-01-30,"15,970","39,11","0,62","4,12","3,23","932,00"
2017-01-31,"15,850","39,11","0,62","4,12","3,23","932,00"
2017-02-01,"15,860","39,11","0,62","4,12","3,23","932,00"
2017-02-02,"15,960","39,11","0,62","4,12","3,23","932,00"
2017-02-03,"16,100","39,11","0,62","4,12","3,23","932,00"
2017-02-06,"16,040","39,11","0,62","4,12","3,23","932,00"
2017-02-07,"15,970","39,11","0,62","4,12","3,23","932,00"
2017-02-08,"16,200","39,11","0,62","4,12","3,23","932,00"
2017-02-09,"16,440","39,11","0,62","4,12","3,23","932,00"
2017-02-10,"16,390","39,11","0,62","4,12","3,23","932,00"
2017-02-13,"16,480","39,11","0,62","4,12","3,23","932,00"
2017-02-14,"16,330","39,11","0,62","4,12","3,23","932,00"
2017-02-15,"16,280","39,11","0,62","4,12","3,23","932,00"
2017-02-16,"16,220","39,11","0,62","4,12","3,23","932,00"
2017-02-17,"16,110","39,11","0,62","4,12","3,23","932,00"
2017-02-20,"16,080","39,11","0,62","4,12","3,23","932,00"
2017-02-21,"16,140","39,11","0,62","4,12","3,23","932,00"
2017-02-22,"16,060","39,11","0,62","4,12","3,23","932,00"
2017-02-23,"16,080","39,11","0,62","4,12","3,23","932,00"
2017-02-24,"16,040","39,11","0,62","4,12","3,23","932,00"
2017-02-27,"16,240","39,11","0,62","4,12","3,23","932,00"
2017-02-28,"16,940","39,11","0,62","4,12","3,23","932,00"
2017-03-01,"17,090","39,11","0,62","4,12","3,23","932,00"
2017-03-02,"17,000","39,11","0,62","4,12","3,23","932,00"
2017-03-03,"16,980","39,11","0,62","4,12","3,23","932,00"
2017-03-06,"16,980","39,11","0,62","4,12","3,23","932,00"
2017-03-07,"16,890","39,11","0,62","4,12","3,23","932,00"
2017-03-08,"16,980","39,11","0,62","4,12","3,23","932,00"
2017-03-09,"17,070","39,11","0,62","4,12","3,23","932,00"
2017-03-10,"16,960","39,11","0,62","4,12","3,23","932,00"
2017-03-13,"16,910","39,11","0,62","4,12","3,23","932,00"
2017-03-14,"16,690","39,11","0,62","4,12","3,23","932,00"
2017-03-15,"16,790","39,11","0,62","4,12","3,23","932,00"
2017-03-16,"17,110","39,11","0,62","4,12","3,23","932,00"
2017-03-17,"17,440","39,11","0,62","4,12","3,23","932,00"
2017-03-20,"17,340","39,11","0,62","4,12","3,23","932,00"
2017-03-21,"17,380","39,11","0,62","4,12","3,23","932,00"
2017-03-22,"17,280","39,11","0,62","4,12","3,23","932,00"
2017-03-23,"17,680","39,11","0,62","4,12","3,23","932,00"
2017-03-24,"17,770","39,11","0,62","4,12","3,23","932,00"
2017-03-27,"17,770","39,11","0,62","4,12","3,23","932,00"
2017-03-28,"17,780","39,11","0,62","4,12","3,23","932,00"
2017-03-29,"17,770","39,11","0,62","4,12","3,23","932,00"
2017-03-30,"17,700","39,11","0,62","4,12","3,23","932,00"
2017-03-31,"17,750","39,11","0,62","4,12","3,23","932,00"
2017-04-03,"17,810","39,11","0,62","4,12","3,23","932,00"
2017-04-04,"17,870","39,11","0,62","4,12","3,23","932,00"
2017-04-05,"17,870","39,11","0,62","4,12","3,23","932,00"
2017-04-06,"18,130","39,11","0,62","4,12","3,23","932,00"
2017-04-07,"18,110","39,11","0,62","4,12","3,23","932,00"
2017-04-10,"18,040","39,11","0,62","4,12","3,23","932,00"
2017-04-11,"18,240","39,11","0,62","4,12","3,23","932,00"
2017-04-12,"18,180","39,11","0,62","4,12","3,23","932,00"
2017-04-13,"18,260","39,11","0,62","4,12","3,23","932,00"
2017-04-18,"18,100","39,11","0,62","4,12","3,23","932,00"
2017-04-19,"18,000","39,11","0,62","4,12","3,23","932,00"
2017-04-20,"17,920","39,11","0,62","4,12","3,23","932,00"
2017-04-21,"17,910","39,11","0,62","4,12","3,23","932,00"
2017-04-24,"18,140","39,11","0,62","4,12","3,23","932,00"
2017-04-25,"18,200","39,11","0,62","4,12","3,23","932,00"
2017-04-26,"18,000","39,11","0,62","4,12","3,23","932,00"
2017-04-27,"18,250","39,11","0,62","4,12","3,23","932,00"
2017-04-28,"18,410","39,11","0,62","4,12","3,23","932,00"
2017-05-02,"18,660","39,11","0,62","4,12","3,23","932,00"
2017-05-03,"18,650","39,11","0,62","4,12","3,23","932,00"
2017-05-04,"18,990","39,11","0,62","4,12","3,23","932,00"
2017-05-05,"18,600","39,11","0,62","4,12","3,23","932,00"
2017-05-08,"18,740","39,11","0,62","4,12","3,23","932,00"
2017-05-09,"18,750","39,11","0,62","4,12","3,23","932,00"
2017-05-10,"18,800","39,11","0,62","4,12","3,23","932,00"
2017-05-11,"18,580","39,11","0,62","4,12","3,23","932,00"
2017-05-12,"18,650","39,11","0,62","4,12","3,23","932,00"
2017-05-15,"18,740","39,11","0,62","4,12","3,23","932,00"
2017-05-16,"18,430","39,11","0,62","4,12","3,23","932,00"
2017-05-17,"18,420","39,11","0,62","4,12","3,23","932,00"
2017-05-18,"18,380","39,11","0,62","4,12","3,23","932,00"
2017-05-19,"18,640","39,11","0,62","4,12","3,23","932,00"
2017-05-22,"18,680","39,11","0,62","4,12","3,23","932,00"
2017-05-23,"18,980","39,11","0,62","4,12","3,23","932,00"
2017-05-24,"19,010","39,11","0,62","4,12","3,23","932,00"
2017-05-25,"18,910","39,11","0,62","4,12","3,23","932,00"
2017-05-26,"19,200","39,11","0,62","4,12","3,23","932,00"
2017-05-29,"19,090","39,11","0,62","4,12","3,23","932,00"
2017-05-30,"18,970","39,11","0,62","4,12","3,23","932,00"
2017-05-31,"19,080","39,11","0,62","4,12","3,23","932,00"
2017-06-01,"19,500","39,11","0,62","4,12","3,23","932,00"
2017-06-02,"19,360","39,11","0,62","4,12","3,23","932,00"
2017-06-05,"19,290","39,11","0,62","4,12","3,23","932,00"
2017-06-06,"19,200","39,11","0,62","4,12","3,23","932,00"
2017-06-07,"19,070","39,11","0,62","4,12","3,23","932,00"
2017-06-08,"18,980","39,11","0,62","4,12","3,23","932,00"
2017-06-09,"18,950","39,11","0,62","4,12","3,23","932,00"
2017-06-12,"18,860","39,11","0,62","4,12","3,23","932,00"
2017-06-13,"19,180","39,11","0,62","4,12","3,23","932,00"
2017-06-14,"19,490","39,11","0,62","4,12","3,23","932,00"
2017-06-15,"19,340","39,11","0,62","4,12","3,23","932,00"
2017-06-16,"19,740","39,11","0,62","4,12","3,23","932,00"
2017-06-19,"19,460","39,11","0,62","4,12","3,23","932,00"
2017-06-20,"19,240","39,11","0,62","4,12","3,23","932,00"
2017-06-21,"19,130","39,11","0,62","4,12","3,23","932,00"
2017-06-22,"19,100","39,11","0,62","4,12","3,23","932,00"
2017-06-23,"19,100","39,11","0,62","4,12","3,23","932,00"
2017-06-26,"19,110","39,11","0,62","4,12","3,23","932,00"
2017-06-27,"18,880","39,11","0,62","4,12","3,23","932,00"
2017-06-28,"18,850","39,11","0,62","4,12","3,23","932,00"
2017-06-29,"18,420","39,11","0,62","4,12","3,23","932,00"
2017-06-30,"18,490","39,11","0,62","4,12","3,23","932,00"
2017-07-03,"18,390","39,11","0,62","4,12","3,23","932,00"
2017-07-04,"18,230","39,11","0,62","4,12","3,23","932,00"
2017-07-05,"18,590","39,11","0,62","4,12","3,23","932,00"
2017-07-06,"17,830","39,11","0,62","4,12","3,23","932,00"
2017-07-07,"17,960","39,11","0,62","4,12","3,23","932,00"
2017-07-10,"17,800","39,11","0,62","4,12","3,23","932,00"
2017-07-11,"17,700","39,11","0,62","4,12","3,23","932,00"
2017-07-12,"18,100","39,11","0,62","4,12","3,23","932,00"
2017-07-13,"18,120","39,11","0,62","4,12","3,23","932,00"
2017-07-14,"17,990","39,11","0,62","4,12","3,23","932,00"
2017-07-17,"18,000","39,11","0,62","4,12","3,23","932,00"
2017-07-18,"17,990","39,11","0,62","4,12","3,23","932,00"
2017-07-19,"18,080","39,11","0,62","4,12","3,23","932,00"
2017-07-20,"17,920","39,11","0,62","4,12","3,23","932,00"
2017-07-21,"17,910","39,11","0,62","4,12","3,23","932,00"
2017-07-24,"17,880","39,11","0,62","4,12","3,23","932,00"
2017-07-25,"17,510","39,11","0,62","4,12","3,23","932,00"
2017-07-26,"17,600","39,11","0,62","4,12","3,23","932,00"
2017-07-27,"17,620","39,11","0,62","4,12","3,23","932,00"
2017-07-28,"17,440","39,11","0,62","4,12","3,23","932,00"
2017-07-31,"17,360","39,11","0,62","4,12","3,23","932,00"
2017-08-01,"17,420","39,11","0,62","4,12","3,23","932,00"
2017-08-02,"17,440","39,11","0,62","4,12","3,23","932,00"
2017-08-03,"17,490","39,11","0,62","4,12","3,23","932,00"
2017-08-04,"17,660","39,11","0,62","4,12","3,23","932,00"
2017-08-07,"17,630","39,11","0,62","4,12","3,23","932,00"
2017-08-08,"17,600","39,11","0,62","4,12","3,23","932,00"
2017-08-09,"17,480","39,11","0,62","4,12","3,23","932,00"
2017-08-10,"17,360","39,11","0,62","4,12","3,23","932,00"
2017-08-11,"17,370","39,11","0,62","4,12","3,23","932,00"
2017-08-14,"17,700","39,11","0,62","4,12","3,23","932,00"
2017-08-15,"17,850","39,11","0,62","4,12","3,23","932,00"
2017-08-16,"17,930","39,11","0,62","4,12","3,23","932,00"
2017-08-17,"17,850","39,11","0,62","4,12","3,23","932,00"
2017-08-18,"17,670","39,11","0,62","4,12","3,23","932,00"
2017-08-21,"17,830","39,11","0,62","4,12","3,23","932,00"
2017-08-22,"17,850","39,11","0,62","4,12","3,23","932,00"
2017-08-23,"17,790","39,11","0,62","4,12","3,23","932,00"
2017-08-24,"17,700","39,11","0,62","4,12","3,23","932,00"
2017-08-25,"17,830","39,11","0,62","4,12","3,23","932,00"
2017-08-28,"17,690","39,11","0,62","4,12","3,23","932,00"
2017-08-29,"17,510","39,11","0,62","4,12","3,23","932,00"
2017-08-30,"17,980","39,11","0,62","4,12","3,23","932,00"
2017-08-31,"18,210","39,11","0,62","4,12","3,23","932,00"
2017-09-01,"18,270","39,11","0,62","4,12","3,23","932,00"
2017-09-04,"18,200","39,11","0,62","4,12","3,23","932,00"
2017-09-05,"18,400","39,11","0,62","4,12","3,23","932,00"
2017-09-06,"18,230","39,11","0,62","4,12","3,23","932,00"
2017-09-07,"18,340","39,11","0,62","4,12","3,23","932,00"
2017-09-08,"18,320","39,11","0,62","4,12","3,23","932,00"
2017-09-11,"18,440","39,11","0,62","4,12","3,23","932,00"
2017-09-12,"18,080","39,11","0,62","4,12","3,23","932,00"
2017-09-13,"18,090","39,11","0,62","4,12","3,23","932,00"
2017-09-14,"18,330","39,11","0,62","4,12","3,23","932,00"
2017-09-15,"18,130","39,11","0,62","4,12","3,23","932,00"
2017-09-18,"18,040","39,11","0,62","4,12","3,23","932,00"
2017-09-19,"17,920","39,11","0,62","4,12","3,23","932,00"
2017-09-20,"17,830","39,11","0,62","4,12","3,23","932,00"
2017-09-21,"17,520","39,11","0,62","4,12","3,23","932,00"
2017-09-22,"17,610","39,11","0,62","4,12","3,23","932,00"
2017-09-25,"17,480","39,11","0,62","4,12","3,23","932,00"
2017-09-26,"17,380","39,11","0,62","4,12","3,23","932,00"
2017-09-27,"17,600","39,11","0,62","4,12","3,23","932,00"
2017-09-28,"17,560","39,11","0,62","4,12","3,23","932,00"
2017-09-29,"17,720","39,11","0,62","4,12","3,23","932,00"
2017-10-02,"17,660","39,11","0,62","4,12","3,23","932,00"
2017-10-03,"17,490","39,11","0,62","4,12","3,23","932,00"
2017-10-04,"17,000","39,11","0,62","4,12","3,23","932,00"
2017-10-05,"17,660","39,11","0,62","4,12","3,23","932,00"
2017-10-06,"17,470","39,11","0,62","4,12","3,23","932,00"
2017-10-09,"17,580","39,11","0,62","4,12","3,23","932,00"
2017-10-10,"17,510","39,11","0,62","4,12","3,23","932,00"
2017-10-11,"17,710","39,11","0,62","4,12","3,23","932,00"
2017-10-12,"17,730","39,11","0,62","4,12","3,23","932,00"
2017-10-13,"17,860","39,11","0,62","4,12","3,23","932,00"
2017-10-16,"17,550","39,11","0,62","4,12","3,23","932,00"
2017-10-17,"17,770","39,11","0,62","4,12","3,23","932,00"
2017-10-18,"18,060","39,11","0,62","4,12","3,23","932,00"
2017-10-19,"17,840","39,11","0,62","4,12","3,23","932,00"
2017-10-20,"17,550","39,11","0,62","4,12","3,23","932,00"
2017-10-23,"17,140","39,11","0,62","4,12","3,23","932,00"
2017-10-24,"17,120","39,11","0,62","4,12","3,23","932,00"
2017-10-25,"16,890","39,11","0,62","4,12","3,23","932,00"
2017-10-26,"17,430","39,11","0,62","4,12","3,23","932,00"
2017-10-27,"17,320","39,11","0,62","4,12","3,23","932,00"
2017-10-30,"17,690","39,11","0,62","4,12","3,23","932,00"
2017-10-31,"17,980","39,11","0,62","4,12","3,23","932,00"
2017-11-01,"17,830","39,11","0,62","4,12","3,23","932,00"
2017-11-02,"17,950","39,11","0,62","4,12","3,23","932,00"
2017-11-03,"17,830","39,11","0,62","4,12","3,23","932,00"
2017-11-06,"17,900","39,11","0,62","4,12","3,23","932,00"
2017-11-07,"17,690","39,11","0,62","4,12","3,23","932,00"
2017-11-08,"17,700","39,11","0,62","4,12","3,23","932,00"
2017-11-09,"17,610","39,11","0,62","4,12","3,23","932,00"
2017-11-10,"17,440","39,11","0,62","4,12","3,23","932,00"
2017-11-13,"17,330","39,11","0,62","4,12","3,23","932,00"
2017-11-14,"17,330","39,11","0,62","4,12","3,23","932,00"
2017-11-15,"17,410","39,11","0,62","4,12","3,23","932,00"
2017-11-16,"17,650","39,11","0,62","4,12","3,23","932,00"
2017-11-17,"17,510","39,11","0,62","4,12","3,23","932,00"
2017-11-20,"17,570","39,11","0,62","4,12","3,23","932,00"
2017-11-21,"17,640","39,11","0,62","4,12","3,23","932,00"
2017-11-22,"17,640","39,11","0,62","4,12","3,23","932,00"
2017-11-23,"17,620","39,11","0,62","4,12","3,23","932,00"
2017-11-24,"17,580","39,11","0,62","4,12","3,23","932,00"
2017-11-27,"17,420","39,11","0,62","4,12","3,23","932,00"
2017-11-28,"17,630","39,11","0,62","4,12","3,23","932,00"
2017-11-29,"17,830","39,11","0,62","4,12","3,23","932,00"
2017-11-30,"17,830","39,11","0,62","4,12","3,23","932,00"
2017-12-01,"17,520","39,11","0,62","4,12","3,23","932,00"
2017-12-04,"17,870","39,11","0,62","4,12","3,23","932,00"
2017-12-05,"17,990","39,11","0,62","4,12","3,23","932,00"
2017-12-06,"17,860","39,11","0,62","4,12","3,23","932,00"
2017-12-07,"17,840","39,11","0,62","4,12","3,23","932,00"
2017-12-08,"17,960","39,11","0,62","4,12","3,23","932,00"
2017-12-11,"17,690","39,11","0,62","4,12","3,23","932,00"
2017-12-12,"17,660","39,11","0,62","4,12","3,23","932,00"
2017-12-13,"17,360","39,11","0,62","4,12","3,23","932,00"
2017-12-14,"17,390","39,11","0,62","4,12","3,23","932,00"
2017-12-15,"17,670","39,11","0,62","4,12","3,23","932,00"
2017-12-18,"17,890","39,11","0,62","4,12","3,23","932,00"
2017-12-19,"18,040","39,11","0,62","4,12","3,23","932,00"
2017-12-20,"18,040","39,11","0,62","4,12","3,23","932,00"
2017-12-21,"18,560","39,11","0,62","4,12","3,23","932,00"
2017-12-22,"18,470","39,11","0,62","4,12","3,23","932,00"
2017-12-27,"18,420","39,11","0,62","4,12","3,23","932,00"
2017-12-28,"18,310","39,11","0,62","4,12","3,23","932,00"
2017-12-29,"18,240","39,11","0,62","4,12","3,23","932,00"
2018-01-02,"18,400","39,11","-0,61","4,28","3,91","484,00"
2018-01-03,"18,350","39,11","-0,61","4,28","3,91","484,00"
2018-01-04,"18,920","39,11","-0,61","4,28","3,91","484,00"
2018-01-05,"19,060","39,11","-0,61","4,28","3,91","484,00"
2018-01-08,"18,940","39,11","-0,61","4,28","3,91","484,00"
2018-01-09,"18,920","39,11","-0,61","4,28","3,91","484,00"
2018-01-10,"18,880","39,11","-0,61","4,28","3,91","484,00"
2018-01-11,"18,630","39,11","-0,61","4,28","3,91","484,00"
2018-01-12,"18,340","39,11","-0,61","4,28","3,91","484,00"
2018-01-15,"18,240","39,11","-0,61","4,28","3,91","484,00"
2018-01-16,"18,500","39,11","-0,61","4,28","3,91","484,00"
2018-01-17,"18,580","39,11","-0,61","4,28","3,91","484,00"
2018-01-18,"18,370","39,11","-0,61","4,28","3,91","484,00"
2018-01-19,"18,260","39,11","-0,61","4,28","3,91","484,00"
2018-01-22,"18,240","39,11","-0,61","4,28","3,91","484,00"
2018-01-23,"18,260","39,11","-0,61","4,28","3,91","484,00"
2018-01-24,"18,060","39,11","-0,61","4,28","3,91","484,00"
2018-01-25,"17,830","39,11","-0,61","4,28","3,91","484,00"
2018-01-26,"17,830","39,11","-0,61","4,28","3,91","484,00"
2018-01-29,"17,820","39,11","-0,61","4,28","3,91","484,00"
2018-01-30,"17,710","39,11","-0,61","4,28","3,91","484,00"
2018-01-31,"17,810","39,11","-0,61","4,28","3,91","484,00"
2018-02-01,"17,630","39,11","-0,61","4,28","3,91","484,00"
2018-02-02,"17,370","39,11","-0,61","4,28","3,91","484,00"
2018-02-05,"16,960","39,11","-0,61","4,28","3,91","484,00"
2018-02-06,"16,720","39,11","-0,61","4,28","3,91","484,00"
2018-02-07,"16,870","39,11","-0,61","4,28","3,91","484,00"
2018-02-08,"16,560","39,11","-0,61","4,28","3,91","484,00"
2018-02-09,"16,500","39,11","-0,61","4,28","3,91","484,00"
2018-02-12,"16,600","39,11","-0,61","4,28","3,91","484,00"
2018-02-13,"16,410","39,11","-0,61","4,28","3,91","484,00"
2018-02-14,"16,390","39,11","-0,61","4,28","3,91","484,00"
2018-02-15,"16,650","39,11","-0,61","4,28","3,91","484,00"
2018-02-16,"16,990","39,11","-0,61","4,28","3,91","484,00"
2018-02-19,"16,750","39,11","-0,61","4,28","3,91","484,00"
2018-02-20,"17,010","39,11","-0,61","4,28","3,91","484,00"
2018-02-21,"16,940","39,11","-0,61","4,28","3,91","484,00"
2018-02-22,"16,960","39,11","-0,61","4,28","3,91","484,00"
2018-02-23,"17,160","39,11","-0,61","4,28","3,91","484,00"
2018-02-26,"17,130","39,11","-0,61","4,28","3,91","484,00"
2018-02-27,"17,340","39,11","-0,61","4,28","3,91","484,00"
2018-02-28,"17,120","39,11","-0,61","4,28","3,91","484,00"
2018-03-01,"16,390","39,11","-0,61","4,28","3,91","484,00"
2018-03-02,"16,140","39,11","-0,61","4,28","3,91","484,00"
2018-03-05,"16,430","39,11","-0,61","4,28","3,91","484,00"
2018-03-06,"16,110","39,11","-0,61","4,28","3,91","484,00"
2018-03-07,"16,320","39,11","-0,61","4,28","3,91","484,00"
2018-03-08,"16,580","39,11","-0,61","4,28","3,91","484,00"
2018-03-09,"16,640","39,11","-0,61","4,28","3,91","484,00"
2018-03-12,"16,720","39,11","-0,61","4,28","3,91","484,00"
2018-03-13,"16,630","39,11","-0,61","4,28","3,91","484,00"
2018-03-14,"16,660","39,11","-0,61","4,28","3,91","484,00"
2018-03-15,"16,580","39,11","-0,61","4,28","3,91","484,00"
2018-03-16,"16,510","39,11","-0,61","4,28","3,91","484,00"
2018-03-19,"16,340","39,11","-0,61","4,28","3,91","484,00"
2018-03-20,"16,290","39,11","-0,61","4,28","3,91","484,00"
2018-03-21,"16,060","39,11","-0,61","4,28","3,91","484,00"
2018-03-22,"15,810","39,11","-0,61","4,28","3,91","484,00"
2018-03-23,"15,710","39,11","-0,61","4,28","3,91","484,00"
2018-03-26,"15,620","39,11","-0,61","4,28","3,91","484,00"
2018-03-27,"15,800","39,11","-0,61","4,28","3,91","484,00"
2018-03-28,"16,150","39,11","-0,61","4,28","3,91","484,00"
2018-03-29,"16,350","39,11","-0,61","4,28","3,91","484,00"
2018-04-03,"16,190","39,11","-0,61","4,28","3,91","484,00"
2018-04-04,"16,090","39,11","-0,61","4,28","3,91","484,00"
2018-04-05,"16,530","39,11","-0,61","4,28","3,91","484,00"
2018-04-06,"16,420","39,11","-0,61","4,28","3,91","484,00"
2018-04-09,"16,630","39,11","-0,61","4,28","3,91","484,00"
2018-04-10,"16,790","39,11","-0,61","4,28","3,91","484,00"
2018-04-11,"16,720","39,11","-0,61","4,28","3,91","484,00"
2018-04-12,"16,460","39,11","-0,61","4,28","3,91","484,00"
2018-04-13,"16,600","39,11","-0,61","4,28","3,91","484,00"
2018-04-16,"16,650","39,11","-0,61","4,28","3,91","484,00"
2018-04-17,"16,770","39,11","-0,61","4,28","3,91","484,00"
2018-04-18,"16,890","39,11","-0,61","4,28","3,91","484,00"
2018-04-19,"16,970","39,11","-0,61","4,28","3,91","484,00"
2018-04-20,"17,110","39,11","-0,61","4,28","3,91","484,00"
2018-04-23,"17,080","39,11","-0,61","4,28","3,91","484,00"
2018-04-24,"17,040","39,11","-0,61","4,28","3,91","484,00"
2018-04-25,"17,160","39,11","-0,61","4,28","3,91","484,00"
2018-04-26,"17,250","39,11","-0,61","4,28","3,91","484,00"
2018-04-27,"17,080","39,11","-0,61","4,28","3,91","484,00"
2018-04-30,"17,090","39,11","-0,61","4,28","3,91","484,00"
2018-05-02,"17,050","39,11","-0,61","4,28","3,91","484,00"
2018-05-03,"17,130","39,11","-0,61","4,28","3,91","484,00"
2018-05-04,"17,140","39,11","-0,61","4,28","3,91","484,00"
2018-05-07,"17,230","39,11","-0,61","4,28","3,91","484,00"
2018-05-08,"17,290","39,11","-0,61","4,28","3,91","484,00"
2018-05-09,"17,420","39,11","-0,61","4,28","3,91","484,00"
2018-05-10,"17,470","39,11","-0,61","4,28","3,91","484,00"
2018-05-11,"17,320","39,11","-0,61","4,28","3,91","484,00"
2018-05-14,"17,000","39,11","-0,61","4,28","3,91","484,00"
2018-05-15,"17,010","39,11","-0,61","4,28","3,91","484,00"
2018-05-16,"16,960","39,11","-0,61","4,28","3,91","484,00"
2018-05-17,"16,980","39,11","-0,61","4,28","3,91","484,00"
2018-05-18,"16,910","39,11","-0,61","4,28","3,91","484,00"
2018-05-21,"17,070","39,11","-0,61","4,28","3,91","484,00"
2018-05-22,"17,220","39,11","-0,61","4,28","3,91","484,00"
2018-05-23,"17,200","39,11","-0,61","4,28","3,91","484,00"
2018-05-24,"17,190","39,11","-0,61","4,28","3,91","484,00"
2018-05-25,"16,960","39,11","-0,61","4,28","3,91","484,00"
2018-05-28,"16,960","39,11","-0,61","4,28","3,91","484,00"
2018-05-29,"16,780","39,11","-0,61","4,28","3,91","484,00"
2018-05-30,"16,890","39,11","-0,61","4,28","3,91","484,00"
2018-05-31,"16,960","39,11","-0,61","4,28","3,91","484,00"
2018-06-01,"17,110","39,11","-0,61","4,28","3,91","484,00"
2018-06-04,"17,710","39,11","-0,61","4,28","3,91","484,00"
2018-06-05,"17,800","39,11","-0,61","4,28","3,91","484,00"
2018-06-06,"17,940","39,11","-0,61","4,28","3,91","484,00"
2018-06-07,"17,850","39,11","-0,61","4,28","3,91","484,00"
2018-06-08,"17,810","39,11","-0,61","4,28","3,91","484,00"
2018-06-11,"17,910","39,11","-0,61","4,28","3,91","484,00"
2018-06-12,"18,010","39,11","-0,61","4,28","3,91","484,00"
2018-06-13,"17,660","39,11","-0,61","4,28","3,91","484,00"
2018-06-14,"17,940","39,11","-0,61","4,28","3,91","484,00"
2018-06-15,"17,920","39,11","-0,61","4,28","3,91","484,00"
2018-06-18,"17,730","39,11","-0,61","4,28","3,91","484,00"
2018-06-19,"17,740","39,11","-0,61","4,28","3,91","484,00"
2018-06-20,"17,830","39,11","-0,61","4,28","3,91","484,00"
2018-06-21,"17,680","39,11","-0,61","4,28","3,91","484,00"
2018-06-22,"17,480","39,11","-0,61","4,28","3,91","484,00"
2018-06-25,"17,140","39,11","-0,61","4,28","3,91","484,00"
2018-06-26,"17,030","39,11","-0,61","4,28","3,91","484,00"
2018-06-27,"17,070","39,11","-0,61","4,28","3,91","484,00"
2018-06-28,"17,030","39,11","-0,61","4,28","3,91","484,00"
2018-06-29,"17,100","39,11","-0,61","4,28","3,91","484,00"
2018-07-02,"16,900","39,11","-0,61","4,28","3,91","484,00"
2018-07-03,"16,970","39,11","-0,61","4,28","3,91","484,00"
2018-07-04,"17,100","39,11","-0,61","4,28","3,91","484,00"
2018-07-05,"17,270","39,11","-0,61","4,28","3,91","484,00"
2018-07-06,"17,280","39,11","-0,61","4,28","3,91","484,00"
2018-07-09,"17,330","39,11","-0,61","4,28","3,91","484,00"
2018-07-10,"17,450","39,11","-0,61","4,28","3,91","484,00"
2018-07-11,"17,240","39,11","-0,61","4,28","3,91","484,00"
2018-07-12,"17,350","39,11","-0,61","4,28","3,91","484,00"
2018-07-13,"17,290","39,11","-0,61","4,28","3,91","484,00"
2018-07-16,"17,290","39,11","-0,61","4,28","3,91","484,00"
2018-07-17,"17,080","39,11","-0,61","4,28","3,91","484,00"
2018-07-18,"17,040","39,11","-0,61","4,28","3,91","484,00"
2018-07-19,"16,950","39,11","-0,61","4,28","3,91","484,00"
2018-07-20,"16,940","39,11","-0,61","4,28","3,91","484,00"
2018-07-23,"17,060","39,11","-0,61","4,28","3,91","484,00"
2018-07-24,"17,140","39,11","-0,61","4,28","3,91","484,00"
2018-07-25,"17,030","39,11","-0,61","4,28","3,91","484,00"
2018-07-26,"17,040","39,11","-0,61","4,28","3,91","484,00"
2018-07-27,"17,500","39,11","-0,61","4,28","3,91","484,00"
2018-07-30,"17,440","39,11","-0,61","4,28","3,91","484,00"
2018-07-31,"17,210","39,11","-0,61","4,28","3,91","484,00"
2018-08-01,"17,050","39,11","-0,61","4,28","3,91","484,00"
2018-08-02,"17,050","39,11","-0,61","4,28","3,91","484,00"
2018-08-03,"17,490","39,11","-0,61","4,28","3,91","484,00"
2018-08-06,"17,530","39,11","-0,61","4,28","3,91","484,00"
2018-08-07,"17,610","39,11","-0,61","4,28","3,91","484,00"
2018-08-08,"17,620","39,11","-0,61","4,28","3,91","484,00"
2018-08-09,"17,750","39,11","-0,61","4,28","3,91","484,00"
2018-08-10,"17,510","39,11","-0,61","4,28","3,91","484,00"
2018-08-13,"17,550","39,11","-0,61","4,28","3,91","484,00"
2018-08-14,"17,750","39,11","-0,61","4,28","3,91","484,00"
2018-08-15,"17,500","39,11","-0,61","4,28","3,91","484,00"
2018-08-16,"17,290","39,11","-0,61","4,28","3,91","484,00"
2018-08-17,"17,330","39,11","-0,61","4,28","3,91","484,00"
2018-08-20,"17,600","39,11","-0,61","4,28","3,91","484,00"
2018-08-21,"17,780","39,11","-0,61","4,28","3,91","484,00"
2018-08-22,"17,780","39,11","-0,61","4,28","3,91","484,00"
2018-08-23,"17,810","39,11","-0,61","4,28","3,91","484,00"
2018-08-24,"17,930","39,11","-0,61","4,28","3,91","484,00"
2018-08-27,"17,970","39,11","-0,61","4,28","3,91","484,00"
2018-08-28,"18,000","39,11","-0,61","4,28","3,91","484,00"
2018-08-29,"18,090","39,11","-0,61","4,28","3,91","484,00"
2018-08-30,"18,160","39,11","-0,61","4,28","3,91","484,00"
2018-08-31,"18,130","39,11","-0,61","4,28","3,91","484,00"
2018-09-03,"17,820","39,11","-0,61","4,28","3,91","484,00"
2018-09-04,"17,480","39,11","-0,61","4,28","3,91","484,00"
2018-09-05,"17,540","39,11","-0,61","4,28","3,91","484,00"
2018-09-06,"17,530","39,11","-0,61","4,28","3,91","484,00"
2018-09-07,"17,400","39,11","-0,61","4,28","3,91","484,00"
2018-09-10,"17,550","39,11","-0,61","4,28","3,91","484,00"
2018-09-11,"17,600","39,11","-0,61","4,28","3,91","484,00"
2018-09-12,"17,580","39,11","-0,61","4,28","3,91","484,00"
2018-09-13,"17,350","39,11","-0,61","4,28","3,91","484,00"
2018-09-14,"17,540","39,11","-0,61","4,28","3,91","484,00"
2018-09-17,"17,750","39,11","-0,61","4,28","3,91","484,00"
2018-09-18,"17,910","39,11","-0,61","4,28","3,91","484,00"
2018-09-19,"17,880","39,11","-0,61","4,28","3,91","484,00"
2018-09-20,"18,100","39,11","-0,61","4,28","3,91","484,00"
2018-09-21,"18,080","39,11","-0,61","4,28","3,91","484,00"
2018-09-24,"17,880","39,11","-0,61","4,28","3,91","484,00"
2018-09-25,"17,670","39,11","-0,61","4,28","3,91","484,00"
2018-09-26,"17,650","39,11","-0,61","4,28","3,91","484,00"
2018-09-27,"17,560","39,11","-0,61","4,28","3,91","484,00"
2018-09-28,"17,390","39,11","-0,61","4,28","3,91","484,00"
2018-10-01,"17,810","39,11","-0,61","4,28","3,91","484,00"
2018-10-02,"17,970","39,11","-0,61","4,28","3,91","484,00"
2018-10-03,"17,960","39,11","-0,61","4,28","3,91","484,00"
2018-10-04,"17,480","39,11","-0,61","4,28","3,91","484,00"
2018-10-05,"17,430","39,11","-0,61","4,28","3,91","484,00"
2018-10-08,"17,510","39,11","-0,61","4,28","3,91","484,00"
2018-10-09,"17,550","39,11","-0,61","4,28","3,91","484,00"
2018-10-10,"17,320","39,11","-0,61","4,28","3,91","484,00"
2018-10-11,"16,890","39,11","-0,61","4,28","3,91","484,00"
2018-10-12,"16,650","39,11","-0,61","4,28","3,91","484,00"
2018-10-15,"17,090","39,11","-0,61","4,28","3,91","484,00"
2018-10-16,"17,930","39,11","-0,61","4,28","3,91","484,00"
2018-10-17,"17,860","39,11","-0,61","4,28","3,91","484,00"
2018-10-18,"17,750","39,11","-0,61","4,28","3,91","484,00"
2018-10-19,"17,700","39,11","-0,61","4,28","3,91","484,00"
2018-10-22,"17,480","39,11","-0,61","4,28","3,91","484,00"
2018-10-23,"17,300","39,11","-0,61","4,28","3,91","484,00"
2018-10-24,"17,520","39,11","-0,61","4,28","3,91","484,00"
2018-10-25,"17,490","39,11","-0,61","4,28","3,91","484,00"
2018-10-26,"17,420","39,11","-0,61","4,28","3,91","484,00"
2018-10-29,"17,210","39,11","-0,61","4,28","3,91","484,00"
2018-10-30,"17,350","39,11","-0,61","4,28","3,91","484,00"
2018-10-31,"17,230","39,11","-0,61","4,28","3,91","484,00"
2018-11-01,"17,160","39,11","-0,61","4,28","3,91","484,00"
2018-11-02,"17,180","39,11","-0,61","4,28","3,91","484,00"
2018-11-05,"16,930","39,11","-0,61","4,28","3,91","484,00"
2018-11-06,"17,070","39,11","-0,61","4,28","3,91","484,00"
2018-11-07,"17,360","39,11","-0,61","4,28","3,91","484,00"
2018-11-08,"17,270","39,11","-0,61","4,28","3,91","484,00"
2018-11-09,"17,540","39,11","-0,61","4,28","3,91","484,00"
2018-11-12,"17,610","39,11","-0,61","4,28","3,91","484,00"
2018-11-13,"17,740","39,11","-0,61","4,28","3,91","484,00"
2018-11-14,"17,500","39,11","-0,61","4,28","3,91","484,00"
2018-11-15,"17,370","39,11","-0,61","4,28","3,91","484,00"
2018-11-16,"17,430","39,11","-0,61","4,28","3,91","484,00"
2018-11-19,"17,350","39,11","-0,61","4,28","3,91","484,00"
2018-11-20,"17,410","39,11","-0,61","4,28","3,91","484,00"
2018-11-21,"17,640","39,11","-0,61","4,28","3,91","484,00"
2018-11-22,"17,610","39,11","-0,61","4,28","3,91","484,00"
2018-11-23,"17,850","39,11","-0,61","4,28","3,91","484,00"
2018-11-26,"18,000","39,11","-0,61","4,28","3,91","484,00"
2018-11-27,"17,990","39,11","-0,61","4,28","3,91","484,00"
2018-11-28,"17,810","39,11","-0,61","4,28","3,91","484,00"
2018-11-29,"17,830","39,11","-0,61","4,28","3,91","484,00"
2018-11-30,"17,910","39,11","-0,61","4,28","3,91","484,00"
2018-12-03,"18,070","39,11","-0,61","4,28","3,91","484,00"
2018-12-04,"18,040","39,11","-0,61","4,28","3,91","484,00"
2018-12-05,"17,960","39,11","-0,61","4,28","3,91","484,00"
2018-12-06,"17,410","39,11","-0,61","4,28","3,91","484,00"
2018-12-07,"17,620","39,11","-0,61","4,28","3,91","484,00"
2018-12-10,"17,160","39,11","-0,61","4,28","3,91","484,00"
2018-12-11,"17,530","39,11","-0,61","4,28","3,91","484,00"
2018-12-12,"17,830","39,11","-0,61","4,28","3,91","484,00"
2018-12-13,"17,620","39,11","-0,61","4,28","3,91","484,00"
2018-12-14,"17,780","39,11","-0,61","4,28","3,91","484,00"
2018-12-17,"17,790","39,11","-0,61","4,28","3,91","484,00"
2018-12-18,"17,580","39,11","-0,61","4,28","3,91","484,00"
2018-12-19,"17,710","39,11","-0,61","4,28","3,91","484,00"
2018-12-20,"17,510","39,11","-0,61","4,28","3,91","484,00"
2018-12-21,"17,320","39,11","-0,61","4,28","3,91","484,00"
2018-12-24,"17,410","39,11","-0,61","4,28","3,91","484,00"
2018-12-27,"17,030","39,11","-0,61","4,28","3,91","484,00"
2018-12-28,"17,350","39,11","-0,61","4,28","3,91","484,00"
2018-12-31,"17,440","39,11","-0,61","4,28","3,91","484,00"
2019-01-02,"17,460","69,29","0,35","2,73","4,13","121,00"
2019-01-03,"17,550","69,29","0,35","2,73","4,13","121,00"
2019-01-04,"17,760","69,29","0,35","2,73","4,13","121,00"
2019-01-07,"17,890","69,29","0,35","2,73","4,13","121,00"
2019-01-08,"18,060","69,29","0,35","2,73","4,13","121,00"
2019-01-09,"18,140","69,29","0,35","2,73","4,13","121,00"
2019-01-10,"18,360","69,29","0,35","2,73","4,13","121,00"
2019-01-11,"18,290","69,29","0,35","2,73","4,13","121,00"
2019-01-14,"18,510","69,29","0,35","2,73","4,13","121,00"
2019-01-15,"18,430","69,29","0,35","2,73","4,13","121,00"
2019-01-16,"18,600","69,29","0,35","2,73","4,13","121,00"
2019-01-17,"18,810","69,29","0,35","2,73","4,13","121,00"
2019-01-18,"19,080","69,29","0,35","2,73","4,13","121,00"
2019-01-21,"19,080","69,29","0,35","2,73","4,13","121,00"
2019-01-22,"19,100","69,29","0,35","2,73","4,13","121,00"
2019-01-23,"19,310","69,29","0,35","2,73","4,13","121,00"
2019-01-24,"19,370","69,29","0,35","2,73","4,13","121,00"
2019-01-25,"19,400","69,29","0,35","2,73","4,13","121,00"
2019-01-28,"19,390","69,29","0,35","2,73","4,13","121,00"
2019-01-29,"19,070","69,29","0,35","2,73","4,13","121,00"
2019-01-30,"19,020","69,29","0,35","2,73","4,13","121,00"
2019-01-31,"19,290","69,29","0,35","2,73","4,13","121,00"
2019-02-01,"19,350","69,29","0,35","2,73","4,13","121,00"
2019-02-04,"19,330","69,29","0,35","2,73","4,13","121,00"
2019-02-05,"19,480","69,29","0,35","2,73","4,13","121,00"
2019-02-06,"19,240","69,29","0,35","2,73","4,13","121,00"
2019-02-07,"19,210","69,29","0,35","2,73","4,13","121,00"
2019-02-08,"19,150","69,29","0,35","2,73","4,13","121,00"
2019-02-11,"19,360","69,29","0,35","2,73","4,13","121,00"
2019-02-12,"19,310","69,29","0,35","2,73","4,13","121,00"
2019-02-13,"19,350","69,29","0,35","2,73","4,13","121,00"
2019-02-14,"19,410","69,29","0,35","2,73","4,13","121,00"
2019-02-15,"19,530","69,29","0,35","2,73","4,13","121,00"
2019-02-18,"19,620","69,29","0,35","2,73","4,13","121,00"
2019-02-19,"19,580","69,29","0,35","2,73","4,13","121,00"
2019-02-20,"19,810","69,29","0,35","2,73","4,13","121,00"
2019-02-21,"19,620","69,29","0,35","2,73","4,13","121,00"
2019-02-22,"19,740","69,29","0,35","2,73","4,13","121,00"
2019-02-25,"19,490","69,29","0,35","2,73","4,13","121,00"
2019-02-26,"19,620","69,29","0,35","2,73","4,13","121,00"
2019-02-27,"19,420","69,29","0,35","2,73","4,13","121,00"
2019-02-28,"19,970","69,29","0,35","2,73","4,13","121,00"
2019-03-01,"20,470","69,29","0,35","2,73","4,13","121,00"
2019-03-04,"20,570","69,29","0,35","2,73","4,13","121,00"
2019-03-05,"20,560","69,29","0,35","2,73","4,13","121,00"
2019-03-06,"20,610","69,29","0,35","2,73","4,13","121,00"
2019-03-07,"20,750","69,29","0,35","2,73","4,13","121,00"
2019-03-08,"20,250","69,29","0,35","2,73","4,13","121,00"
2019-03-11,"20,380","69,29","0,35","2,73","4,13","121,00"
2019-03-12,"20,360","69,29","0,35","2,73","4,13","121,00"
2019-03-13,"20,340","69,29","0,35","2,73","4,13","121,00"
2019-03-14,"20,330","69,29","0,35","2,73","4,13","121,00"
2019-03-15,"20,580","69,29","0,35","2,73","4,13","121,00"
2019-03-18,"20,700","69,29","0,35","2,73","4,13","121,00"
2019-03-19,"20,580","69,29","0,35","2,73","4,13","121,00"
2019-03-20,"20,450","69,29","0,35","2,73","4,13","121,00"
2019-03-21,"20,320","69,29","0,35","2,73","4,13","121,00"
2019-03-22,"20,270","69,29","0,35","2,73","4,13","121,00"
2019-03-25,"20,160","69,29","0,35","2,73","4,13","121,00"
2019-03-26,"20,540","69,29","0,35","2,73","4,13","121,00"
2019-03-27,"20,510","69,29","0,35","2,73","4,13","121,00"
2019-03-28,"20,500","69,29","0,35","2,73","4,13","121,00"
2019-03-29,"20,580","69,29","0,35","2,73","4,13","121,00"
2019-04-01,"20,690","69,29","0,35","2,73","4,13","121,00"
2019-04-02,"20,820","69,29","0,35","2,73","4,13","121,00"
2019-04-03,"21,040","69,29","0,35","2,73","4,13","121,00"
2019-04-04,"20,950","69,29","0,35","2,73","4,13","121,00"
2019-04-05,"20,950","69,29","0,35","2,73","4,13","121,00"
2019-04-08,"20,700","69,29","0,35","2,73","4,13","121,00"
2019-04-09,"20,500","69,29","0,35","2,73","4,13","121,00"
2019-04-10,"20,360","69,29","0,35","2,73","4,13","121,00"
2019-04-11,"20,210","69,29","0,35","2,73","4,13","121,00"
2019-04-12,"20,390","69,29","0,35","2,73","4,13","121,00"
2019-04-15,"20,420","69,29","0,35","2,73","4,13","121,00"
2019-04-16,"20,360","69,29","0,35","2,73","4,13","121,00"
2019-04-17,"20,500","69,29","0,35","2,73","4,13","121,00"
2019-04-18,"20,690","69,29","0,35","2,73","4,13","121,00"
2019-04-23,"20,820","69,29","0,35","2,73","4,13","121,00"
2019-04-24,"21,140","69,29","0,35","2,73","4,13","121,00"
2019-04-25,"21,390","69,29","0,35","2,73","4,13","121,00"
2019-04-26,"21,530","69,29","0,35","2,73","4,13","121,00"
2019-04-29,"21,560","69,29","0,35","2,73","4,13","121,00"
2019-04-30,"21,650","69,29","0,35","2,73","4,13","121,00"
2019-05-02,"21,480","69,29","0,35","2,73","4,13","121,00"
2019-05-03,"21,470","69,29","0,35","2,73","4,13","121,00"
2019-05-06,"21,270","69,29","0,35","2,73","4,13","121,00"
2019-05-07,"21,240","69,29","0,35","2,73","4,13","121,00"
2019-05-08,"20,490","69,29","0,35","2,73","4,13","121,00"
2019-05-09,"20,320","69,29","0,35","2,73","4,13","121,00"
2019-05-10,"20,240","69,29","0,35","2,73","4,13","121,00"
2019-05-13,"20,050","69,29","0,35","2,73","4,13","121,00"
2019-05-14,"20,300","69,29","0,35","2,73","4,13","121,00"
2019-05-15,"20,410","69,29","0,35","2,73","4,13","121,00"
2019-05-16,"21,090","69,29","0,35","2,73","4,13","121,00"
2019-05-17,"21,300","69,29","0,35","2,73","4,13","121,00"
2019-05-20,"21,180","69,29","0,35","2,73","4,13","121,00"
2019-05-21,"21,470","69,29","0,35","2,73","4,13","121,00"
2019-05-22,"21,460","69,29","0,35","2,73","4,13","121,00"
2019-05-23,"21,390","69,29","0,35","2,73","4,13","121,00"
2019-05-24,"21,610","69,29","0,35","2,73","4,13","121,00"
2019-05-27,"21,770","69,29","0,35","2,73","4,13","121,00"
2019-05-28,"21,760","69,29","0,35","2,73","4,13","121,00"
2019-05-29,"21,300","69,29","0,35","2,73","4,13","121,00"
2019-05-30,"21,370","69,29","0,35","2,73","4,13","121,00"
2019-05-31,"21,390","69,29","0,35","2,73","4,13","121,00"
2019-06-03,"21,160","69,29","0,35","2,73","4,13","121,00"
2019-06-04,"20,810","69,29","0,35","2,73","4,13","121,00"
2019-06-05,"20,980","69,29","0,35","2,73","4,13","121,00"
2019-06-06,"21,150","69,29","0,35","2,73","4,13","121,00"
2019-06-07,"21,670","69,29","0,35","2,73","4,13","121,00"
2019-06-10,"21,770","69,29","0,35","2,73","4,13","121,00"
2019-06-11,"21,900","69,29","0,35","2,73","4,13","121,00"
2019-06-12,"21,920","69,29","0,35","2,73","4,13","121,00"
2019-06-13,"22,050","69,29","0,35","2,73","4,13","121,00"
2019-06-14,"22,140","69,29","0,35","2,73","4,13","121,00"
2019-06-17,"22,100","69,29","0,35","2,73","4,13","121,00"
2019-06-18,"22,400","69,29","0,35","2,73","4,13","121,00"
2019-06-19,"22,400","69,29","0,35","2,73","4,13","121,00"
2019-06-20,"22,480","69,29","0,35","2,73","4,13","121,00"
2019-06-21,"22,250","69,29","0,35","2,73","4,13","121,00"
2019-06-24,"22,490","69,29","0,35","2,73","4,13","121,00"
2019-06-25,"22,680","69,29","0,35","2,73","4,13","121,00"
2019-06-26,"22,410","69,29","0,35","2,73","4,13","121,00"
2019-06-27,"22,230","69,29","0,35","2,73","4,13","121,00"
2019-06-28,"22,510","69,29","0,35","2,73","4,13","121,00"
2019-07-01,"22,630","69,29","0,35","2,73","4,13","121,00"
2019-07-02,"22,750","69,29","0,35","2,73","4,13","121,00"
2019-07-03,"23,090","69,29","0,35","2,73","4,13","121,00"
2019-07-04,"23,000","69,29","0,35","2,73","4,13","121,00"
2019-07-05,"22,650","69,29","0,35","2,73","4,13","121,00"
2019-07-08,"22,800","69,29","0,35","2,73","4,13","121,00"
2019-07-09,"22,600","69,29","0,35","2,73","4,13","121,00"
2019-07-10,"22,750","69,29","0,35","2,73","4,13","121,00"
2019-07-11,"23,000","69,29","0,35","2,73","4,13","121,00"
2019-07-12,"23,080","69,29","0,35","2,73","4,13","121,00"
2019-07-15,"23,350","69,29","0,35","2,73","4,13","121,00"
2019-07-16,"23,670","69,29","0,35","2,73","4,13","121,00"
2019-07-17,"24,020","69,29","0,35","2,73","4,13","121,00"
2019-07-18,"23,940","69,29","0,35","2,73","4,13","121,00"
2019-07-19,"24,130","69,29","0,35","2,73","4,13","121,00"
2019-07-22,"24,400","69,29","0,35","2,73","4,13","121,00"
2019-07-23,"24,490","69,29","0,35","2,73","4,13","121,00"
2019-07-24,"24,380","69,29","0,35","2,73","4,13","121,00"
2019-07-25,"24,230","69,29","0,35","2,73","4,13","121,00"
2019-07-26,"24,260","69,29","0,35","2,73","4,13","121,00"
2019-07-29,"24,320","69,29","0,35","2,73","4,13","121,00"
2019-07-30,"23,890","69,29","0,35","2,73","4,13","121,00"
2019-07-31,"23,550","69,29","0,35","2,73","4,13","121,00"
2019-08-01,"23,790","69,29","0,35","2,73","4,13","121,00"
2019-08-02,"23,950","69,29","0,35","2,73","4,13","121,00"
2019-08-05,"23,750","69,29","0,35","2,73","4,13","121,00"
2019-08-06,"23,980","69,29","0,35","2,73","4,13","121,00"
2019-08-07,"24,590","69,29","0,35","2,73","4,13","121,00"
2019-08-08,"24,860","69,29","0,35","2,73","4,13","121,00"
2019-08-09,"24,800","69,29","0,35","2,73","4,13","121,00"
2019-08-12,"24,950","69,29","0,35","2,73","4,13","121,00"
2019-08-13,"25,200","69,29","0,35","2,73","4,13","121,00"
2019-08-14,"25,070","69,29","0,35","2,73","4,13","121,00"
2019-08-15,"25,090","69,29","0,35","2,73","4,13","121,00"
2019-08-16,"25,330","69,29","0,35","2,73","4,13","121,00"
2019-08-19,"25,420","69,29","0,35","2,73","4,13","121,00"
2019-08-20,"25,320","69,29","0,35","2,73","4,13","121,00"
2019-08-21,"25,610","69,29","0,35","2,73","4,13","121,00"
2019-08-22,"25,480","69,29","0,35","2,73","4,13","121,00"
2019-08-23,"25,480","69,29","0,35","2,73","4,13","121,00"
2019-08-26,"25,560","69,29","0,35","2,73","4,13","121,00"
2019-08-27,"25,860","69,29","0,35","2,73","4,13","121,00"
2019-08-28,"25,910","69,29","0,35","2,73","4,13","121,00"
2019-08-29,"26,080","69,29","0,35","2,73","4,13","121,00"
2019-08-30,"25,870","69,29","0,35","2,73","4,13","121,00"
2019-09-02,"26,250","69,29","0,35","2,73","4,13","121,00"
2019-09-03,"26,290","69,29","0,35","2,73","4,13","121,00"
2019-09-04,"26,200","69,29","0,35","2,73","4,13","121,00"
2019-09-05,"26,100","69,29","0,35","2,73","4,13","121,00"
2019-09-06,"26,430","69,29","0,35","2,73","4,13","121,00"
2019-09-09,"26,040","69,29","0,35","2,73","4,13","121,00"
2019-09-10,"25,330","69,29","0,35","2,73","4,13","121,00"
2019-09-11,"25,310","69,29","0,35","2,73","4,13","121,00"
2019-09-12,"25,880","69,29","0,35","2,73","4,13","121,00"
2019-09-13,"25,750","69,29","0,35","2,73","4,13","121,00"
2019-09-16,"25,510","69,29","0,35","2,73","4,13","121,00"
2019-09-17,"25,780","69,29","0,35","2,73","4,13","121,00"
2019-09-18,"25,950","69,29","0,35","2,73","4,13","121,00"
2019-09-19,"26,250","69,29","0,35","2,73","4,13","121,00"
2019-09-20,"26,480","69,29","0,35","2,73","4,13","121,00"
2019-09-23,"26,300","69,29","0,35","2,73","4,13","121,00"
2019-09-24,"26,490","69,29","0,35","2,73","4,13","121,00"
2019-09-25,"26,150","69,29","0,35","2,73","4,13","121,00"
2019-09-26,"26,650","69,29","0,35","2,73","4,13","121,00"
2019-09-27,"26,340","69,29","0,35","2,73","4,13","121,00"
2019-09-30,"26,510","69,29","0,35","2,73","4,13","121,00"
2019-10-01,"26,230","69,29","0,35","2,73","4,13","121,00"
2019-10-02,"25,250","69,29","0,35","2,73","4,13","121,00"
2019-10-03,"25,500","69,29","0,35","2,73","4,13","121,00"
2019-10-04,"25,840","69,29","0,35","2,73","4,13","121,00"
2019-10-07,"25,900","69,29","0,35","2,73","4,13","121,00"
2019-10-08,"25,610","69,29","0,35","2,73","4,13","121,00"
2019-10-09,"25,750","69,29","0,35","2,73","4,13","121,00"
2019-10-10,"25,810","69,29","0,35","2,73","4,13","121,00"
2019-10-11,"25,700","69,29","0,35","2,73","4,13","121,00"
2019-10-14,"25,950","69,29","0,35","2,73","4,13","121,00"
2019-10-15,"25,910","69,29","0,35","2,73","4,13","121,00"
2019-10-16,"25,470","69,29","0,35","2,73","4,13","121,00"
2019-10-17,"25,970","69,29","0,35","2,73","4,13","121,00"
2019-10-18,"26,000","69,29","0,35","2,73","4,13","121,00"
2019-10-21,"26,210","69,29","0,35","2,73","4,13","121,00"
2019-10-22,"26,260","69,29","0,35","2,73","4,13","121,00"
2019-10-23,"25,900","69,29","0,35","2,73","4,13","121,00"
2019-10-24,"25,930","69,29","0,35","2,73","4,13","121,00"
2019-10-25,"26,250","69,29","0,35","2,73","4,13","121,00"
2019-10-28,"25,920","69,29","0,35","2,73","4,13","121,00"
2019-10-29,"25,790","69,29","0,35","2,73","4,13","121,00"
2019-10-30,"25,840","69,29","0,35","2,73","4,13","121,00"
2019-10-31,"26,050","69,29","0,35","2,73","4,13","121,00"
2019-11-01,"26,590","69,29","0,35","2,73","4,13","121,00"
2019-11-04,"26,590","69,29","0,35","2,73","4,13","121,00"
2019-11-05,"26,440","69,29","0,35","2,73","4,13","121,00"
2019-11-06,"26,310","69,29","0,35","2,73","4,13","121,00"
2019-11-07,"25,850","69,29","0,35","2,73","4,13","121,00"
2019-11-08,"26,110","69,29","0,35","2,73","4,13","121,00"
2019-11-11,"26,130","69,29","0,35","2,73","4,13","121,00"
2019-11-12,"26,110","69,29","0,35","2,73","4,13","121,00"
2019-11-13,"25,990","69,29","0,35","2,73","4,13","121,00"
2019-11-14,"25,930","69,29","0,35","2,73","4,13","121,00"
2019-11-15,"26,130","69,29","0,35","2,73","4,13","121,00"
2019-11-18,"26,160","69,29","0,35","2,73","4,13","121,00"
2019-11-19,"26,460","69,29","0,35","2,73","4,13","121,00"
2019-11-20,"26,520","69,29","0,35","2,73","4,13","121,00"
2019-11-21,"26,360","69,29","0,35","2,73","4,13","121,00"
2019-11-22,"26,130","69,29","0,35","2,73","4,13","121,00"
2019-11-25,"26,450","69,29","0,35","2,73","4,13","121,00"
2019-11-26,"26,610","69,29","0,35","2,73","4,13","121,00"
2019-11-27,"26,790","69,29","0,35","2,73","4,13","121,00"
2019-11-28,"26,980","69,29","0,35","2,73","4,13","121,00"
2019-11-29,"26,950","69,29","0,35","2,73","4,13","121,00"
2019-12-02,"25,950","69,29","0,35","2,73","4,13","121,00"
2019-12-03,"25,980","69,29","0,35","2,73","4,13","121,00"
2019-12-04,"26,640","69,29","0,35","2,73","4,13","121,00"
2019-12-05,"26,580","69,29","0,35","2,73","4,13","121,00"
2019-12-06,"26,770","69,29","0,35","2,73","4,13","121,00"
2019-12-09,"27,110","69,29","0,35","2,73","4,13","121,00"
2019-12-10,"27,130","69,29","0,35","2,73","4,13","121,00"
2019-12-11,"27,040","69,29","0,35","2,73","4,13","121,00"
2019-12-12,"27,160","69,29","0,35","2,73","4,13","121,00"
2019-12-13,"27,180","69,29","0,35","2,73","4,13","121,00"
2019-12-16,"27,210","69,29","0,35","2,73","4,13","121,00"
2019-12-17,"27,120","69,29","0,35","2,73","4,13","121,00"
2019-12-18,"27,050","69,29","0,35","2,73","4,13","121,00"
2019-12-19,"26,800","69,29","0,35","2,73","4,13","121,00"
2019-12-20,"26,780","69,29","0,35","2,73","4,13","121,00"
2019-12-23,"27,030","69,29","0,35","2,73","4,13","121,00"
2019-12-24,"27,180","69,29","0,35","2,73","4,13","121,00"
2019-12-27,"27,140","69,29","0,35","2,73","4,13","121,00"
2019-12-30,"26,740","69,29","0,35","2,73","4,13","121,00"
2019-12-31,"26,970","69,29","0,35","2,73","4,13","121,00"
2020-01-02,"27,290","169,82","0,14","3,06","4,74","414,85"
2020-01-03,"27,100","169,82","0,14","3,06","4,74","414,85"
2020-01-06,"27,090","169,82","0,14","3,06","4,74","414,85"
2020-01-07,"27,500","169,82","0,14","3,06","4,74","414,85"
2020-01-08,"27,660","169,82","0,14","3,06","4,74","414,85"
2020-01-09,"27,610","169,82","0,14","3,06","4,74","414,85"
2020-01-10,"27,760","169,82","0,14","3,06","4,74","414,85"
2020-01-13,"27,810","169,82","0,14","3,06","4,74","414,85"
2020-01-14,"28,180","169,82","0,14","3,06","4,74","414,85"
2020-01-15,"28,560","169,82","0,14","3,06","4,74","414,85"
2020-01-16,"28,400","169,82","0,14","3,06","4,74","414,85"
2020-01-17,"28,940","169,82","0,14","3,06","4,74","414,85"
2020-01-20,"29,070","169,82","0,14","3,06","4,74","414,85"
2020-01-21,"29,320","169,82","0,14","3,06","4,74","414,85"
2020-01-22,"29,330","169,82","0,14","3,06","4,74","414,85"
2020-01-23,"29,310","169,82","0,14","3,06","4,74","414,85"
2020-01-24,"29,600","169,82","0,14","3,06","4,74","414,85"
2020-01-27,"29,120","169,82","0,14","3,06","4,74","414,85"
2020-01-28,"29,100","169,82","0,14","3,06","4,74","414,85"
2020-01-29,"29,220","169,82","0,14","3,06","4,74","414,85"
2020-01-30,"28,900","169,82","0,14","3,06","4,74","414,85"
2020-01-31,"28,660","169,82","0,14","3,06","4,74","414,85"
2020-02-03,"28,610","169,82","0,14","3,06","4,74","414,85"
2020-02-04,"28,830","169,82","0,14","3,06","4,74","414,85"
2020-02-05,"29,110","169,82","0,14","3,06","4,74","414,85"
2020-02-06,"28,920","169,82","0,14","3,06","4,74","414,85"
2020-02-07,"28,960","169,82","0,14","3,06","4,74","414,85"
2020-02-10,"29,150","169,82","0,14","3,06","4,74","414,85"
2020-02-11,"29,680","169,82","0,14","3,06","4,74","414,85"
2020-02-12,"29,550","169,82","0,14","3,06","4,74","414,85"
2020-02-13,"29,490","169,82","0,14","3,06","4,74","414,85"
2020-02-14,"29,870","169,82","0,14","3,06","4,74","414,85"
2020-02-17,"30,250","169,82","0,14","3,06","4,74","414,85"
2020-02-18,"30,190","169,82","0,14","3,06","4,74","414,85"
2020-02-19,"30,450","169,82","0,14","3,06","4,74","414,85"
2020-02-20,"29,760","169,82","0,14","3,06","4,74","414,85"
2020-02-21,"29,790","169,82","0,14","3,06","4,74","414,85"
2020-02-24,"28,690","169,82","0,14","3,06","4,74","414,85"
2020-02-25,"28,060","169,82","0,14","3,06","4,74","414,85"
2020-02-26,"27,940","169,82","0,14","3,06","4,74","414,85"
2020-02-27,"26,870","169,82","0,14","3,06","4,74","414,85"
2020-02-28,"25,880","169,82","0,14","3,06","4,74","414,85"
2020-03-02,"26,860","169,82","0,14","3,06","4,74","414,85"
2020-03-03,"27,750","169,82","0,14","3,06","4,74","414,85"
2020-03-04,"28,150","169,82","0,14","3,06","4,74","414,85"
2020-03-05,"28,070","169,82","0,14","3,06","4,74","414,85"
2020-03-06,"26,420","169,82","0,14","3,06","4,74","414,85"
2020-03-09,"24,230","169,82","0,14","3,06","4,74","414,85"
2020-03-10,"23,650","169,82","0,14","3,06","4,74","414,85"
2020-03-11,"23,080","169,82","0,14","3,06","4,74","414,85"
2020-03-12,"20,200","169,82","0,14","3,06","4,74","414,85"
2020-03-13,"21,180","169,82","0,14","3,06","4,74","414,85"
2020-03-16,"19,480","169,82","0,14","3,06","4,74","414,85"
2020-03-17,"19,680","169,82","0,14","3,06","4,74","414,85"
2020-03-18,"17,490","169,82","0,14","3,06","4,74","414,85"
2020-03-19,"18,020","169,82","0,14","3,06","4,74","414,85"
2020-03-20,"18,960","169,82","0,14","3,06","4,74","414,85"
2020-03-23,"18,450","169,82","0,14","3,06","4,74","414,85"
2020-03-24,"19,740","169,82","0,14","3,06","4,74","414,85"
2020-03-25,"21,400","169,82","0,14","3,06","4,74","414,85"
2020-03-26,"22,520","169,82","0,14","3,06","4,74","414,85"
2020-03-27,"22,270","169,82","0,14","3,06","4,74","414,85"
2020-03-30,"21,440","169,82","0,14","3,06","4,74","414,85"
2020-03-31,"21,870","169,82","0,14","3,06","4,74","414,85"
2020-04-01,"20,890","169,82","0,14","3,06","4,74","414,85"
2020-04-02,"20,760","50,04","0,45","3,46","4,13","549,85"
2020-04-03,"20,360","50,04","0,45","3,53","4,13","549,85"
2020-04-06,"21,540","49,34","0,41","3,34","3,77",550
2020-04-07,"22,730","49,34","0,41","3,16","3,77",550
2020-04-08,"22,380","49,34","0,41","3,21","3,77",550
2020-04-09,"23,100","57,37","0,4","3,11","4,28",550
2020-04-14,"24,140","57,37","0,4","2,98","4,28",550
2020-04-15,"23,500","57,37","0,4","3,06","4,28",550
2020-04-16,"23,300","57,37","0,4","3,09","4,28",550
2020-04-17,"23,460","57,37","0,4","3,06","4,28",550
2020-04-20,"23,140","169,82","0,14","3,06","4,74","414,85"
2020-04-21,"22,710","62,34","0,38","3,17","4,35","541,98"
2020-04-22,"22,400","62,34","0,38","3,21","4,35","541,98"
2020-04-23,"22,750","62,34","0,38","3,16","4,35","541,98"
2020-04-24,"22,000","62,34","0,38","3,27","4,35","541,98"
2020-04-27,"21,850","71,75","0,31","3,29","4,11","536,96"
2020-04-28,"22,190","71,75","0,31","3,24","4,11","536,96"
2020-04-29,"22,840","71,75","0,31","3,15","4,11","536,96"
2020-04-30,"22,800","71,75","0,31","3,15","4,11","536,96"
2020-05-04,"21,632","79,16","0,29","3,28","4,38","479,92"
2020-05-05,"22,225","79,16","0,29","3,19","4,38","479,92"
2020-05-06,"22,017","79,16","0,29","3,22","4,38","479,92"
2020-05-07,"21,869","79,16","0,29","3,24","4,38","479,92"
2020-05-08,"23,192","169,82","0,14","3,06","4,74","414,85"
2020-05-11,"22,570","169,82","0,14","3,06","4,74","414,85"
2020-05-12,"23,379","81,59","0,29","3,04","4,51","479,92"
2020-05-13,"23,468","81,59","0,29","3,02","4,51","479,92"
2020-05-14,"22,590","81,59","0,29","3,18","4,51","479,92"
2020-05-15,"22,600","81,59","0,29","3,18","4,51","479,92"
2020-05-18,"22,910","81,59","0,29","3,14","4,51","479,92"
2020-05-19,"22,780","81,59","0,29","3,16","4,51","479,92"
2020-05-20,"22,910","81,59","0,29","3,14","4,51","479,92"
2020-05-21,"22,820","81,59","0,29","3,15","4,51","479,92"
2020-05-22,"22,790","81,59","0,29","3,15","4,51","479,92"
2020-05-25,"24,120","169,82","0,14","3,06","4,74","414,85"
2020-05-26,"24,250","134,06","0,17","2,96","4,31","415,41"
2020-05-27,"24,220","134,06","0,17","1,68","4,31","415,41"
2020-05-28,"24,820","134,06","0,17","1,64","4,31","415,41"
2020-05-29,"24,420","134,06","0,17","1,67","4,31","415,41"
2020-06-02,"25,470","143,65","0,17","2,83","4,62","420,01"
2020-06-03,"25,930","143,65","0,17","2,78","4,62","420,01"
2020-06-04,"25,650","143,65","0,17","2,81","4,62","420,01"
2020-06-05,"26,000","143,65","0,17","2,77","4,62","420,01"
2020-06-08,"26,020","152,94","0,17","2,77","4,91","420,01"
2020-06-09,"25,820","152,94","0,17","2,79","4,91","420,01"
2020-06-10,"25,490","152,94","0,17","2,82","4,91","420,01"
2020-06-11,"24,630","152,94","0,17","2,92","4,91","420,01"
2020-06-12,"24,600","152,94","0,17","2,93","4,91","420,01"
2020-06-15,"24,820","169,82","0,14","2,90","4,74","414,85"
2020-06-16,"25,640","144,71","0,17","2,81","4,65","414,85"
2020-06-17,"25,190","144,71","0,17","2,86","4,65","414,85"
2020-06-18,"25,160","144,71","0,17","2,86","4,65","414,85"
2020-06-19,"25,100","144,71","0,17","2,87","4,65","414,85"
2020-06-22,"25,070","172,86","0,15","2,87","4,91","414,85"
2020-06-23,"25,120","172,86","0,15","2,87","4,91","414,85"
2020-06-24,"24,530","172,86","0,15","2,94","4,91","414,85"
2020-06-25,"24,600","172,86","0,15","2,93","4,91","414,85"
2020-06-26,"24,250","172,86","0,15","2,97","4,91","414,85"
2020-06-29,"23,970","169,82","0,14","3,00","4,74","414,85"
2020-06-30,"23,700","169,82","0,14","3,04","4,74","414,85"
2020-07-01,"23,500","169,82","0,14","3,06","4,74","414,85"
2020-07-02,"24,200","169,82","0,14","2,98","4,74","414,85"
2020-07-03,"24,100","169,82","0,14","3,06","4,74","414,85"
2020-07-06,"24,240","169,82","0,14","3,06","4,74","414,85"
2020-07-07,"24,080","68,86","- 0,01","2,99","4,71",388
2020-07-08,"23,410","68,86","- 0,01","3,08","4,71",388
2020-07-09,"23,120","68,86","- 0,01","3,11","4,71",388
2020-07-10,"23,210","68,86","- 0,01","3,10","4,71",388
2020-07-13,"23,520","169,82","0,14","3,06","4,74","414,85"
2020-07-14,"23,130","66,31","- 0,01","3,11","4,54",388
2020-07-15,"23,470","66,31","- 0,01","3,07","4,54",388
2020-07-16,"23,470","169,82","0,14","3,06","4,74","414,85"
2020-07-17,"22,930","169,82","0,14","3,06","4,74","414,85"
2020-07-20,"22,810","65,51","- 0,04","3,16","4,43","424,9"
2020-07-21,"23,250","65,51","- 0,04","3,10","4,43","424,9"
2020-07-22,"23,350","65,51","- 0,04","3,08","4,43","424,9"
2020-07-23,"22,990","65,51","- 0,04","3,13","4,43","424,9"
2020-07-24,"22,400","169,82","0,14","3,06","4,74","414,85"
2020-07-27,"22,000",64,"- 0,04","3,27","4,32","424,9"
2020-07-28,"21,820",64,"- 0,04","3,30","4,32","424,9"
2020-07-29,"22,000",64,"- 0,04","3,27","4,32","424,9"
2020-07-30,"21,290","169,82","0,14","3,06","4,74","414,85"
2020-07-31,"20,860",64,"- 0,04","3,47","4,32","424,9"
2020-08-03,"21,070","59,26","- 0,16","3,42",4,377
2020-08-04,"21,500","59,26","- 0,16","3,35",4,377
2020-08-05,"21,990","169,82","0,14","3,06","4,74","414,85"
2020-08-06,"21,760","59,26","- 0,16","3,31",4,377
2020-08-07,"22,020","169,82","0,14","3,06","4,74","414,85"
2020-08-10,"22,630","62,91","- 0,16","3,18","4,25",377
2020-08-11,"22,870","62,91","- 0,16","3,15","4,25",377
2020-08-12,"22,930","62,91","- 0,16","3,14","4,25",377
2020-08-13,"22,840","169,82","0,14","3,06","4,74","414,85"
2020-08-14,"22,580","169,82","0,14","3,06","4,74","414,85"
2020-08-17,"22,610","169,82","0,14","3,06","4,74","414,85"
2020-08-18,"22,830","169,82","0,14","3,06","4,74","414,85"
2020-08-19,"23,130","64,51","- 0,16","3,11","4,36",377
2020-08-20,"22,750","169,82","0,14","3,06","4,74","414,85"
2020-08-21,"22,780","169,82","0,14","3,06","4,74","414,85"
2020-08-24,"23,250","65,09","- 0,16","3,10","4,45","400,95"
2020-08-25,"23,190","65,09","- 0,16","3,10","4,45","400,95"
2020-08-26,"23,170","65,09","- 0,16","3,11","4,45","400,95"
2020-08-27,"23,080","65,09","- 0,16","3,12","4,45","400,95"
2020-08-28,"23,010","65,09","- 0,16","3,13","4,45","400,95"
2020-08-31,"22,380","65,74","- 0,16","3,22","4,5","400,95"
2020-09-01,"22,440","65,74","- 0,16","3,21","4,5","400,95"
2020-09-02,"23,040","65,74","- 0,16","3,12","4,5","400,95"
2020-09-03,"23,100","65,74","- 0,16","3,12","4,5","400,95"
2020-09-04,"22,750","65,74","- 0,16","3,16","4,5","400,95"
