fecha,REP_ultimo,REP_per,REP_bpa,REP_rentabilidad_por_dividendo,REP_precio_valor_contable,REP_ebitda
2015-02-12,"15,029",,,,,
2015-02-13,"15,472",,,,,
2015-02-16,"15,417",,,,,
2015-02-17,"15,408",,,,,
2015-02-18,"15,573",,,,,
2015-02-19,"15,491",,,,,
2015-02-20,"15,417",,,,,
2015-02-23,"15,468",,,,,
2015-02-24,"15,609",,,,,
2015-02-25,"15,628",,,,,
2015-02-26,"15,687",,,,,
2015-02-27,"15,787",,,,,
2015-03-02,"15,756",,,,,
2015-03-03,"15,609",,,,,
2015-03-04,"15,600",,,,,
2015-03-05,"15,673",,,,,
2015-03-06,"15,573",,,,,
2015-03-09,"15,609",,,,,
2015-03-10,"15,262",,,,,
2015-03-11,"15,207",,,,,
2015-03-12,"15,175",,,,,
2015-03-13,"14,869",,,,,
2015-03-16,"14,851",,,,,
2015-03-17,"14,965",,,,,
2015-03-18,"15,002",,,,,
2015-03-19,"15,166",,,,,
2015-03-20,"15,874",,,,,
2015-03-23,"15,856",,,,,
2015-03-24,"16,011",,,,,
2015-03-25,"15,902",,,,,
2015-03-26,"15,952",,,,,
2015-03-27,"15,756",,,,,
2015-03-30,"15,943",,,,,
2015-03-31,"15,842",,,,,
2015-04-01,"16,021",,,,,
2015-04-02,"16,030",,,,,
2015-04-07,"16,505",,,,,
2015-04-08,"16,386",,,,,
2015-04-09,"16,660",,,,,
2015-04-10,"16,587",,,,,
2015-04-13,"16,825",,,,,
2015-04-14,"16,715",,,,,
2015-04-15,"16,875",,,,,
2015-04-16,"16,738",,,,,
2015-04-17,"16,546",,,,,
2015-04-20,"16,665",,,,,
2015-04-21,"16,619",,,,,
2015-04-22,"16,505",,,,,
2015-04-23,"16,647",,,,,
2015-04-24,"16,683",,,,,
2015-04-27,"16,912",,,,,
2015-04-28,"16,944",,,,,
2015-04-29,"16,806",,,,,
2015-04-30,"16,829",,,,,
2015-05-04,"16,893",,,,,
2015-05-05,"16,701",,,,,
2015-05-06,"16,843",,,,,
2015-05-07,"16,290",,,,,
2015-05-08,"16,619",,,,,
2015-05-11,"16,624",,,,,
2015-05-12,"16,555",,,,,
2015-05-13,"16,514",,,,,
2015-05-14,"16,592",,,,,
2015-05-15,"15,974",,,,,
2015-05-18,"15,925",,,,,
2015-05-19,"16,046",,,,,
2015-05-20,"16,166",,,,,
2015-05-21,"16,224",,,,,
2015-05-22,"16,238",,,,,
2015-05-25,"15,930",,,,,
2015-05-26,"15,765",,,,,
2015-05-27,"15,872",,,,,
2015-05-28,"15,653",,,,,
2015-05-29,"15,475",,,,,
2015-06-01,"15,461",,,,,
2015-06-02,"15,559",,,,,
2015-06-03,"15,564",,,,,
2015-06-04,"15,292",,,,,
2015-06-05,"15,216",,,,,
2015-06-08,"15,064",,,,,
2015-06-09,"15,037",,,,,
2015-06-10,"15,202",,,,,
2015-06-11,"15,260",,,,,
2015-06-12,"15,073",,,,,
2015-06-15,"14,832",,,,,
2015-06-16,"14,886",,,,,
2015-06-17,"14,877",,,,,
2015-06-18,"14,768",,,,,
2015-06-19,"14,668",,,,,
2015-06-22,"15,082",,,,,
2015-06-23,"15,054",,,,,
2015-06-24,"15,018",,,,,
2015-06-25,"15,009",,,,,
2015-06-26,"15,054",,,,,
2015-06-29,"14,418",,,,,
2015-06-30,"14,318",,,,,
2015-07-01,"14,604",,,,,
2015-07-02,"14,632",,,,,
2015-07-03,"14,541",,,,,
2015-07-06,"14,136",,,,,
2015-07-07,"13,850",,,,,
2015-07-08,"13,991",,,,,
2015-07-09,"14,414",,,,,
2015-07-10,"14,791",,,,,
2015-07-13,"15,009",,,,,
2015-07-14,"15,045",,,,,
2015-07-15,"15,150",,,,,
2015-07-16,"15,386",,,,,
2015-07-17,"15,236",,,,,
2015-07-20,"15,245",,,,,
2015-07-21,"15,104",,,,,
2015-07-22,"14,900",,,,,
2015-07-23,"14,686",,,,,
2015-07-24,"14,468",,,,,
2015-07-27,"14,123",,,,,
2015-07-28,"14,304",,,,,
2015-07-29,"14,559",,,,,
2015-07-30,"13,977",,,,,
2015-07-31,"13,909",,,,,
2015-08-03,"13,900",,,,,
2015-08-04,"13,682",,,,,
2015-08-05,"13,800",,,,,
2015-08-06,"13,754",,,,,
2015-08-07,"13,745",,,,,
2015-08-10,"13,904",,,,,
2015-08-11,"13,641",,,,,
2015-08-12,"13,454",,,,,
2015-08-13,"13,400",,,,,
2015-08-14,"13,232",,,,,
2015-08-17,"13,241",,,,,
2015-08-18,"13,082",,,,,
2015-08-19,"12,836",,,,,
2015-08-20,"12,641",,,,,
2015-08-21,"12,227",,,,,
2015-08-24,"11,150",,,,,
2015-08-25,"11,568",,,,,
2015-08-26,"11,286",,,,,
2015-08-27,"11,877",,,,,
2015-08-28,"12,009",,,,,
2015-08-31,"11,595",,,,,
2015-09-01,"11,177",,,,,
2015-09-02,"10,991",,,,,
2015-09-03,"11,118",,,,,
2015-09-04,"10,718",,,,,
2015-09-07,"10,641",,,,,
2015-09-08,"10,664",,,,,
2015-09-09,"10,795",,,,,
2015-09-10,"10,454",,,,,
2015-09-11,"10,150",,,,,
2015-09-14,"10,091",,,,,
2015-09-15,"10,218",,,,,
2015-09-16,"10,441",,,,,
2015-09-17,"10,318",,,,,
2015-09-18,"9,818",,,,,
2015-09-21,"9,741",,,,,
2015-09-22,"9,264",,,,,
2015-09-23,"9,118",,,,,
2015-09-24,"9,145",,,,,
2015-09-25,"9,177",,,,,
2015-09-28,"9,132",,,,,
2015-09-29,"9,300",,,,,
2015-09-30,"9,463",,,,,
2015-10-01,"9,809",,,,,
2015-10-02,"10,036",,,,,
2015-10-05,"10,727",,,,,
2015-10-06,"11,009",,,,,
2015-10-07,"11,245",,,,,
2015-10-08,"11,213",,,,,
2015-10-09,"11,477",,,,,
2015-10-12,"11,241",,,,,
2015-10-13,"10,963",,,,,
2015-10-14,"11,054",,,,,
2015-10-15,"10,582",,,,,
2015-10-16,"10,745",,,,,
2015-10-19,"10,386",,,,,
2015-10-20,"10,227",,,,,
2015-10-21,"10,273",,,,,
2015-10-22,"10,582",,,,,
2015-10-23,"10,523",,,,,
2015-10-26,"10,482",,,,,
2015-10-27,"10,073",,,,,
2015-10-28,"10,523",,,,,
2015-10-29,"10,436",,,,,
2015-10-30,"10,432",,,,,
2015-11-02,"10,518",,,,,
2015-11-03,"11,291",,,,,
2015-11-04,"11,414",,,,,
2015-11-05,"11,173",,,,,
2015-11-06,"11,177",,,,,
2015-11-09,"11,068",,,,,
2015-11-10,"11,104",,,,,
2015-11-11,"11,009",,,,,
2015-11-12,"10,209",,,,,
2015-11-13,"10,136",,,,,
2015-11-16,"10,309",,,,,
2015-11-17,"10,827",,,,,
2015-11-18,"11,014",,,,,
2015-11-19,"11,141",,,,,
2015-11-20,"10,705",,,,,
2015-11-23,"10,736",,,,,
2015-11-24,"11,004",,,,,
2015-11-25,"10,941",,,,,
2015-11-26,"11,143",,,,,
2015-11-27,"11,022",,,,,
2015-11-30,"11,035",,,,,
2015-12-01,"10,973",,,,,
2015-12-02,"10,749",,,,,
2015-12-03,"10,436",,,,,
2015-12-04,"10,298",,,,,
2015-12-07,"9,726",,,,,
2015-12-08,"9,534",,,,,
2015-12-09,"9,761",,,,,
2015-12-10,"9,824",,,,,
2015-12-11,"9,529",,,,,
2015-12-14,"9,158",,,,,
2015-12-15,"9,480",,,,,
2015-12-16,"9,565",,,,,
2015-12-17,"9,614",,,,,
2015-12-18,"9,578",,,,,
2015-12-21,"9,163",,,,,
2015-12-22,"9,268",,,,,
2015-12-23,"9,885",,,,,
2015-12-24,"10,069",,,,,
2015-12-28,"9,655",,,,,
2015-12-29,"9,645",,,,,
2015-12-30,"9,480",,,,,
2015-12-31,"9,314",,,,,
2016-01-04,"9,259",,,,,
2016-01-05,"9,177",,,,,
2016-01-06,"8,915",,,,,
2016-01-07,"8,561",,,,,
2016-01-08,"8,218",,,,,
2016-01-11,"8,040",,,,,
2016-01-12,"7,925",,,,,
2016-01-13,"8,124",,,,,
2016-01-14,"8,344",,,,,
2016-01-15,"7,944",,,,,
2016-01-18,"7,764",,,,,
2016-01-19,"7,823",,,,,
2016-01-20,"7,384",,,,,
2016-01-21,"7,694",,,,,
2016-01-22,"8,225",,,,,
2016-01-25,"7,964",,,,,
2016-01-26,"8,306",,,,,
2016-01-27,"8,125",,,,,
2016-01-28,"8,556",,,,,
2016-01-29,"8,736",,,,,
2016-02-01,"8,473",,,,,
2016-02-02,"7,982",,,,,
2016-02-03,"7,939",,,,,
2016-02-04,"8,474",,,,,
2016-02-05,"8,755",,,,,
2016-02-08,"8,236",,,,,
2016-02-09,"7,945",,,,,
2016-02-10,"8,014",,,,,
2016-02-11,"7,579",,,,,
2016-02-12,"8,088",,,,,
2016-02-15,"8,254",,,,,
2016-02-16,"8,072",,,,,
2016-02-17,"8,513",,,,,
2016-02-18,"8,341",,,,,
2016-02-19,"8,144",,,,,
2016-02-22,"8,504",,,,,
2016-02-23,"8,223",,,,,
2016-02-24,"7,897",,,,,
2016-02-25,"8,113",,,,,
2016-02-26,"8,721",,,,,
2016-02-29,"8,765",,,,,
2016-03-01,"9,118",,,,,
2016-03-02,"9,392",,,,,
2016-03-03,"9,714",,,,,
2016-03-04,"9,793",,,,,
2016-03-07,"10,055",,,,,
2016-03-08,"9,765",,,,,
2016-03-09,"9,756",,,,,
2016-03-10,"9,411",,,,,
2016-03-11,"9,714",,,,,
2016-03-14,"9,756",,,,,
2016-03-15,"9,535",,,,,
2016-03-16,"9,599",,,,,
2016-03-17,"9,838",,,,,
2016-03-18,"9,700",,,,,
2016-03-21,"9,622",,,,,
2016-03-22,"9,581",,,,,
2016-03-23,"9,323",,,,,
2016-03-24,"9,155",,,,,
2016-03-29,"9,084",,,,,
2016-03-30,"9,268",,,,,
2016-03-31,"9,130",,,,,
2016-04-01,"8,853",,,,,
2016-04-04,"8,819",,,,,
2016-04-05,"8,579",,,,,
2016-04-06,"8,578",,,,,
2016-04-07,"8,477",,,,,
2016-04-08,"8,718",,,,,
2016-04-11,"8,841",,,,,
2016-04-12,"9,131",,,,,
2016-04-13,"9,723",,,,,
2016-04-14,"9,737",,,,,
2016-04-15,"9,664",,,,,
2016-04-18,"9,710",,,,,
2016-04-19,"10,046",,,,,
2016-04-20,"10,326",,,,,
2016-04-21,"10,446",,,,,
2016-04-22,"10,428",,,,,
2016-04-25,"10,207",,,,,
2016-04-26,"10,487",,,,,
2016-04-27,"10,731",,,,,
2016-04-28,"10,823",,,,,
2016-04-29,"10,533",,,,,
2016-05-02,"10,446",,,,,
2016-05-03,"9,977",,,,,
2016-05-04,"9,940",,,,,
2016-05-05,"10,405",,,,,
2016-05-06,"10,506",,,,,
2016-05-09,"10,193",,,,,
2016-05-10,"10,386",,,,,
2016-05-11,"10,349",,,,,
2016-05-12,"10,501",,,,,
2016-05-13,"10,602",,,,,
2016-05-16,"10,694",,,,,
2016-05-17,"10,694",,,,,
2016-05-18,"10,768",,,,,
2016-05-19,"10,303",,,,,
2016-05-20,"10,400",,,,,
2016-05-23,"10,308",,,,,
2016-05-24,"10,593",,,,,
2016-05-25,"10,984",,,,,
2016-05-26,"10,925",,,,,
2016-05-27,"10,897",,,,,
2016-05-30,"10,934",,,,,
2016-05-31,"10,653",,,,,
2016-06-01,"10,515",,,,,
2016-06-02,"10,524",,,,,
2016-06-03,"10,391",,,,,
2016-06-06,"10,722",,,,,
2016-06-07,"10,938",,,,,
2016-06-08,"10,966",,,,,
2016-06-09,"10,727",,,,,
2016-06-10,"10,446",,,,,
2016-06-13,"10,280",,,,,
2016-06-14,"10,023",,,,,
2016-06-15,"10,101",,,,,
2016-06-16,"10,020",,,,,
2016-06-17,"10,287",,,,,
2016-06-20,"10,563",,,,,
2016-06-21,"10,647",,,,,
2016-06-22,"10,656",,,,,
2016-06-23,"10,946",,,,,
2016-06-24,"9,749",,,,,
2016-06-27,"9,548",,,,,
2016-06-28,"9,828",,,,,
2016-06-29,"10,553",,,,,
2016-06-30,"10,675",,,,,
2016-07-01,"10,923",,,,,
2016-07-04,"10,829",,,,,
2016-07-05,"10,652",,,,,
2016-07-06,"10,460",,,,,
2016-07-07,"10,656",,,,,
2016-07-08,"10,899",,,,,
2016-07-11,"10,974",,,,,
2016-07-12,"11,363",,,,,
2016-07-13,"11,227",,,,,
2016-07-14,"11,400",,,,,
2016-07-15,"11,363",,,,,
2016-07-18,"11,264",,,,,
2016-07-19,"11,063",,,,,
2016-07-20,"11,044",,,,,
2016-07-21,"11,297",,,,,
2016-07-22,"11,208",,,,,
2016-07-25,"11,007",,,,,
2016-07-26,"10,801",,,,,
2016-07-27,"10,899",,,,,
2016-07-28,"10,516",,,,,
2016-07-29,"10,549",,,,,
2016-08-01,"10,394",,,,,
2016-08-02,"10,188",,,,,
2016-08-03,"10,263",,,,,
2016-08-04,"10,614",,,,,
2016-08-05,"10,759",,,,,
2016-08-08,"10,881",,,,,
2016-08-09,"10,979",,,,,
2016-08-10,"10,960",,,,,
2016-08-11,"11,124",,,,,
2016-08-12,"11,152",,,,,
2016-08-15,"11,311",,,,,
2016-08-16,"11,428",,,,,
2016-08-17,"11,255",,,,,
2016-08-18,"11,381",,,,,
2016-08-19,"11,232",,,,,
2016-08-22,"11,152",,,,,
2016-08-23,"11,227",,,,,
2016-08-24,"11,227",,,,,
2016-08-25,"11,204",,,,,
2016-08-26,"11,306",,,,,
2016-08-29,"11,157",,,,,
2016-08-30,"11,311",,,,,
2016-08-31,"11,264",,,,,
2016-09-01,"11,395",,,,,
2016-09-02,"11,718",,,,,
2016-09-05,"11,713",,,,,
2016-09-06,"11,564",,,,,
2016-09-07,"11,802",,,,,
2016-09-08,"11,961",,,,,
2016-09-09,"11,784",,,,,
2016-09-12,"11,611",,,,,
2016-09-13,"11,325",,,,,
2016-09-14,"11,194",,,,,
2016-09-15,"11,255",,,,,
2016-09-16,"11,012",,,,,
2016-09-19,"11,166",,,,,
2016-09-20,"11,021",,,,,
2016-09-21,"11,101",,,,,
2016-09-22,"11,208",,,,,
2016-09-23,"11,213",,,,,
2016-09-26,"11,077",,,,,
2016-09-27,"10,811",,,,,
2016-09-28,"10,918",,,,,
2016-09-29,"11,325",,,,,
2016-09-30,"11,297",,,,,
2016-10-03,"11,269",,,,,
2016-10-04,"11,414",,,,,
2016-10-05,"11,508",,,,,
2016-10-06,"11,494",,,,,
2016-10-07,"11,522",,,,,
2016-10-10,"11,868",,,,,
2016-10-11,"11,779",,,,,
2016-10-12,"11,845",,,,,
2016-10-13,"11,854",,,,,
2016-10-14,"11,873",,,,,
2016-10-17,"11,671",,,,,
2016-10-18,"11,849",,,,,
2016-10-19,"12,022",,,,,
2016-10-20,"12,163",,,,,
2016-10-21,"12,139",,,,,
2016-10-24,"12,223",,,,,
2016-10-25,"12,116",,,,,
2016-10-26,"12,078",,,,,
2016-10-27,"12,106",,,,,
2016-10-28,"12,134",,,,,
2016-10-31,"11,943",,,,,
2016-11-01,"11,840",,,,,
2016-11-02,"11,559",,,,,
2016-11-03,"11,695",,,,,
2016-11-04,"11,606",,,,,
2016-11-07,"11,676",,,,,
2016-11-08,"11,713",,,,,
2016-11-09,"11,821",,,,,
2016-11-10,"11,685",,,,,
2016-11-11,"11,372",,,,,
2016-11-14,"11,339",,,,,
2016-11-15,"11,564",,,,,
2016-11-16,"11,540",,,,,
2016-11-17,"11,601",,,,,
2016-11-18,"11,381",,,,,
2016-11-21,"11,498",,,,,
2016-11-22,"11,517",,,,,
2016-11-23,"11,489",,,,,
2016-11-24,"11,508",,,,,
2016-11-25,"11,400",,,,,
2016-11-28,"10,815",,,,,
2016-11-29,"10,784",,,,,
2016-11-30,"11,248",,,,,
2016-12-01,"11,512",,,,,
2016-12-02,"11,387",,,,,
2016-12-05,"11,521",,,,,
2016-12-06,"11,516",,,,,
2016-12-07,"11,592",,,,,
2016-12-08,"11,708",,,,,
2016-12-09,"11,521",,,,,
2016-12-12,"11,708",,,,,
2016-12-13,"11,775",,,,,
2016-12-14,"11,784",,,,,
2016-12-15,"11,869",,,,,
2016-12-16,"12,342",,,,,
2016-12-19,"12,186",,,,,
2016-12-20,"12,396",,,,,
2016-12-21,"12,277",,,,,
2016-12-22,"12,232",,,,,
2016-12-23,"12,245",,,,,
2016-12-27,"12,282",,,,,
2016-12-28,"12,213",,,,,
2016-12-29,"12,286",,,,,
2016-12-30,"12,232",,,,,
2017-01-02,"12,327","4,96","1,57","6,19","0,40","6.487,00"
2017-01-03,"12,423","4,96","1,57","6,19","0,40","6.487,00"
2017-01-04,"12,450","4,96","1,57","6,19","0,40","6.487,00"
2017-01-05,"12,469","4,96","1,57","6,19","0,40","6.487,00"
2017-01-06,"12,487","4,96","1,57","6,19","0,40","6.487,00"
2017-01-09,"12,368","4,96","1,57","6,19","0,40","6.487,00"
2017-01-10,"12,505","4,96","1,57","6,19","0,40","6.487,00"
2017-01-11,"12,669","4,96","1,57","6,19","0,40","6.487,00"
2017-01-12,"12,788","4,96","1,57","6,19","0,40","6.487,00"
2017-01-13,"12,952","4,96","1,57","6,19","0,40","6.487,00"
2017-01-16,"12,856","4,96","1,57","6,19","0,40","6.487,00"
2017-01-17,"12,856","4,96","1,57","6,19","0,40","6.487,00"
2017-01-18,"12,879","4,96","1,57","6,19","0,40","6.487,00"
2017-01-19,"12,851","4,96","1,57","6,19","0,40","6.487,00"
2017-01-20,"12,938","4,96","1,57","6,19","0,40","6.487,00"
2017-01-23,"12,760","4,96","1,57","6,19","0,40","6.487,00"
2017-01-24,"12,833","4,96","1,57","6,19","0,40","6.487,00"
2017-01-25,"12,988","4,96","1,57","6,19","0,40","6.487,00"
2017-01-26,"12,943","4,96","1,57","6,19","0,40","6.487,00"
2017-01-27,"12,842","4,96","1,57","6,19","0,40","6.487,00"
2017-01-30,"12,546","4,96","1,57","6,19","0,40","6.487,00"
2017-01-31,"12,450","4,96","1,57","6,19","0,40","6.487,00"
2017-02-01,"12,455","4,96","1,57","6,19","0,40","6.487,00"
2017-02-02,"12,533","4,96","1,57","6,19","0,40","6.487,00"
2017-02-03,"12,687","4,96","1,57","6,19","0,40","6.487,00"
2017-02-06,"12,628","4,96","1,57","6,19","0,40","6.487,00"
2017-02-07,"12,446","4,96","1,57","6,19","0,40","6.487,00"
2017-02-08,"12,341","4,96","1,57","6,19","0,40","6.487,00"
2017-02-09,"12,505","4,96","1,57","6,19","0,40","6.487,00"
2017-02-10,"12,469","4,96","1,57","6,19","0,40","6.487,00"
2017-02-13,"12,715","4,96","1,57","6,19","0,40","6.487,00"
2017-02-14,"12,697","4,96","1,57","6,19","0,40","6.487,00"
2017-02-15,"12,692","4,96","1,57","6,19","0,40","6.487,00"
2017-02-16,"12,665","4,96","1,57","6,19","0,40","6.487,00"
2017-02-17,"12,419","4,96","1,57","6,19","0,40","6.487,00"
2017-02-20,"12,505","4,96","1,57","6,19","0,40","6.487,00"
2017-02-21,"12,569","4,96","1,57","6,19","0,40","6.487,00"
2017-02-22,"12,482","4,96","1,57","6,19","0,40","6.487,00"
2017-02-23,"12,660","4,96","1,57","6,19","0,40","6.487,00"
2017-02-24,"12,596","4,96","1,57","6,19","0,40","6.487,00"
2017-02-27,"12,573","4,96","1,57","6,19","0,40","6.487,00"
2017-02-28,"12,760","4,96","1,57","6,19","0,40","6.487,00"
2017-03-01,"13,029","4,96","1,57","6,19","0,40","6.487,00"
2017-03-02,"13,029","4,96","1,57","6,19","0,40","6.487,00"
2017-03-03,"13,029","4,96","1,57","6,19","0,40","6.487,00"
2017-03-06,"13,047","4,96","1,57","6,19","0,40","6.487,00"
2017-03-07,"13,066","4,96","1,57","6,19","0,40","6.487,00"
2017-03-08,"12,979","4,96","1,57","6,19","0,40","6.487,00"
2017-03-09,"12,829","4,96","1,57","6,19","0,40","6.487,00"
2017-03-10,"13,148","4,96","1,57","6,19","0,40","6.487,00"
2017-03-13,"13,130","4,96","1,57","6,19","0,40","6.487,00"
2017-03-14,"12,851","4,96","1,57","6,19","0,40","6.487,00"
2017-03-15,"13,011","4,96","1,57","6,19","0,40","6.487,00"
2017-03-16,"13,202","4,96","1,57","6,19","0,40","6.487,00"
2017-03-17,"13,271","4,96","1,57","6,19","0,40","6.487,00"
2017-03-20,"13,180","4,96","1,57","6,19","0,40","6.487,00"
2017-03-21,"13,193","4,96","1,57","6,19","0,40","6.487,00"
2017-03-22,"13,175","4,96","1,57","6,19","0,40","6.487,00"
2017-03-23,"13,266","4,96","1,57","6,19","0,40","6.487,00"
2017-03-24,"13,098","4,96","1,57","6,19","0,40","6.487,00"
2017-03-27,"13,029","4,96","1,57","6,19","0,40","6.487,00"
2017-03-28,"13,066","4,96","1,57","6,19","0,40","6.487,00"
2017-03-29,"13,116","4,96","1,57","6,19","0,40","6.487,00"
2017-03-30,"13,307","4,96","1,57","6,19","0,40","6.487,00"
2017-03-31,"13,193","4,96","1,57","6,19","0,40","6.487,00"
2017-04-03,"13,038","4,96","1,57","6,19","0,40","6.487,00"
2017-04-04,"13,116","4,96","1,57","6,19","0,40","6.487,00"
2017-04-05,"13,353","4,96","1,57","6,19","0,40","6.487,00"
2017-04-06,"13,512","4,96","1,57","6,19","0,40","6.487,00"
2017-04-07,"13,667","4,96","1,57","6,19","0,40","6.487,00"
2017-04-10,"13,617","4,96","1,57","6,19","0,40","6.487,00"
2017-04-11,"13,540","4,96","1,57","6,19","0,40","6.487,00"
2017-04-12,"13,521","4,96","1,57","6,19","0,40","6.487,00"
2017-04-13,"13,417","4,96","1,57","6,19","0,40","6.487,00"
2017-04-18,"13,120","4,96","1,57","6,19","0,40","6.487,00"
2017-04-19,"13,111","4,96","1,57","6,19","0,40","6.487,00"
2017-04-20,"13,134","4,96","1,57","6,19","0,40","6.487,00"
2017-04-21,"13,029","4,96","1,57","6,19","0,40","6.487,00"
2017-04-24,"13,376","4,96","1,57","6,19","0,40","6.487,00"
2017-04-25,"13,467","4,96","1,57","6,19","0,40","6.487,00"
2017-04-26,"13,503","4,96","1,57","6,19","0,40","6.487,00"
2017-04-27,"13,271","4,96","1,57","6,19","0,40","6.487,00"
2017-04-28,"13,248","4,96","1,57","6,19","0,40","6.487,00"
2017-05-02,"13,335","4,96","1,57","6,19","0,40","6.487,00"
2017-05-03,"13,271","4,96","1,57","6,19","0,40","6.487,00"
2017-05-04,"13,189","4,96","1,57","6,19","0,40","6.487,00"
2017-05-05,"13,298","4,96","1,57","6,19","0,40","6.487,00"
2017-05-08,"13,316","4,96","1,57","6,19","0,40","6.487,00"
2017-05-09,"13,357","4,96","1,57","6,19","0,40","6.487,00"
2017-05-10,"13,435","4,96","1,57","6,19","0,40","6.487,00"
2017-05-11,"13,376","4,96","1,57","6,19","0,40","6.487,00"
2017-05-12,"13,344","4,96","1,57","6,19","0,40","6.487,00"
2017-05-15,"13,489","4,96","1,57","6,19","0,40","6.487,00"
2017-05-16,"13,654","4,96","1,57","6,19","0,40","6.487,00"
2017-05-17,"13,489","4,96","1,57","6,19","0,40","6.487,00"
2017-05-18,"13,348","4,96","1,57","6,19","0,40","6.487,00"
2017-05-19,"13,161","4,96","1,57","6,19","0,40","6.487,00"
2017-05-22,"13,166","4,96","1,57","6,19","0,40","6.487,00"
2017-05-23,"13,379","4,96","1,57","6,19","0,40","6.487,00"
2017-05-24,"13,370","4,96","1,57","6,19","0,40","6.487,00"
2017-05-25,"13,357","4,96","1,57","6,19","0,40","6.487,00"
2017-05-26,"13,263","4,96","1,57","6,19","0,40","6.487,00"
2017-05-29,"13,312","4,96","1,57","6,19","0,40","6.487,00"
2017-05-30,"13,303","4,96","1,57","6,19","0,40","6.487,00"
2017-05-31,"13,228","4,96","1,57","6,19","0,40","6.487,00"
2017-06-01,"13,294","4,96","1,57","6,19","0,40","6.487,00"
2017-06-02,"13,144","4,96","1,57","6,19","0,40","6.487,00"
2017-06-05,"13,175","4,96","1,57","6,19","0,40","6.487,00"
2017-06-06,"13,210","4,96","1,57","6,19","0,40","6.487,00"
2017-06-07,"13,197","4,96","1,57","6,19","0,40","6.487,00"
2017-06-08,"13,175","4,96","1,57","6,19","0,40","6.487,00"
2017-06-09,"13,153","4,96","1,57","6,19","0,40","6.487,00"
2017-06-12,"13,036","4,96","1,57","6,19","0,40","6.487,00"
2017-06-13,"13,036","4,96","1,57","6,19","0,40","6.487,00"
2017-06-14,"12,796","4,96","1,57","6,19","0,40","6.487,00"
2017-06-15,"12,529","4,96","1,57","6,19","0,40","6.487,00"
2017-06-16,"12,579","4,96","1,57","6,19","0,40","6.487,00"
2017-06-19,"12,742","4,96","1,57","6,19","0,40","6.487,00"
2017-06-20,"12,465","4,96","1,57","6,19","0,40","6.487,00"
2017-06-21,"12,416","4,96","1,57","6,19","0,40","6.487,00"
2017-06-22,"12,302","4,96","1,57","6,19","0,40","6.487,00"
2017-06-23,"12,248","4,96","1,57","6,19","0,40","6.487,00"
2017-06-26,"12,289","4,96","1,57","6,19","0,40","6.487,00"
2017-06-27,"12,320","4,96","1,57","6,19","0,40","6.487,00"
2017-06-28,"12,366","4,96","1,57","6,19","0,40","6.487,00"
2017-06-29,"12,244","4,96","1,57","6,19","0,40","6.487,00"
2017-06-30,"12,130","4,96","1,57","6,19","0,40","6.487,00"
2017-07-03,"12,461","4,96","1,57","6,19","0,40","6.487,00"
2017-07-04,"12,483","4,96","1,57","6,19","0,40","6.487,00"
2017-07-05,"12,271","4,96","1,57","6,19","0,40","6.487,00"
2017-07-06,"12,307","4,96","1,57","6,19","0,40","6.487,00"
2017-07-07,"12,167","4,96","1,57","6,19","0,40","6.487,00"
2017-07-10,"12,198","4,96","1,57","6,19","0,40","6.487,00"
2017-07-11,"12,198","4,96","1,57","6,19","0,40","6.487,00"
2017-07-12,"12,320","4,96","1,57","6,19","0,40","6.487,00"
2017-07-13,"12,520","4,96","1,57","6,19","0,40","6.487,00"
2017-07-14,"12,592","4,96","1,57","6,19","0,40","6.487,00"
2017-07-17,"12,551","4,96","1,57","6,19","0,40","6.487,00"
2017-07-18,"12,402","4,96","1,57","6,19","0,40","6.487,00"
2017-07-19,"12,483","4,96","1,57","6,19","0,40","6.487,00"
2017-07-20,"12,533","4,96","1,57","6,19","0,40","6.487,00"
2017-07-21,"12,398","4,96","1,57","6,19","0,40","6.487,00"
2017-07-24,"12,348","4,96","1,57","6,19","0,40","6.487,00"
2017-07-25,"12,569","4,96","1,57","6,19","0,40","6.487,00"
2017-07-26,"12,674","4,96","1,57","6,19","0,40","6.487,00"
2017-07-27,"12,764","4,96","1,57","6,19","0,40","6.487,00"
2017-07-28,"12,800","4,96","1,57","6,19","0,40","6.487,00"
2017-07-31,"12,818","4,96","1,57","6,19","0,40","6.487,00"
2017-08-01,"13,008","4,96","1,57","6,19","0,40","6.487,00"
2017-08-02,"13,027","4,96","1,57","6,19","0,40","6.487,00"
2017-08-03,"13,045","4,96","1,57","6,19","0,40","6.487,00"
2017-08-04,"13,171","4,96","1,57","6,19","0,40","6.487,00"
2017-08-07,"13,181","4,96","1,57","6,19","0,40","6.487,00"
2017-08-08,"13,217","4,96","1,57","6,19","0,40","6.487,00"
2017-08-09,"13,063","4,96","1,57","6,19","0,40","6.487,00"
2017-08-10,"12,959","4,96","1,57","6,19","0,40","6.487,00"
2017-08-11,"12,714","4,96","1,57","6,19","0,40","6.487,00"
2017-08-14,"12,836","4,96","1,57","6,19","0,40","6.487,00"
2017-08-15,"12,787","4,96","1,57","6,19","0,40","6.487,00"
2017-08-16,"12,904","4,96","1,57","6,19","0,40","6.487,00"
2017-08-17,"12,791","4,96","1,57","6,19","0,40","6.487,00"
2017-08-18,"12,723","4,96","1,57","6,19","0,40","6.487,00"
2017-08-21,"12,728","4,96","1,57","6,19","0,40","6.487,00"
2017-08-22,"12,828","4,96","1,57","6,19","0,40","6.487,00"
2017-08-23,"12,800","4,96","1,57","6,19","0,40","6.487,00"
2017-08-24,"12,791","4,96","1,57","6,19","0,40","6.487,00"
2017-08-25,"12,773","4,96","1,57","6,19","0,40","6.487,00"
2017-08-28,"12,710","4,96","1,57","6,19","0,40","6.487,00"
2017-08-29,"12,637","4,96","1,57","6,19","0,40","6.487,00"
2017-08-30,"12,841","4,96","1,57","6,19","0,40","6.487,00"
2017-08-31,"13,063","4,96","1,57","6,19","0,40","6.487,00"
2017-09-01,"13,153","4,96","1,57","6,19","0,40","6.487,00"
2017-09-04,"13,076","4,96","1,57","6,19","0,40","6.487,00"
2017-09-05,"13,316","4,96","1,57","6,19","0,40","6.487,00"
2017-09-06,"13,316","4,96","1,57","6,19","0,40","6.487,00"
2017-09-07,"13,262","4,96","1,57","6,19","0,40","6.487,00"
2017-09-08,"13,162","4,96","1,57","6,19","0,40","6.487,00"
2017-09-11,"13,375","4,96","1,57","6,19","0,40","6.487,00"
2017-09-12,"13,448","4,96","1,57","6,19","0,40","6.487,00"
2017-09-13,"13,588","4,96","1,57","6,19","0,40","6.487,00"
2017-09-14,"13,733","4,96","1,57","6,19","0,40","6.487,00"
2017-09-15,"13,597","4,96","1,57","6,19","0,40","6.487,00"
2017-09-18,"13,669","4,96","1,57","6,19","0,40","6.487,00"
2017-09-19,"13,814","4,96","1,57","6,19","0,40","6.487,00"
2017-09-20,"13,891","4,96","1,57","6,19","0,40","6.487,00"
2017-09-21,"13,932","4,96","1,57","6,19","0,40","6.487,00"
2017-09-22,"14,000","4,96","1,57","6,19","0,40","6.487,00"
2017-09-25,"14,122","4,96","1,57","6,19","0,40","6.487,00"
2017-09-26,"14,063","4,96","1,57","6,19","0,40","6.487,00"
2017-09-27,"14,104","4,96","1,57","6,19","0,40","6.487,00"
2017-09-28,"14,013","4,96","1,57","6,19","0,40","6.487,00"
2017-09-29,"14,113","4,96","1,57","6,19","0,40","6.487,00"
2017-10-02,"14,031","4,96","1,57","6,19","0,40","6.487,00"
2017-10-03,"14,036","4,96","1,57","6,19","0,40","6.487,00"
2017-10-04,"13,688","4,96","1,57","6,19","0,40","6.487,00"
2017-10-05,"13,868","4,96","1,57","6,19","0,40","6.487,00"
2017-10-06,"13,828","4,96","1,57","6,19","0,40","6.487,00"
2017-10-09,"13,828","4,96","1,57","6,19","0,40","6.487,00"
2017-10-10,"13,832","4,96","1,57","6,19","0,40","6.487,00"
2017-10-11,"13,941","4,96","1,57","6,19","0,40","6.487,00"
2017-10-12,"13,896","4,96","1,57","6,19","0,40","6.487,00"
2017-10-13,"13,982","4,96","1,57","6,19","0,40","6.487,00"
2017-10-16,"13,932","4,96","1,57","6,19","0,40","6.487,00"
2017-10-17,"13,900","4,96","1,57","6,19","0,40","6.487,00"
2017-10-18,"13,837","4,96","1,57","6,19","0,40","6.487,00"
2017-10-19,"13,837","4,96","1,57","6,19","0,40","6.487,00"
2017-10-20,"13,841","4,96","1,57","6,19","0,40","6.487,00"
2017-10-23,"13,828","4,96","1,57","6,19","0,40","6.487,00"
2017-10-24,"13,995","4,96","1,57","6,19","0,40","6.487,00"
2017-10-25,"13,868","4,96","1,57","6,19","0,40","6.487,00"
2017-10-26,"14,000","4,96","1,57","6,19","0,40","6.487,00"
2017-10-27,"14,072","4,96","1,57","6,19","0,40","6.487,00"
2017-10-30,"14,475","4,96","1,57","6,19","0,40","6.487,00"
2017-10-31,"14,561","4,96","1,57","6,19","0,40","6.487,00"
2017-11-01,"14,624","4,96","1,57","6,19","0,40","6.487,00"
2017-11-02,"14,624","4,96","1,57","6,19","0,40","6.487,00"
2017-11-03,"14,407","4,96","1,57","6,19","0,40","6.487,00"
2017-11-06,"14,330","4,96","1,57","6,19","0,40","6.487,00"
2017-11-07,"14,430","4,96","1,57","6,19","0,40","6.487,00"
2017-11-08,"14,357","4,96","1,57","6,19","0,40","6.487,00"
2017-11-09,"14,344","4,96","1,57","6,19","0,40","6.487,00"
2017-11-10,"14,353","4,96","1,57","6,19","0,40","6.487,00"
2017-11-13,"14,253","4,96","1,57","6,19","0,40","6.487,00"
2017-11-14,"14,022","4,96","1,57","6,19","0,40","6.487,00"
2017-11-15,"13,588","4,96","1,57","6,19","0,40","6.487,00"
2017-11-16,"13,475","4,96","1,57","6,19","0,40","6.487,00"
2017-11-17,"13,497","4,96","1,57","6,19","0,40","6.487,00"
2017-11-20,"13,583","4,96","1,57","6,19","0,40","6.487,00"
2017-11-21,"13,624","4,96","1,57","6,19","0,40","6.487,00"
2017-11-22,"13,719","4,96","1,57","6,19","0,40","6.487,00"
2017-11-23,"13,683","4,96","1,57","6,19","0,40","6.487,00"
2017-11-24,"13,592","4,96","1,57","6,19","0,40","6.487,00"
2017-11-27,"13,565","4,96","1,57","6,19","0,40","6.487,00"
2017-11-28,"13,819","4,96","1,57","6,19","0,40","6.487,00"
2017-11-29,"13,959","4,96","1,57","6,19","0,40","6.487,00"
2017-11-30,"13,959","4,96","1,57","6,19","0,40","6.487,00"
2017-12-01,"13,891","4,96","1,57","6,19","0,40","6.487,00"
2017-12-04,"14,108","4,96","1,57","6,19","0,40","6.487,00"
2017-12-05,"14,199","4,96","1,57","6,19","0,40","6.487,00"
2017-12-06,"14,031","4,96","1,57","6,19","0,40","6.487,00"
2017-12-07,"14,022","4,96","1,57","6,19","0,40","6.487,00"
2017-12-08,"14,009","4,96","1,57","6,19","0,40","6.487,00"
2017-12-11,"13,914","4,96","1,57","6,19","0,40","6.487,00"
2017-12-12,"13,941","4,96","1,57","6,19","0,40","6.487,00"
2017-12-13,"13,868","4,96","1,57","6,19","0,40","6.487,00"
2017-12-14,"13,914","4,96","1,57","6,19","0,40","6.487,00"
2017-12-15,"13,719","4,96","1,57","6,19","0,40","6.487,00"
2017-12-18,"13,842","4,96","1,57","6,19","0,40","6.487,00"
2017-12-19,"13,883","4,96","1,57","6,19","0,40","6.487,00"
2017-12-20,"13,870","4,96","1,57","6,19","0,40","6.487,00"
2017-12-21,"13,879","4,96","1,57","6,19","0,40","6.487,00"
2017-12-22,"13,874","4,96","1,57","6,19","0,40","6.487,00"
2017-12-27,"13,842","4,96","1,57","6,19","0,40","6.487,00"
2017-12-28,"13,870","4,96","1,57","6,19","0,40","6.487,00"
2017-12-29,"13,602","4,96","1,57","6,19","0,40","6.487,00"
2018-01-02,"13,828","5,33","1,46","6,98","0,40","7.173,00"
2018-01-03,"14,137","5,33","1,46","6,98","0,40","7.173,00"
2018-01-04,"14,511","5,33","1,46","6,98","0,40","7.173,00"
2018-01-05,"14,543","5,33","1,46","6,98","0,40","7.173,00"
2018-01-08,"14,552","5,33","1,46","6,98","0,40","7.173,00"
2018-01-09,"14,571","5,33","1,46","6,98","0,40","7.173,00"
2018-01-10,"14,511","5,33","1,46","6,98","0,40","7.173,00"
2018-01-11,"14,631","5,33","1,46","6,98","0,40","7.173,00"
2018-01-12,"14,686","5,33","1,46","6,98","0,40","7.173,00"
2018-01-15,"14,704","5,33","1,46","6,98","0,40","7.173,00"
2018-01-16,"14,566","5,33","1,46","6,98","0,40","7.173,00"
2018-01-17,"14,451","5,33","1,46","6,98","0,40","7.173,00"
2018-01-18,"14,529","5,33","1,46","6,98","0,40","7.173,00"
2018-01-19,"14,372","5,33","1,46","6,98","0,40","7.173,00"
2018-01-22,"14,640","5,33","1,46","6,98","0,40","7.173,00"
2018-01-23,"14,594","5,33","1,46","6,98","0,40","7.173,00"
2018-01-24,"14,594","5,33","1,46","6,98","0,40","7.173,00"
2018-01-25,"14,502","5,33","1,46","6,98","0,40","7.173,00"
2018-01-26,"14,312","5,33","1,46","6,98","0,40","7.173,00"
2018-01-29,"14,252","5,33","1,46","6,98","0,40","7.173,00"
2018-01-30,"13,957","5,33","1,46","6,98","0,40","7.173,00"
2018-01-31,"13,980","5,33","1,46","6,98","0,40","7.173,00"
2018-02-01,"14,114","5,33","1,46","6,98","0,40","7.173,00"
2018-02-02,"13,874","5,33","1,46","6,98","0,40","7.173,00"
2018-02-05,"13,671","5,33","1,46","6,98","0,40","7.173,00"
2018-02-06,"13,265","5,33","1,46","6,98","0,40","7.173,00"
2018-02-07,"13,533","5,33","1,46","6,98","0,40","7.173,00"
2018-02-08,"13,081","5,33","1,46","6,98","0,40","7.173,00"
2018-02-09,"12,883","5,33","1,46","6,98","0,40","7.173,00"
2018-02-12,"12,975","5,33","1,46","6,98","0,40","7.173,00"
2018-02-13,"12,887","5,33","1,46","6,98","0,40","7.173,00"
2018-02-14,"12,753","5,33","1,46","6,98","0,40","7.173,00"
2018-02-15,"12,684","5,33","1,46","6,98","0,40","7.173,00"
2018-02-16,"12,813","5,33","1,46","6,98","0,40","7.173,00"
2018-02-19,"12,873","5,33","1,46","6,98","0,40","7.173,00"
2018-02-20,"13,025","5,33","1,46","6,98","0,40","7.173,00"
2018-02-21,"12,929","5,33","1,46","6,98","0,40","7.173,00"
2018-02-22,"13,025","5,33","1,46","6,98","0,40","7.173,00"
2018-02-23,"13,058","5,33","1,46","6,98","0,40","7.173,00"
2018-02-26,"13,164","5,33","1,46","6,98","0,40","7.173,00"
2018-02-27,"13,108","5,33","1,46","6,98","0,40","7.173,00"
2018-02-28,"13,565","5,33","1,46","6,98","0,40","7.173,00"
2018-03-01,"13,376","5,33","1,46","6,98","0,40","7.173,00"
2018-03-02,"12,915","5,33","1,46","6,98","0,40","7.173,00"
2018-03-05,"13,021","5,33","1,46","6,98","0,40","7.173,00"
2018-03-06,"13,136","5,33","1,46","6,98","0,40","7.173,00"
2018-03-07,"12,896","5,33","1,46","6,98","0,40","7.173,00"
2018-03-08,"12,878","5,33","1,46","6,98","0,40","7.173,00"
2018-03-09,"13,012","5,33","1,46","6,98","0,40","7.173,00"
2018-03-12,"13,025","5,33","1,46","6,98","0,40","7.173,00"
2018-03-13,"13,030","5,33","1,46","6,98","0,40","7.173,00"
2018-03-14,"12,915","5,33","1,46","6,98","0,40","7.173,00"
2018-03-15,"12,878","5,33","1,46","6,98","0,40","7.173,00"
2018-03-16,"13,118","5,33","1,46","6,98","0,40","7.173,00"
2018-03-19,"12,721","5,33","1,46","6,98","0,40","7.173,00"
2018-03-20,"12,961","5,33","1,46","6,98","0,40","7.173,00"
2018-03-21,"13,150","5,33","1,46","6,98","0,40","7.173,00"
2018-03-22,"12,984","5,33","1,46","6,98","0,40","7.173,00"
2018-03-23,"12,943","5,33","1,46","6,98","0,40","7.173,00"
2018-03-26,"13,113","5,33","1,46","6,98","0,40","7.173,00"
2018-03-27,"13,265","5,33","1,46","6,98","0,40","7.173,00"
2018-03-28,"13,196","5,33","1,46","6,98","0,40","7.173,00"
2018-03-29,"13,298","5,33","1,46","6,98","0,40","7.173,00"
2018-04-03,"13,376","5,33","1,46","6,98","0,40","7.173,00"
2018-04-04,"13,510","5,33","1,46","6,98","0,40","7.173,00"
2018-04-05,"13,819","5,33","1,46","6,98","0,40","7.173,00"
2018-04-06,"13,842","5,33","1,46","6,98","0,40","7.173,00"
2018-04-09,"13,814","5,33","1,46","6,98","0,40","7.173,00"
2018-04-10,"14,109","5,33","1,46","6,98","0,40","7.173,00"
2018-04-11,"14,206","5,33","1,46","6,98","0,40","7.173,00"
2018-04-12,"14,322","5,33","1,46","6,98","0,40","7.173,00"
2018-04-13,"14,331","5,33","1,46","6,98","0,40","7.173,00"
2018-04-16,"14,220","5,33","1,46","6,98","0,40","7.173,00"
2018-04-17,"14,257","5,33","1,46","6,98","0,40","7.173,00"
2018-04-18,"14,524","5,33","1,46","6,98","0,40","7.173,00"
2018-04-19,"14,515","5,33","1,46","6,98","0,40","7.173,00"
2018-04-20,"14,506","5,33","1,46","6,98","0,40","7.173,00"
2018-04-23,"14,552","5,33","1,46","6,98","0,40","7.173,00"
2018-04-24,"14,737","5,33","1,46","6,98","0,40","7.173,00"
2018-04-25,"14,483","5,33","1,46","6,98","0,40","7.173,00"
2018-04-26,"14,580","5,33","1,46","6,98","0,40","7.173,00"
2018-04-27,"14,580","5,33","1,46","6,98","0,40","7.173,00"
2018-04-30,"14,621","5,33","1,46","6,98","0,40","7.173,00"
2018-05-02,"14,640","5,33","1,46","6,98","0,40","7.173,00"
2018-05-03,"14,668","5,33","1,46","6,98","0,40","7.173,00"
2018-05-04,"14,774","5,33","1,46","6,98","0,40","7.173,00"
2018-05-07,"14,986","5,33","1,46","6,98","0,40","7.173,00"
2018-05-08,"14,880","5,33","1,46","6,98","0,40","7.173,00"
2018-05-09,"15,258","5,33","1,46","6,98","0,40","7.173,00"
2018-05-10,"15,193","5,33","1,46","6,98","0,40","7.173,00"
2018-05-11,"15,350","5,33","1,46","6,98","0,40","7.173,00"
2018-05-14,"15,378","5,33","1,46","6,98","0,40","7.173,00"
2018-05-15,"15,442","5,33","1,46","6,98","0,40","7.173,00"
2018-05-16,"15,452","5,33","1,46","6,98","0,40","7.173,00"
2018-05-17,"15,765","5,33","1,46","6,98","0,40","7.173,00"
2018-05-18,"15,742","5,33","1,46","6,98","0,40","7.173,00"
2018-05-21,"15,811","5,33","1,46","6,98","0,40","7.173,00"
2018-05-22,"15,830","5,33","1,46","6,98","0,40","7.173,00"
2018-05-23,"15,138","5,33","1,46","6,98","0,40","7.173,00"
2018-05-24,"14,990","5,33","1,46","6,98","0,40","7.173,00"
2018-05-25,"14,538","5,33","1,46","6,98","0,40","7.173,00"
2018-05-28,"14,455","5,33","1,46","6,98","0,40","7.173,00"
2018-05-29,"14,437","5,33","1,46","6,98","0,40","7.173,00"
2018-05-30,"15,041","5,33","1,46","6,98","0,40","7.173,00"
2018-05-31,"15,041","5,33","1,46","6,98","0,40","7.173,00"
2018-06-01,"15,226","5,33","1,46","6,98","0,40","7.173,00"
2018-06-04,"15,180","5,33","1,46","6,98","0,40","7.173,00"
2018-06-05,"15,143","5,33","1,46","6,98","0,40","7.173,00"
2018-06-06,"15,595","5,33","1,46","6,98","0,40","7.173,00"
2018-06-07,"15,876","5,33","1,46","6,98","0,40","7.173,00"
2018-06-08,"15,714","5,33","1,46","6,98","0,40","7.173,00"
2018-06-11,"15,941","5,33","1,46","6,98","0,40","7.173,00"
2018-06-12,"15,784","5,33","1,46","6,98","0,40","7.173,00"
2018-06-13,"15,728","5,33","1,46","6,98","0,40","7.173,00"
2018-06-14,"15,885","5,33","1,46","6,98","0,40","7.173,00"
2018-06-15,"15,793","5,33","1,46","6,98","0,40","7.173,00"
2018-06-18,"15,780","5,33","1,46","6,98","0,40","7.173,00"
2018-06-19,"15,728","5,33","1,46","6,98","0,40","7.173,00"
2018-06-20,"15,472","5,33","1,46","6,98","0,40","7.173,00"
2018-06-21,"15,373","5,33","1,46","6,98","0,40","7.173,00"
2018-06-22,"15,799","5,33","1,46","6,98","0,40","7.173,00"
2018-06-25,"15,534","5,33","1,46","6,98","0,40","7.173,00"
2018-06-26,"15,623","5,33","1,46","6,98","0,40","7.173,00"
2018-06-27,"15,898","5,33","1,46","6,98","0,40","7.173,00"
2018-06-28,"15,964","5,33","1,46","6,98","0,40","7.173,00"
2018-06-29,"15,860","5,33","1,46","6,98","0,40","7.173,00"
2018-07-02,"15,780","5,33","1,46","6,98","0,40","7.173,00"
2018-07-03,"15,950","5,33","1,46","6,98","0,40","7.173,00"
2018-07-04,"16,011","5,33","1,46","6,98","0,40","7.173,00"
2018-07-05,"16,323","5,33","1,46","6,98","0,40","7.173,00"
2018-07-06,"16,234","5,33","1,46","6,98","0,40","7.173,00"
2018-07-09,"16,338","5,33","1,46","6,98","0,40","7.173,00"
2018-07-10,"16,352","5,33","1,46","6,98","0,40","7.173,00"
2018-07-11,"16,092","5,33","1,46","6,98","0,40","7.173,00"
2018-07-12,"16,044","5,33","1,46","6,98","0,40","7.173,00"
2018-07-13,"16,068","5,33","1,46","6,98","0,40","7.173,00"
2018-07-16,"15,893","5,33","1,46","6,98","0,40","7.173,00"
2018-07-17,"15,912","5,33","1,46","6,98","0,40","7.173,00"
2018-07-18,"15,846","5,33","1,46","6,98","0,40","7.173,00"
2018-07-19,"16,035","5,33","1,46","6,98","0,40","7.173,00"
2018-07-20,"15,945","5,33","1,46","6,98","0,40","7.173,00"
2018-07-23,"15,950","5,33","1,46","6,98","0,40","7.173,00"
2018-07-24,"15,940","5,33","1,46","6,98","0,40","7.173,00"
2018-07-25,"15,860","5,33","1,46","6,98","0,40","7.173,00"
2018-07-26,"15,803","5,33","1,46","6,98","0,40","7.173,00"
2018-07-27,"15,884","5,33","1,46","6,98","0,40","7.173,00"
2018-07-30,"15,988","5,33","1,46","6,98","0,40","7.173,00"
2018-07-31,"16,059","5,33","1,46","6,98","0,40","7.173,00"
2018-08-01,"15,992","5,33","1,46","6,98","0,40","7.173,00"
2018-08-02,"15,973","5,33","1,46","6,98","0,40","7.173,00"
2018-08-03,"16,073","5,33","1,46","6,98","0,40","7.173,00"
2018-08-06,"16,063","5,33","1,46","6,98","0,40","7.173,00"
2018-08-07,"16,153","5,33","1,46","6,98","0,40","7.173,00"
2018-08-08,"16,148","5,33","1,46","6,98","0,40","7.173,00"
2018-08-09,"16,087","5,33","1,46","6,98","0,40","7.173,00"
2018-08-10,"15,940","5,33","1,46","6,98","0,40","7.173,00"
2018-08-13,"15,808","5,33","1,46","6,98","0,40","7.173,00"
2018-08-14,"15,657","5,33","1,46","6,98","0,40","7.173,00"
2018-08-15,"15,311","5,33","1,46","6,98","0,40","7.173,00"
2018-08-16,"15,368","5,33","1,46","6,98","0,40","7.173,00"
2018-08-17,"15,335","5,33","1,46","6,98","0,40","7.173,00"
2018-08-20,"15,420","5,33","1,46","6,98","0,40","7.173,00"
2018-08-21,"15,538","5,33","1,46","6,98","0,40","7.173,00"
2018-08-22,"15,623","5,33","1,46","6,98","0,40","7.173,00"
2018-08-23,"15,529","5,33","1,46","6,98","0,40","7.173,00"
2018-08-24,"15,609","5,33","1,46","6,98","0,40","7.173,00"
2018-08-27,"15,657","5,33","1,46","6,98","0,40","7.173,00"
2018-08-28,"15,704","5,33","1,46","6,98","0,40","7.173,00"
2018-08-29,"15,737","5,33","1,46","6,98","0,40","7.173,00"
2018-08-30,"15,770","5,33","1,46","6,98","0,40","7.173,00"
2018-08-31,"15,671","5,33","1,46","6,98","0,40","7.173,00"
2018-09-03,"15,784","5,33","1,46","6,98","0,40","7.173,00"
2018-09-04,"15,988","5,33","1,46","6,98","0,40","7.173,00"
2018-09-05,"15,642","5,33","1,46","6,98","0,40","7.173,00"
2018-09-06,"15,448","5,33","1,46","6,98","0,40","7.173,00"
2018-09-07,"15,477","5,33","1,46","6,98","0,40","7.173,00"
2018-09-10,"15,534","5,33","1,46","6,98","0,40","7.173,00"
2018-09-11,"15,841","5,33","1,46","6,98","0,40","7.173,00"
2018-09-12,"16,201","5,33","1,46","6,98","0,40","7.173,00"
2018-09-13,"16,063","5,33","1,46","6,98","0,40","7.173,00"
2018-09-14,"16,035","5,33","1,46","6,98","0,40","7.173,00"
2018-09-17,"16,016","5,33","1,46","6,98","0,40","7.173,00"
2018-09-18,"16,082","5,33","1,46","6,98","0,40","7.173,00"
2018-09-19,"16,082","5,33","1,46","6,98","0,40","7.173,00"
2018-09-20,"15,973","5,33","1,46","6,98","0,40","7.173,00"
2018-09-21,"15,590","5,33","1,46","6,98","0,40","7.173,00"
2018-09-24,"15,874","5,33","1,46","6,98","0,40","7.173,00"
2018-09-25,"16,111","5,33","1,46","6,98","0,40","7.173,00"
2018-09-26,"16,224","5,33","1,46","6,98","0,40","7.173,00"
2018-09-27,"16,271","5,33","1,46","6,98","0,40","7.173,00"
2018-09-28,"16,238","5,33","1,46","6,98","0,40","7.173,00"
2018-10-01,"16,305","5,33","1,46","6,98","0,40","7.173,00"
2018-10-02,"16,271","5,33","1,46","6,98","0,40","7.173,00"
2018-10-03,"16,229","5,33","1,46","6,98","0,40","7.173,00"
2018-10-04,"16,229","5,33","1,46","6,98","0,40","7.173,00"
2018-10-05,"16,106","5,33","1,46","6,98","0,40","7.173,00"
2018-10-08,"15,907","5,33","1,46","6,98","0,40","7.173,00"
2018-10-09,"16,120","5,33","1,46","6,98","0,40","7.173,00"
2018-10-10,"16,153","5,33","1,46","6,98","0,40","7.173,00"
2018-10-11,"15,553","5,33","1,46","6,98","0,40","7.173,00"
2018-10-12,"15,439","5,33","1,46","6,98","0,40","7.173,00"
2018-10-15,"15,496","5,33","1,46","6,98","0,40","7.173,00"
2018-10-16,"15,519","5,33","1,46","6,98","0,40","7.173,00"
2018-10-17,"15,401","5,33","1,46","6,98","0,40","7.173,00"
2018-10-18,"15,368","5,33","1,46","6,98","0,40","7.173,00"
2018-10-19,"15,150","5,33","1,46","6,98","0,40","7.173,00"
2018-10-22,"15,070","5,33","1,46","6,98","0,40","7.173,00"
2018-10-23,"14,663","5,33","1,46","6,98","0,40","7.173,00"
2018-10-24,"14,446","5,33","1,46","6,98","0,40","7.173,00"
2018-10-25,"14,238","5,33","1,46","6,98","0,40","7.173,00"
2018-10-26,"14,290","5,33","1,46","6,98","0,40","7.173,00"
2018-10-29,"14,384","5,33","1,46","6,98","0,40","7.173,00"
2018-10-30,"14,346","5,33","1,46","6,98","0,40","7.173,00"
2018-10-31,"14,971","5,33","1,46","6,98","0,40","7.173,00"
2018-11-01,"14,720","5,33","1,46","6,98","0,40","7.173,00"
2018-11-02,"14,758","5,33","1,46","6,98","0,40","7.173,00"
2018-11-05,"14,857","5,33","1,46","6,98","0,40","7.173,00"
2018-11-06,"14,791","5,33","1,46","6,98","0,40","7.173,00"
2018-11-07,"14,919","5,33","1,46","6,98","0,40","7.173,00"
2018-11-08,"14,971","5,33","1,46","6,98","0,40","7.173,00"
2018-11-09,"14,994","5,33","1,46","6,98","0,40","7.173,00"
2018-11-12,"14,947","5,33","1,46","6,98","0,40","7.173,00"
2018-11-13,"14,819","5,33","1,46","6,98","0,40","7.173,00"
2018-11-14,"14,668","5,33","1,46","6,98","0,40","7.173,00"
2018-11-15,"14,848","5,33","1,46","6,98","0,40","7.173,00"
2018-11-16,"14,810","5,33","1,46","6,98","0,40","7.173,00"
2018-11-19,"14,767","5,33","1,46","6,98","0,40","7.173,00"
2018-11-20,"14,460","5,33","1,46","6,98","0,40","7.173,00"
2018-11-21,"14,663","5,33","1,46","6,98","0,40","7.173,00"
2018-11-22,"14,436","5,33","1,46","6,98","0,40","7.173,00"
2018-11-23,"14,058","5,33","1,46","6,98","0,40","7.173,00"
2018-11-26,"14,332","5,33","1,46","6,98","0,40","7.173,00"
2018-11-27,"14,157","5,33","1,46","6,98","0,40","7.173,00"
2018-11-28,"14,039","5,33","1,46","6,98","0,40","7.173,00"
2018-11-29,"14,323","5,33","1,46","6,98","0,40","7.173,00"
2018-11-30,"14,427","5,33","1,46","6,98","0,40","7.173,00"
2018-12-03,"14,474","5,33","1,46","6,98","0,40","7.173,00"
2018-12-04,"14,474","5,33","1,46","6,98","0,40","7.173,00"
2018-12-05,"14,242","5,33","1,46","6,98","0,40","7.173,00"
2018-12-06,"13,542","5,33","1,46","6,98","0,40","7.173,00"
2018-12-07,"13,987","5,33","1,46","6,98","0,40","7.173,00"
2018-12-10,"13,623","5,33","1,46","6,98","0,40","7.173,00"
2018-12-11,"13,821","5,33","1,46","6,98","0,40","7.173,00"
2018-12-12,"13,968","5,33","1,46","6,98","0,40","7.173,00"
2018-12-13,"14,124","5,33","1,46","6,98","0,40","7.173,00"
2018-12-14,"13,992","5,33","1,46","6,98","0,40","7.173,00"
2018-12-17,"13,916","5,33","1,46","6,98","0,40","7.173,00"
2018-12-18,"13,779","5,33","1,46","6,98","0,40","7.173,00"
2018-12-19,"13,873","5,33","1,46","6,98","0,40","7.173,00"
2018-12-20,"13,542","5,33","1,46","6,98","0,40","7.173,00"
2018-12-21,"13,594","5,33","1,46","6,98","0,40","7.173,00"
2018-12-24,"13,483","5,33","1,46","6,98","0,40","7.173,00"
2018-12-27,"13,261","5,33","1,46","6,98","0,40","7.173,00"
2018-12-28,"13,677","5,33","1,46","6,98","0,40","7.173,00"
2018-12-31,"13,595","5,33","1,46","6,98","0,40","7.173,00"
2019-01-02,"13,744","5,80","1,34","6,87","0,48","7.201,00"
2019-01-03,"13,763","5,80","1,34","6,87","0,48","7.201,00"
2019-01-04,"14,092","5,80","1,34","6,87","0,48","7.201,00"
2019-01-07,"13,976","5,80","1,34","6,87","0,48","7.201,00"
2019-01-08,"13,990","5,80","1,34","6,87","0,48","7.201,00"
2019-01-09,"14,188","5,80","1,34","6,87","0,48","7.201,00"
2019-01-10,"14,265","5,80","1,34","6,87","0,48","7.201,00"
2019-01-11,"14,241","5,80","1,34","6,87","0,48","7.201,00"
2019-01-14,"14,164","5,80","1,34","6,87","0,48","7.201,00"
2019-01-15,"14,135","5,80","1,34","6,87","0,48","7.201,00"
2019-01-16,"14,145","5,80","1,34","6,87","0,48","7.201,00"
2019-01-17,"14,246","5,80","1,34","6,87","0,48","7.201,00"
2019-01-18,"14,483","5,80","1,34","6,87","0,48","7.201,00"
2019-01-21,"14,290","5,80","1,34","6,87","0,48","7.201,00"
2019-01-22,"14,319","5,80","1,34","6,87","0,48","7.201,00"
2019-01-23,"14,265","5,80","1,34","6,87","0,48","7.201,00"
2019-01-24,"14,531","5,80","1,34","6,87","0,48","7.201,00"
2019-01-25,"14,526","5,80","1,34","6,87","0,48","7.201,00"
2019-01-28,"14,261","5,80","1,34","6,87","0,48","7.201,00"
2019-01-29,"14,492","5,80","1,34","6,87","0,48","7.201,00"
2019-01-30,"14,603","5,80","1,34","6,87","0,48","7.201,00"
2019-01-31,"14,801","5,80","1,34","6,87","0,48","7.201,00"
2019-02-01,"14,743","5,80","1,34","6,87","0,48","7.201,00"
2019-02-04,"14,705","5,80","1,34","6,87","0,48","7.201,00"
2019-02-05,"14,874","5,80","1,34","6,87","0,48","7.201,00"
2019-02-06,"14,840","5,80","1,34","6,87","0,48","7.201,00"
2019-02-07,"14,507","5,80","1,34","6,87","0,48","7.201,00"
2019-02-08,"14,348","5,80","1,34","6,87","0,48","7.201,00"
2019-02-11,"14,372","5,80","1,34","6,87","0,48","7.201,00"
2019-02-12,"14,492","5,80","1,34","6,87","0,48","7.201,00"
2019-02-13,"14,565","5,80","1,34","6,87","0,48","7.201,00"
2019-02-14,"14,478","5,80","1,34","6,87","0,48","7.201,00"
2019-02-15,"14,647","5,80","1,34","6,87","0,48","7.201,00"
2019-02-18,"14,671","5,80","1,34","6,87","0,48","7.201,00"
2019-02-19,"14,589","5,80","1,34","6,87","0,48","7.201,00"
2019-02-20,"14,681","5,80","1,34","6,87","0,48","7.201,00"
2019-02-21,"14,666","5,80","1,34","6,87","0,48","7.201,00"
2019-02-22,"14,632","5,80","1,34","6,87","0,48","7.201,00"
2019-02-25,"14,502","5,80","1,34","6,87","0,48","7.201,00"
2019-02-26,"14,608","5,80","1,34","6,87","0,48","7.201,00"
2019-02-27,"14,628","5,80","1,34","6,87","0,48","7.201,00"
2019-02-28,"14,603","5,80","1,34","6,87","0,48","7.201,00"
2019-03-01,"14,594","5,80","1,34","6,87","0,48","7.201,00"
2019-03-04,"14,579","5,80","1,34","6,87","0,48","7.201,00"
2019-03-05,"14,565","5,80","1,34","6,87","0,48","7.201,00"
2019-03-06,"14,579","5,80","1,34","6,87","0,48","7.201,00"
2019-03-07,"14,546","5,80","1,34","6,87","0,48","7.201,00"
2019-03-08,"14,246","5,80","1,34","6,87","0,48","7.201,00"
2019-03-11,"14,343","5,80","1,34","6,87","0,48","7.201,00"
2019-03-12,"14,280","5,80","1,34","6,87","0,48","7.201,00"
2019-03-13,"14,468","5,80","1,34","6,87","0,48","7.201,00"
2019-03-14,"14,492","5,80","1,34","6,87","0,48","7.201,00"
2019-03-15,"14,483","5,80","1,34","6,87","0,48","7.201,00"
2019-03-18,"14,830","5,80","1,34","6,87","0,48","7.201,00"
2019-03-19,"14,980","5,80","1,34","6,87","0,48","7.201,00"
2019-03-20,"14,941","5,80","1,34","6,87","0,48","7.201,00"
2019-03-21,"14,932","5,80","1,34","6,87","0,48","7.201,00"
2019-03-22,"14,685","5,80","1,34","6,87","0,48","7.201,00"
2019-03-25,"14,575","5,80","1,34","6,87","0,48","7.201,00"
2019-03-26,"14,628","5,80","1,34","6,87","0,48","7.201,00"
2019-03-27,"14,739","5,80","1,34","6,87","0,48","7.201,00"
2019-03-28,"14,618","5,80","1,34","6,87","0,48","7.201,00"
2019-03-29,"14,734","5,80","1,34","6,87","0,48","7.201,00"
2019-04-01,"14,850","5,80","1,34","6,87","0,48","7.201,00"
2019-04-02,"14,845","5,80","1,34","6,87","0,48","7.201,00"
2019-04-03,"14,903","5,80","1,34","6,87","0,48","7.201,00"
2019-04-04,"14,753","5,80","1,34","6,87","0,48","7.201,00"
2019-04-05,"14,811","5,80","1,34","6,87","0,48","7.201,00"
2019-04-08,"14,748","5,80","1,34","6,87","0,48","7.201,00"
2019-04-09,"14,531","5,80","1,34","6,87","0,48","7.201,00"
2019-04-10,"14,768","5,80","1,34","6,87","0,48","7.201,00"
2019-04-11,"14,603","5,80","1,34","6,87","0,48","7.201,00"
2019-04-12,"14,555","5,80","1,34","6,87","0,48","7.201,00"
2019-04-15,"14,478","5,80","1,34","6,87","0,48","7.201,00"
2019-04-16,"14,352","5,80","1,34","6,87","0,48","7.201,00"
2019-04-17,"14,517","5,80","1,34","6,87","0,48","7.201,00"
2019-04-18,"14,546","5,80","1,34","6,87","0,48","7.201,00"
2019-04-23,"14,661","5,80","1,34","6,87","0,48","7.201,00"
2019-04-24,"14,294","5,80","1,34","6,87","0,48","7.201,00"
2019-04-25,"14,377","5,80","1,34","6,87","0,48","7.201,00"
2019-04-26,"14,236","5,80","1,34","6,87","0,48","7.201,00"
2019-04-29,"14,236","5,80","1,34","6,87","0,48","7.201,00"
2019-04-30,"14,608","5,80","1,34","6,87","0,48","7.201,00"
2019-05-02,"14,314","5,80","1,34","6,87","0,48","7.201,00"
2019-05-03,"14,251","5,80","1,34","6,87","0,48","7.201,00"
2019-05-06,"14,130","5,80","1,34","6,87","0,48","7.201,00"
2019-05-07,"13,874","5,80","1,34","6,87","0,48","7.201,00"
2019-05-08,"13,923","5,80","1,34","6,87","0,48","7.201,00"
2019-05-09,"13,778","5,80","1,34","6,87","0,48","7.201,00"
2019-05-10,"13,792","5,80","1,34","6,87","0,48","7.201,00"
2019-05-13,"13,720","5,80","1,34","6,87","0,48","7.201,00"
2019-05-14,"13,923","5,80","1,34","6,87","0,48","7.201,00"
2019-05-15,"14,000","5,80","1,34","6,87","0,48","7.201,00"
2019-05-16,"14,179","5,80","1,34","6,87","0,48","7.201,00"
2019-05-17,"14,280","5,80","1,34","6,87","0,48","7.201,00"
2019-05-20,"14,367","5,80","1,34","6,87","0,48","7.201,00"
2019-05-21,"14,541","5,80","1,34","6,87","0,48","7.201,00"
2019-05-22,"14,444","5,80","1,34","6,87","0,48","7.201,00"
2019-05-23,"13,937","5,80","1,34","6,87","0,48","7.201,00"
2019-05-24,"14,014","5,80","1,34","6,87","0,48","7.201,00"
2019-05-27,"14,121","5,80","1,34","6,87","0,48","7.201,00"
2019-05-28,"14,179","5,80","1,34","6,87","0,48","7.201,00"
2019-05-29,"13,894","5,80","1,34","6,87","0,48","7.201,00"
2019-05-30,"14,077","5,80","1,34","6,87","0,48","7.201,00"
2019-05-31,"13,961","5,80","1,34","6,87","0,48","7.201,00"
2019-06-03,"13,986","5,80","1,34","6,87","0,48","7.201,00"
2019-06-04,"14,126","5,80","1,34","6,87","0,48","7.201,00"
2019-06-05,"14,034","5,80","1,34","6,87","0,48","7.201,00"
2019-06-06,"14,087","5,80","1,34","6,87","0,48","7.201,00"
2019-06-07,"14,155","5,80","1,34","6,87","0,48","7.201,00"
2019-06-10,"14,126","5,80","1,34","6,87","0,48","7.201,00"
2019-06-11,"14,164","5,80","1,34","6,87","0,48","7.201,00"
2019-06-12,"13,874","5,80","1,34","6,87","0,48","7.201,00"
2019-06-13,"13,899","5,80","1,34","6,87","0,48","7.201,00"
2019-06-14,"13,807","5,80","1,34","6,87","0,48","7.201,00"
2019-06-17,"13,635","5,80","1,34","6,87","0,48","7.201,00"
2019-06-18,"13,880","5,80","1,34","6,87","0,48","7.201,00"
2019-06-19,"13,695","5,80","1,34","6,87","0,48","7.201,00"
2019-06-20,"13,870","5,80","1,34","6,87","0,48","7.201,00"
2019-06-21,"14,075","5,80","1,34","6,87","0,48","7.201,00"
2019-06-24,"13,910","5,80","1,34","6,87","0,48","7.201,00"
2019-06-25,"13,770","5,80","1,34","6,87","0,48","7.201,00"
2019-06-26,"13,895","5,80","1,34","6,87","0,48","7.201,00"
2019-06-27,"13,710","5,80","1,34","6,87","0,48","7.201,00"
2019-06-28,"13,785","5,80","1,34","6,87","0,48","7.201,00"
2019-07-01,"14,095","5,80","1,34","6,87","0,48","7.201,00"
2019-07-02,"13,940","5,80","1,34","6,87","0,48","7.201,00"
2019-07-03,"13,775","5,80","1,34","6,87","0,48","7.201,00"
2019-07-04,"13,770","5,80","1,34","6,87","0,48","7.201,00"
2019-07-05,"13,740","5,80","1,34","6,87","0,48","7.201,00"
2019-07-08,"13,755","5,80","1,34","6,87","0,48","7.201,00"
2019-07-09,"13,695","5,80","1,34","6,87","0,48","7.201,00"
2019-07-10,"13,790","5,80","1,34","6,87","0,48","7.201,00"
2019-07-11,"13,845","5,80","1,34","6,87","0,48","7.201,00"
2019-07-12,"13,950","5,80","1,34","6,87","0,48","7.201,00"
2019-07-15,"13,920","5,80","1,34","6,87","0,48","7.201,00"
2019-07-16,"13,780","5,80","1,34","6,87","0,48","7.201,00"
2019-07-17,"13,495","5,80","1,34","6,87","0,48","7.201,00"
2019-07-18,"13,275","5,80","1,34","6,87","0,48","7.201,00"
2019-07-19,"13,305","5,80","1,34","6,87","0,48","7.201,00"
2019-07-22,"13,295","5,80","1,34","6,87","0,48","7.201,00"
2019-07-23,"13,480","5,80","1,34","6,87","0,48","7.201,00"
2019-07-24,"14,290","5,80","1,34","6,87","0,48","7.201,00"
2019-07-25,"14,540","5,80","1,34","6,87","0,48","7.201,00"
2019-07-26,"14,585","5,80","1,34","6,87","0,48","7.201,00"
2019-07-29,"14,570","5,80","1,34","6,87","0,48","7.201,00"
2019-07-30,"14,370","5,80","1,34","6,87","0,48","7.201,00"
2019-07-31,"14,385","5,80","1,34","6,87","0,48","7.201,00"
2019-08-01,"14,270","5,80","1,34","6,87","0,48","7.201,00"
2019-08-02,"13,815","5,80","1,34","6,87","0,48","7.201,00"
2019-08-05,"13,580","5,80","1,34","6,87","0,48","7.201,00"
2019-08-06,"13,405","5,80","1,34","6,87","0,48","7.201,00"
2019-08-07,"13,160","5,80","1,34","6,87","0,48","7.201,00"
2019-08-08,"13,230","5,80","1,34","6,87","0,48","7.201,00"
2019-08-09,"13,120","5,80","1,34","6,87","0,48","7.201,00"
2019-08-12,"12,955","5,80","1,34","6,87","0,48","7.201,00"
2019-08-13,"13,090","5,80","1,34","6,87","0,48","7.201,00"
2019-08-14,"12,700","5,80","1,34","6,87","0,48","7.201,00"
2019-08-15,"12,480","5,80","1,34","6,87","0,48","7.201,00"
2019-08-16,"12,475","5,80","1,34","6,87","0,48","7.201,00"
2019-08-19,"12,820","5,80","1,34","6,87","0,48","7.201,00"
2019-08-20,"12,555","5,80","1,34","6,87","0,48","7.201,00"
2019-08-21,"12,800","5,80","1,34","6,87","0,48","7.201,00"
2019-08-22,"12,785","5,80","1,34","6,87","0,48","7.201,00"
2019-08-23,"12,550","5,80","1,34","6,87","0,48","7.201,00"
2019-08-26,"12,595","5,80","1,34","6,87","0,48","7.201,00"
2019-08-27,"12,550","5,80","1,34","6,87","0,48","7.201,00"
2019-08-28,"12,880","5,80","1,34","6,87","0,48","7.201,00"
2019-08-29,"13,065","5,80","1,34","6,87","0,48","7.201,00"
2019-08-30,"13,220","5,80","1,34","6,87","0,48","7.201,00"
2019-09-02,"13,370","5,80","1,34","6,87","0,48","7.201,00"
2019-09-03,"13,310","5,80","1,34","6,87","0,48","7.201,00"
2019-09-04,"13,560","5,80","1,34","6,87","0,48","7.201,00"
2019-09-05,"13,775","5,80","1,34","6,87","0,48","7.201,00"
2019-09-06,"13,615","5,80","1,34","6,87","0,48","7.201,00"
2019-09-09,"13,880","5,80","1,34","6,87","0,48","7.201,00"
2019-09-10,"14,155","5,80","1,34","6,87","0,48","7.201,00"
2019-09-11,"14,015","5,80","1,34","6,87","0,48","7.201,00"
2019-09-12,"13,835","5,80","1,34","6,87","0,48","7.201,00"
2019-09-13,"13,985","5,80","1,34","6,87","0,48","7.201,00"
2019-09-16,"14,135","5,80","1,34","6,87","0,48","7.201,00"
2019-09-17,"14,015","5,80","1,34","6,87","0,48","7.201,00"
2019-09-18,"14,065","5,80","1,34","6,87","0,48","7.201,00"
2019-09-19,"14,260","5,80","1,34","6,87","0,48","7.201,00"
2019-09-20,"14,210","5,80","1,34","6,87","0,48","7.201,00"
2019-09-23,"14,305","5,80","1,34","6,87","0,48","7.201,00"
2019-09-24,"14,165","5,80","1,34","6,87","0,48","7.201,00"
2019-09-25,"14,085","5,80","1,34","6,87","0,48","7.201,00"
2019-09-26,"14,155","5,80","1,34","6,87","0,48","7.201,00"
2019-09-27,"14,305","5,80","1,34","6,87","0,48","7.201,00"
2019-09-30,"14,340","5,80","1,34","6,87","0,48","7.201,00"
2019-10-01,"14,305","5,80","1,34","6,87","0,48","7.201,00"
2019-10-02,"13,970","5,80","1,34","6,87","0,48","7.201,00"
2019-10-03,"13,735","5,80","1,34","6,87","0,48","7.201,00"
2019-10-04,"13,785","5,80","1,34","6,87","0,48","7.201,00"
2019-10-07,"14,095","5,80","1,34","6,87","0,48","7.201,00"
2019-10-08,"13,940","5,80","1,34","6,87","0,48","7.201,00"
2019-10-09,"14,090","5,80","1,34","6,87","0,48","7.201,00"
2019-10-10,"14,310","5,80","1,34","6,87","0,48","7.201,00"
2019-10-11,"14,555","5,80","1,34","6,87","0,48","7.201,00"
2019-10-14,"14,525","5,80","1,34","6,87","0,48","7.201,00"
2019-10-15,"14,715","5,80","1,34","6,87","0,48","7.201,00"
2019-10-16,"14,735","5,80","1,34","6,87","0,48","7.201,00"
2019-10-17,"14,675","5,80","1,34","6,87","0,48","7.201,00"
2019-10-18,"14,500","5,80","1,34","6,87","0,48","7.201,00"
2019-10-21,"14,570","5,80","1,34","6,87","0,48","7.201,00"
2019-10-22,"14,600","5,80","1,34","6,87","0,48","7.201,00"
2019-10-23,"14,775","5,80","1,34","6,87","0,48","7.201,00"
2019-10-24,"14,925","5,80","1,34","6,87","0,48","7.201,00"
2019-10-25,"14,990","5,80","1,34","6,87","0,48","7.201,00"
2019-10-28,"15,115","5,80","1,34","6,87","0,48","7.201,00"
2019-10-29,"15,050","5,80","1,34","6,87","0,48","7.201,00"
2019-10-30,"14,940","5,80","1,34","6,87","0,48","7.201,00"
2019-10-31,"14,700","5,80","1,34","6,87","0,48","7.201,00"
2019-11-01,"15,145","5,80","1,34","6,87","0,48","7.201,00"
2019-11-04,"15,470","5,80","1,34","6,87","0,48","7.201,00"
2019-11-05,"15,415","5,80","1,34","6,87","0,48","7.201,00"
2019-11-06,"15,130","5,80","1,34","6,87","0,48","7.201,00"
2019-11-07,"15,145","5,80","1,34","6,87","0,48","7.201,00"
2019-11-08,"15,040","5,80","1,34","6,87","0,48","7.201,00"
2019-11-11,"15,030","5,80","1,34","6,87","0,48","7.201,00"
2019-11-12,"15,020","5,80","1,34","6,87","0,48","7.201,00"
2019-11-13,"14,720","5,80","1,34","6,87","0,48","7.201,00"
2019-11-14,"14,595","5,80","1,34","6,87","0,48","7.201,00"
2019-11-15,"14,690","5,80","1,34","6,87","0,48","7.201,00"
2019-11-18,"14,630","5,80","1,34","6,87","0,48","7.201,00"
2019-11-19,"14,615","5,80","1,34","6,87","0,48","7.201,00"
2019-11-20,"14,545","5,80","1,34","6,87","0,48","7.201,00"
2019-11-21,"14,445","5,80","1,34","6,87","0,48","7.201,00"
2019-11-22,"14,600","5,80","1,34","6,87","0,48","7.201,00"
2019-11-25,"14,680","5,80","1,34","6,87","0,48","7.201,00"
2019-11-26,"14,590","5,80","1,34","6,87","0,48","7.201,00"
2019-11-27,"14,500","5,80","1,34","6,87","0,48","7.201,00"
2019-11-28,"14,405","5,80","1,34","6,87","0,48","7.201,00"
2019-11-29,"14,290","5,80","1,34","6,87","0,48","7.201,00"
2019-12-02,"14,145","5,80","1,34","6,87","0,48","7.201,00"
2019-12-03,"14,095","5,80","1,34","6,87","0,48","7.201,00"
2019-12-04,"14,350","5,80","1,34","6,87","0,48","7.201,00"
2019-12-05,"14,340","5,80","1,34","6,87","0,48","7.201,00"
2019-12-06,"14,205","5,80","1,34","6,87","0,48","7.201,00"
2019-12-09,"14,035","5,80","1,34","6,87","0,48","7.201,00"
2019-12-10,"13,928","5,80","1,34","6,87","0,48","7.201,00"
2019-12-11,"13,928","5,80","1,34","6,87","0,48","7.201,00"
2019-12-12,"13,952","5,80","1,34","6,87","0,48","7.201,00"
2019-12-13,"13,904","5,80","1,34","6,87","0,48","7.201,00"
2019-12-16,"13,976","5,80","1,34","6,87","0,48","7.201,00"
2019-12-17,"13,960","5,80","1,34","6,87","0,48","7.201,00"
2019-12-18,"13,980","5,80","1,34","6,87","0,48","7.201,00"
2019-12-19,"13,980","5,80","1,34","6,87","0,48","7.201,00"
2019-12-20,"14,085","5,80","1,34","6,87","0,48","7.201,00"
2019-12-23,"14,150","5,80","1,34","6,87","0,48","7.201,00"
2019-12-24,"14,155","5,80","1,34","6,87","0,48","7.201,00"
2019-12-27,"14,200","5,80","1,34","6,87","0,48","7.201,00"
2019-12-30,"14,125","5,80","1,34","6,87","0,48","7.201,00"
2019-12-31,"13,930","5,80","1,34","6,87","0,48","7.201,00"
2020-01-02,"14,065","17,00","0,46","11,78","0,50","4.296,00"
2020-01-03,"14,240","17,00","0,46","11,78","0,50","4.296,00"
2020-01-06,"14,350","17,00","0,46","11,78","0,50","4.296,00"
2020-01-07,"14,230","17,00","0,46","11,78","0,50","4.296,00"
2020-01-08,"14,360","17,00","0,46","11,78","0,50","4.296,00"
2020-01-09,"14,170","17,00","0,46","11,78","0,50","4.296,00"
2020-01-10,"14,320","17,00","0,46","11,78","0,50","4.296,00"
2020-01-13,"14,245","17,00","0,46","11,78","0,50","4.296,00"
2020-01-14,"14,235","17,00","0,46","11,78","0,50","4.296,00"
2020-01-15,"14,100","17,00","0,46","11,78","0,50","4.296,00"
2020-01-16,"14,145","17,00","0,46","11,78","0,50","4.296,00"
2020-01-17,"14,040","17,00","0,46","11,78","0,50","4.296,00"
2020-01-20,"13,920","17,00","0,46","11,78","0,50","4.296,00"
2020-01-21,"13,775","17,00","0,46","11,78","0,50","4.296,00"
2020-01-22,"13,600","17,00","0,46","11,78","0,50","4.296,00"
2020-01-23,"13,130","17,00","0,46","11,78","0,50","4.296,00"
2020-01-24,"13,100","17,00","0,46","11,78","0,50","4.296,00"
2020-01-27,"12,650","17,00","0,46","11,78","0,50","4.296,00"
2020-01-28,"12,770","17,00","0,46","11,78","0,50","4.296,00"
2020-01-29,"12,795","17,00","0,46","11,78","0,50","4.296,00"
2020-01-30,"12,580","17,00","0,46","11,78","0,50","4.296,00"
2020-01-31,"12,465","17,00","0,46","11,78","0,50","4.296,00"
2020-02-03,"12,285","17,00","0,46","11,78","0,50","4.296,00"
2020-02-04,"12,580","17,00","0,46","11,78","0,50","4.296,00"
2020-02-05,"12,795","17,00","0,46","11,78","0,50","4.296,00"
2020-02-06,"12,825","17,00","0,46","11,78","0,50","4.296,00"
2020-02-07,"12,755","17,00","0,46","11,78","0,50","4.296,00"
2020-02-10,"12,590","17,00","0,46","11,78","0,50","4.296,00"
2020-02-11,"12,745","17,00","0,46","11,78","0,50","4.296,00"
2020-02-12,"12,770","17,00","0,46","11,78","0,50","4.296,00"
2020-02-13,"12,665","17,00","0,46","11,78","0,50","4.296,00"
2020-02-14,"12,650","17,00","0,46","11,78","0,50","4.296,00"
2020-02-17,"12,525","17,00","0,46","11,78","0,50","4.296,00"
2020-02-18,"12,345","17,00","0,46","11,78","0,50","4.296,00"
2020-02-19,"12,350","17,00","0,46","11,78","0,50","4.296,00"
2020-02-20,"12,295","17,00","0,46","11,78","0,50","4.296,00"
2020-02-21,"11,955","17,00","0,46","11,78","0,50","4.296,00"
2020-02-24,"11,315","17,00","0,46","11,78","0,50","4.296,00"
2020-02-25,"10,965","17,00","0,46","11,78","0,50","4.296,00"
2020-02-26,"10,865","17,00","0,46","11,78","0,50","4.296,00"
2020-02-27,"10,510","17,00","0,46","11,78","0,50","4.296,00"
2020-02-28,"10,130","17,00","0,46","11,78","0,50","4.296,00"
2020-03-02,"10,215","17,00","0,46","11,78","0,50","4.296,00"
2020-03-03,"10,350","17,00","0,46","11,78","0,50","4.296,00"
2020-03-04,"10,290","17,00","0,46","11,78","0,50","4.296,00"
2020-03-05,"10,090","17,00","0,46","11,78","0,50","4.296,00"
2020-03-06,"9,600","17,00","0,46","11,78","0,50","4.296,00"
2020-03-09,"8,148","17,00","0,46","11,78","0,50","4.296,00"
2020-03-10,"8,280","17,00","0,46","11,78","0,50","4.296,00"
2020-03-11,"8,318","17,00","0,46","11,78","0,50","4.296,00"
2020-03-12,"7,208","17,00","0,46","11,78","0,50","4.296,00"
2020-03-13,"7,542","17,00","0,46","11,78","0,50","4.296,00"
2020-03-16,"6,774","17,00","0,46","11,78","0,50","4.296,00"
2020-03-17,"6,768","17,00","0,46","11,78","0,50","4.296,00"
2020-03-18,"6,142","17,00","0,46","11,78","0,50","4.296,00"
2020-03-19,"6,030","17,00","0,46","11,78","0,50","4.296,00"
2020-03-20,"6,168","17,00","0,46","11,78","0,50","4.296,00"
2020-03-23,"6,212","17,00","0,46","11,78","0,50","4.296,00"
2020-03-24,"7,186","17,00","0,46","11,78","0,50","4.296,00"
2020-03-25,"7,374","17,00","0,46","11,78","0,50","4.296,00"
2020-03-26,"7,650","17,00","0,46","11,78","0,50","4.296,00"
2020-03-27,"7,346","17,00","0,46","11,78","0,50","4.296,00"
2020-03-30,"7,592","17,00","0,46","11,78","0,50","4.296,00"
2020-03-31,"8,332","17,00","0,46","11,78","0,50","4.296,00"
2020-04-01,"8,100","17,00","0,46","11,78","0,50","4.296,00"
2020-04-02,"8,588","8,65","0,85","10,82","0,43","5.887,08"
2020-04-03,"8,252","8,65","0,85","11,26","0,43","5.887,08"
2020-04-06,"8,190","10,1","0,82","11,34","0,49","5.602,93"
2020-04-07,"8,464","10,1","0,82","10,98","0,49","5.602,93"
2020-04-08,"8,362","10,1","0,82","11,11","0,49","5.602,93"
2020-04-09,"8,286","12,95","0,64","11,21","0,5","5.052,38"
2020-04-14,"8,044","12,95","0,64","11,55","0,5","5.052,38"
2020-04-15,"7,436","12,95","0,64","12,49","0,5","5.052,38"
2020-04-16,"7,332","12,95","0,64","12,67","0,5","5.052,38"
2020-04-17,"7,786","12,95","0,64","11,93","0,5","5.052,38"
2020-04-20,"7,734","17,00","0,46","11,78","0,50","4.296,00"
2020-04-21,"7,278","13,42","0,58","12,76","0,47","4.820,97"
2020-04-22,"7,394","13,42","0,58","12,56","0,47","4.820,97"
2020-04-23,"7,840","13,42","0,58","11,85","0,47","4.820,97"
2020-04-24,"7,742","13,42","0,58","12,00","0,47","4.820,97"
2020-04-27,"7,812","16,13","0,48","11,89","0,48",4.501
2020-04-28,"7,912","16,13","0,48","11,74","0,48",4.501
2020-04-29,"8,502","16,13","0,48","10,93","0,48",4.501
2020-04-30,"8,314","16,13","0,48","11,17","0,48",4.501
2020-05-04,"7,666","17,32","0,48","12,12","0,51",4.501
2020-05-05,"8,678","17,32","0,48","10,71","0,51",4.501
2020-05-06,"8,506","17,32","0,48","10,92","0,51",4.501
2020-05-07,"8,774","17,32","0,48","10,59","0,51",4.501
2020-05-08,"8,634","17,00","0,46","11,78","0,50","4.296,00"
2020-05-11,"8,504","17,00","0,46","11,78","0,50","4.296,00"
2020-05-12,"8,358","14,89","0,58","11,12","0,54",4.499
2020-05-13,"8,070","14,89","0,58","11,51","0,54",4.499
2020-05-14,"8,174","14,89","0,58","11,37","0,54",4.499
2020-05-15,"8,104","14,89","0,58","11,46","0,54",4.499
2020-05-18,"8,640","14,89","0,58","10,75","0,54",4.499
2020-05-19,"8,546","14,89","0,58","10,87","0,54",4.499
2020-05-20,"8,738","14,89","0,58","10,63","0,54",4.499
2020-05-21,"8,446","14,89","0,58","11,00","0,54",4.499
2020-05-22,"8,292","14,89","0,58","11,20","0,54",4.499
2020-05-25,"8,398","17,00","0,46","11,78","0,50","4.296,00"
2020-05-26,"8,616","14,3","0,58","10,78","0,52","4.366,7"
2020-05-27,"8,876","14,3","0,58","10,47","0,52","4.366,7"
2020-05-28,"8,870","14,3","0,58","10,47","0,52","4.366,7"
2020-05-29,"8,370","14,3","0,58","11,10","0,52","4.366,7"
2020-06-02,"8,504","17,26","0,49","10,35","0,53",4.296
2020-06-03,"8,646","17,26","0,49","10,18","0,53",4.296
2020-06-04,"8,570","17,26","0,49","10,27","0,53",4.296
2020-06-05,"9,028","17,26","0,49","9,75","0,53",4.296
2020-06-08,"9,214","21,66","0,44","9,55","0,6",4.296
2020-06-09,"8,750","21,66","0,44","10,06","0,6",4.296
2020-06-10,"8,674","21,66","0,44","10,15","0,6",4.296
2020-06-11,"8,130","21,66","0,44","10,82","0,6",4.296
2020-06-12,"8,231","21,66","0,44","10,69","0,6",4.296
2020-06-15,"8,223","17,00","0,46","10,70","0,50","4.296,00"
2020-06-16,"8,420","20,06","0,43","11,03","0,55","4.250,46"
2020-06-17,"8,230","20,06","0,43","11,29","0,55","4.250,46"
2020-06-18,"8,206","20,06","0,43","11,32","0,55","4.250,46"
2020-06-19,"8,298","20,06","0,43","11,20","0,55","4.250,46"
2020-06-22,"8,132","18,16","0,46","11,42","0,53",4.296
2020-06-23,"8,300","18,16","0,46","11,19","0,53",4.296
2020-06-24,"7,868","18,16","0,46","11,81","0,53",4.296
2020-06-25,"8,000","18,16","0,46","11,61","0,53",4.296
2020-06-26,"7,770","18,16","0,46","11,96","0,53",4.296
2020-06-29,"7,866",17,"0,46","11,81","0,5",4.296
2020-06-30,"7,786",17,"0,46","11,93","0,5",4.296
2020-07-01,"7,886",17,"0,46","11,78","0,5",4.296
2020-07-02,"8,036",17,"0,46","11,56","0,5",4.296
2020-07-03,"7,816","17,00","0,46","11,78","0,50","4.296,00"
2020-07-06,"7,974","17,00","0,46","11,78","0,50","4.296,00"
2020-07-07,"7,870","16,77","0,47","5,39","0,5",4.355
2020-07-08,"7,740","16,77","0,47","12,58","0,5",4.355
2020-07-09,"7,532","16,77","0,47","12,93","0,5",4.355
2020-07-10,"7,624","16,77","0,47","12,78","0,5",4.355
2020-07-13,"7,784","17,00","0,46","11,78","0,50","4.296,00"
2020-07-14,"7,986","16,48","0,46","12,20","0,49","4.378,4"
2020-07-15,"7,906","16,48","0,46","12,32","0,49","4.378,4"
2020-07-16,"8,014","17,00","0,46","11,78","0,50","4.296,00"
2020-07-17,"7,874","17,00","0,46","11,78","0,50","4.296,00"
2020-07-20,"7,738","17,54","0,45","12,59","0,5","4.312,5"
2020-07-21,"7,928","17,54","0,45","11,55","0,5","4.312,5"
2020-07-22,"7,670","17,54","0,45","11,94","0,5","4.312,5"
2020-07-23,"7,580","17,54","0,45","12,08","0,5","4.312,5"
2020-07-24,"7,390","17,00","0,46","11,78","0,50","4.296,00"
2020-07-27,"7,162","19,77","0,37","12,79","0,49","4.220,3"
2020-07-28,"7,062","19,77","0,37","12,97","0,49","4.220,3"
2020-07-29,"7,036","19,77","0,37","13,02","0,49","4.220,3"
2020-07-30,"6,788","17,00","0,46","11,78","0,50","4.296,00"
2020-07-31,"6,580","19,77","0,37","13,92","0,49","4.220,3"
2020-08-03,"6,694","17,6","0,37","13,68","0,43","4.220,3"
2020-08-04,"6,916","17,6","0,37","13,24","0,43","4.220,3"
2020-08-05,"7,058","17,00","0,46","11,78","0,50","4.296,00"
2020-08-06,"6,800","17,6","0,37","13,47","0,43","4.220,3"
2020-08-07,"6,676","17,00","0,46","11,78","0,50","4.296,00"
2020-08-10,"6,802","18,04","0,37","13,47","0,44","4.218,65"
2020-08-11,"7,124","18,04","0,37","12,86","0,44","4.218,65"
2020-08-12,"7,198","18,04","0,37","12,73","0,44","4.218,65"
2020-08-13,"7,054","17,00","0,46","11,78","0,50","4.296,00"
2020-08-14,"6,988","17,00","0,46","11,78","0,50","4.296,00"
2020-08-17,"6,842","17,00","0,46","11,78","0,50","4.296,00"
2020-08-18,"6,756","17,00","0,46","11,78","0,50","4.296,00"
2020-08-19,"6,820","21,18","0,33","13,43","0,47","4.218,65"
2020-08-20,"6,692","17,00","0,46","11,78","0,50","4.296,00"
2020-08-21,"6,616","17,00","0,46","11,78","0,50","4.296,00"
2020-08-24,"6,934","20,05","0,33","13,21","0,44","4.218,65"
2020-08-25,"6,792","20,05","0,33","13,49","0,44","4.218,65"
2020-08-26,"6,858","20,05","0,33","13,36","0,44","4.218,65"
2020-08-27,"6,882","20,05","0,33","13,31","0,44","4.218,65"
