fecha,CABK_ultimo,CABK_per,CABK_bpa,CABK_rentabilidad_por_dividendo,CABK_precio_valor_contable,CABK_ebitda
2015-02-12,"3,774",,,,,
2015-02-13,"3,926",,,,,
2015-02-16,"3,917",,,,,
2015-02-17,"3,800",,,,,
2015-02-18,"3,833",,,,,
2015-02-19,"3,834",,,,,
2015-02-20,"3,744",,,,,
2015-02-23,"3,803",,,,,
2015-02-24,"3,872",,,,,
2015-02-25,"3,821",,,,,
2015-02-26,"3,918",,,,,
2015-02-27,"3,958",,,,,
2015-03-02,"3,940",,,,,
2015-03-03,"3,857",,,,,
2015-03-04,"3,839",,,,,
2015-03-05,"3,829",,,,,
2015-03-06,"3,991",,,,,
2015-03-09,"4,008",,,,,
2015-03-10,"3,959",,,,,
2015-03-11,"3,978",,,,,
2015-03-12,"4,022",,,,,
2015-03-13,"4,013",,,,,
2015-03-16,"4,046",,,,,
2015-03-17,"3,981",,,,,
2015-03-18,"3,907",,,,,
2015-03-19,"3,922",,,,,
2015-03-20,"4,074",,,,,
2015-03-23,"4,120",,,,,
2015-03-24,"4,227",,,,,
2015-03-25,"4,210",,,,,
2015-03-26,"4,229",,,,,
2015-03-27,"4,191",,,,,
2015-03-30,"4,270",,,,,
2015-03-31,"4,258",,,,,
2015-04-01,"4,290",,,,,
2015-04-02,"4,286",,,,,
2015-04-07,"4,260",,,,,
2015-04-08,"4,237",,,,,
2015-04-09,"4,243",,,,,
2015-04-10,"4,240",,,,,
2015-04-13,"4,260",,,,,
2015-04-14,"4,155",,,,,
2015-04-15,"4,251",,,,,
2015-04-16,"4,204",,,,,
2015-04-17,"4,098",,,,,
2015-04-20,"4,145",,,,,
2015-04-21,"4,070",,,,,
2015-04-22,"4,124",,,,,
2015-04-23,"4,161",,,,,
2015-04-24,"4,252",,,,,
2015-04-27,"4,303",,,,,
2015-04-28,"4,325",,,,,
2015-04-29,"4,237",,,,,
2015-04-30,"4,326",,,,,
2015-05-04,"4,306",,,,,
2015-05-05,"4,142",,,,,
2015-05-06,"4,185",,,,,
2015-05-07,"4,218",,,,,
2015-05-08,"4,265",,,,,
2015-05-11,"4,294",,,,,
2015-05-12,"4,295",,,,,
2015-05-13,"4,278",,,,,
2015-05-14,"4,317",,,,,
2015-05-15,"4,264",,,,,
2015-05-18,"4,263",,,,,
2015-05-19,"4,320",,,,,
2015-05-20,"4,345",,,,,
2015-05-21,"4,312",,,,,
2015-05-22,"4,321",,,,,
2015-05-25,"4,220",,,,,
2015-05-26,"4,180",,,,,
2015-05-27,"4,270",,,,,
2015-05-28,"4,250",,,,,
2015-05-29,"4,210",,,,,
2015-06-01,"4,210",,,,,
2015-06-02,"4,250",,,,,
2015-06-03,"4,280",,,,,
2015-06-04,"4,260",,,,,
2015-06-05,"4,220",,,,,
2015-06-08,"4,150",,,,,
2015-06-09,"4,180",,,,,
2015-06-10,"4,290",,,,,
2015-06-11,"4,310",,,,,
2015-06-12,"4,190",,,,,
2015-06-15,"4,110",,,,,
2015-06-16,"4,090",,,,,
2015-06-17,"4,120",,,,,
2015-06-18,"4,160",,,,,
2015-06-19,"4,200",,,,,
2015-06-22,"4,300",,,,,
2015-06-23,"4,280",,,,,
2015-06-24,"4,140",,,,,
2015-06-25,"4,170",,,,,
2015-06-26,"4,200",,,,,
2015-06-29,"4,020",,,,,
2015-06-30,"4,010",,,,,
2015-07-01,"4,060",,,,,
2015-07-02,"4,050",,,,,
2015-07-03,"4,040",,,,,
2015-07-06,"3,930",,,,,
2015-07-07,"3,860",,,,,
2015-07-08,"3,950",,,,,
2015-07-09,"4,040",,,,,
2015-07-10,"4,120",,,,,
2015-07-13,"4,150",,,,,
2015-07-14,"4,110",,,,,
2015-07-15,"4,110",,,,,
2015-07-16,"4,160",,,,,
2015-07-17,"4,170",,,,,
2015-07-20,"4,210",,,,,
2015-07-21,"4,180",,,,,
2015-07-22,"4,180",,,,,
2015-07-23,"4,140",,,,,
2015-07-24,"4,040",,,,,
2015-07-27,"4,050",,,,,
2015-07-28,"4,080",,,,,
2015-07-29,"4,010",,,,,
2015-07-30,"4,010",,,,,
2015-07-31,"3,910",,,,,
2015-08-03,"3,930",,,,,
2015-08-04,"3,830",,,,,
2015-08-05,"3,860",,,,,
2015-08-06,"3,880",,,,,
2015-08-07,"3,830",,,,,
2015-08-10,"3,890",,,,,
2015-08-11,"3,870",,,,,
2015-08-12,"3,800",,,,,
2015-08-13,"3,830",,,,,
2015-08-14,"3,790",,,,,
2015-08-17,"3,800",,,,,
2015-08-18,"3,810",,,,,
2015-08-19,"3,790",,,,,
2015-08-20,"3,770",,,,,
2015-08-21,"3,660",,,,,
2015-08-24,"3,500",,,,,
2015-08-25,"3,610",,,,,
2015-08-26,"3,590",,,,,
2015-08-27,"3,740",,,,,
2015-08-28,"3,740",,,,,
2015-08-31,"3,720",,,,,
2015-09-01,"3,610",,,,,
2015-09-02,"3,570",,,,,
2015-09-03,"3,570",,,,,
2015-09-04,"3,520",,,,,
2015-09-07,"3,500",,,,,
2015-09-08,"3,550",,,,,
2015-09-09,"3,600",,,,,
2015-09-10,"3,520",,,,,
2015-09-11,"3,480",,,,,
2015-09-14,"3,450",,,,,
2015-09-15,"3,500",,,,,
2015-09-16,"3,470",,,,,
2015-09-17,"3,650",,,,,
2015-09-18,"3,560",,,,,
2015-09-21,"3,530",,,,,
2015-09-22,"3,420",,,,,
2015-09-23,"3,340",,,,,
2015-09-24,"3,270",,,,,
2015-09-25,"3,300",,,,,
2015-09-28,"3,270",,,,,
2015-09-29,"3,320",,,,,
2015-09-30,"3,350",,,,,
2015-10-01,"3,380",,,,,
2015-10-02,"3,430",,,,,
2015-10-05,"3,540",,,,,
2015-10-06,"3,600",,,,,
2015-10-07,"3,700",,,,,
2015-10-08,"3,800",,,,,
2015-10-09,"3,840",,,,,
2015-10-12,"3,780",,,,,
2015-10-13,"3,670",,,,,
2015-10-14,"3,690",,,,,
2015-10-15,"3,630",,,,,
2015-10-16,"3,660",,,,,
2015-10-19,"3,670",,,,,
2015-10-20,"3,610",,,,,
2015-10-21,"3,630",,,,,
2015-10-22,"3,610",,,,,
2015-10-23,"3,490",,,,,
2015-10-26,"3,490",,,,,
2015-10-27,"3,390",,,,,
2015-10-28,"3,370",,,,,
2015-10-29,"3,360",,,,,
2015-10-30,"3,400",,,,,
2015-11-02,"3,400",,,,,
2015-11-03,"3,430",,,,,
2015-11-04,"3,400",,,,,
2015-11-05,"3,330",,,,,
2015-11-06,"3,460",,,,,
2015-11-09,"3,420",,,,,
2015-11-10,"3,360",,,,,
2015-11-11,"3,410",,,,,
2015-11-12,"3,300",,,,,
2015-11-13,"3,330",,,,,
2015-11-16,"3,320",,,,,
2015-11-17,"3,390",,,,,
2015-11-18,"3,370",,,,,
2015-11-19,"3,460",,,,,
2015-11-20,"3,380",,,,,
2015-11-23,"3,400",,,,,
2015-11-24,"3,430",,,,,
2015-11-25,"3,360",,,,,
2015-11-26,"3,400",,,,,
2015-11-27,"3,360",,,,,
2015-11-30,"3,380",,,,,
2015-12-01,"3,440",,,,,
2015-12-02,"3,440",,,,,
2015-12-03,"3,480",,,,,
2015-12-04,"3,530",,,,,
2015-12-07,"3,480",,,,,
2015-12-08,"3,380",,,,,
2015-12-09,"3,400",,,,,
2015-12-10,"3,350",,,,,
2015-12-11,"3,360",,,,,
2015-12-14,"3,320",,,,,
2015-12-15,"3,460",,,,,
2015-12-16,"3,450",,,,,
2015-12-17,"3,550",,,,,
2015-12-18,"3,520",,,,,
2015-12-21,"3,260",,,,,
2015-12-22,"3,230",,,,,
2015-12-23,"3,220",,,,,
2015-12-24,"3,200",,,,,
2015-12-28,"3,160",,,,,
2015-12-29,"3,180",,,,,
2015-12-30,"3,160",,,,,
2015-12-31,"3,130",,,,,
2016-01-04,"3,120",,,,,
2016-01-05,"3,090",,,,,
2016-01-06,"2,980",,,,,
2016-01-07,"2,910",,,,,
2016-01-08,"2,870",,,,,
2016-01-11,"2,860",,,,,
2016-01-12,"2,840",,,,,
2016-01-13,"2,860",,,,,
2016-01-14,"2,840",,,,,
2016-01-15,"2,760",,,,,
2016-01-18,"2,780",,,,,
2016-01-19,"2,730",,,,,
2016-01-20,"2,600",,,,,
2016-01-21,"2,670",,,,,
2016-01-22,"2,770",,,,,
2016-01-25,"2,590",,,,,
2016-01-26,"2,700",,,,,
2016-01-27,"2,680",,,,,
2016-01-28,"2,610",,,,,
2016-01-29,"2,710",,,,,
2016-02-01,"2,650",,,,,
2016-02-02,"2,490",,,,,
2016-02-03,"2,370",,,,,
2016-02-04,"2,440",,,,,
2016-02-05,"2,570",,,,,
2016-02-08,"2,410",,,,,
2016-02-09,"2,380",,,,,
2016-02-10,"2,480",,,,,
2016-02-11,"2,320",,,,,
2016-02-12,"2,410",,,,,
2016-02-15,"2,510",,,,,
2016-02-16,"2,510",,,,,
2016-02-17,"2,610",,,,,
2016-02-18,"2,460",,,,,
2016-02-19,"2,400",,,,,
2016-02-22,"2,500",,,,,
2016-02-23,"2,470",,,,,
2016-02-24,"2,370",,,,,
2016-02-25,"2,400",,,,,
2016-02-26,"2,480",,,,,
2016-02-29,"2,580",,,,,
2016-03-01,"2,570",,,,,
2016-03-02,"2,670",,,,,
2016-03-03,"2,680",,,,,
2016-03-04,"2,660",,,,,
2016-03-07,"2,610",,,,,
2016-03-08,"2,600",,,,,
2016-03-09,"2,590",,,,,
2016-03-10,"2,670",,,,,
2016-03-11,"2,830",,,,,
2016-03-14,"2,840",,,,,
2016-03-15,"2,750",,,,,
2016-03-16,"2,710",,,,,
2016-03-17,"2,700",,,,,
2016-03-18,"2,770",,,,,
2016-03-21,"2,750",,,,,
2016-03-22,"2,750",,,,,
2016-03-23,"2,700",,,,,
2016-03-24,"2,650",,,,,
2016-03-29,"2,610",,,,,
2016-03-30,"2,610",,,,,
2016-03-31,"2,570",,,,,
2016-04-01,"2,580",,,,,
2016-04-04,"2,520",,,,,
2016-04-05,"2,460",,,,,
2016-04-06,"2,460",,,,,
2016-04-07,"2,390",,,,,
2016-04-08,"2,460",,,,,
2016-04-11,"2,500",,,,,
2016-04-12,"2,480",,,,,
2016-04-13,"2,610",,,,,
2016-04-14,"2,640",,,,,
2016-04-15,"2,650",,,,,
2016-04-18,"2,570",,,,,
2016-04-19,"2,580",,,,,
2016-04-20,"2,650",,,,,
2016-04-21,"2,760",,,,,
2016-04-22,"2,790",,,,,
2016-04-25,"2,710",,,,,
2016-04-26,"2,810",,,,,
2016-04-27,"2,780",,,,,
2016-04-28,"2,690",,,,,
2016-04-29,"2,600",,,,,
2016-05-02,"2,570",,,,,
2016-05-03,"2,430",,,,,
2016-05-04,"2,400",,,,,
2016-05-05,"2,370",,,,,
2016-05-06,"2,400",,,,,
2016-05-09,"2,350",,,,,
2016-05-10,"2,370",,,,,
2016-05-11,"2,360",,,,,
2016-05-12,"2,360",,,,,
2016-05-13,"2,360",,,,,
2016-05-16,"2,370",,,,,
2016-05-17,"2,380",,,,,
2016-05-18,"2,390",,,,,
2016-05-19,"2,410",,,,,
2016-05-20,"2,420",,,,,
2016-05-23,"2,400",,,,,
2016-05-24,"2,460",,,,,
2016-05-25,"2,610",,,,,
2016-05-26,"2,500",,,,,
2016-05-27,"2,460",,,,,
2016-05-30,"2,450",,,,,
2016-05-31,"2,430",,,,,
2016-06-01,"2,420",,,,,
2016-06-02,"2,460",,,,,
2016-06-03,"2,370",,,,,
2016-06-06,"2,380",,,,,
2016-06-07,"2,400",,,,,
2016-06-08,"2,340",,,,,
2016-06-09,"2,300",,,,,
2016-06-10,"2,180",,,,,
2016-06-13,"2,110",,,,,
2016-06-14,"2,060",,,,,
2016-06-15,"2,060",,,,,
2016-06-16,"2,040",,,,,
2016-06-17,"2,140",,,,,
2016-06-20,"2,220",,,,,
2016-06-21,"2,200",,,,,
2016-06-22,"2,240",,,,,
2016-06-23,"2,320",,,,,
2016-06-24,"1,900",,,,,
2016-06-27,"1,870",,,,,
2016-06-28,"1,930",,,,,
2016-06-29,"1,960",,,,,
2016-06-30,"1,940",,,,,
2016-07-01,"1,990",,,,,
2016-07-04,"1,980",,,,,
2016-07-05,"1,940",,,,,
2016-07-06,"1,910",,,,,
2016-07-07,"1,940",,,,,
2016-07-08,"2,000",,,,,
2016-07-11,"2,020",,,,,
2016-07-12,"2,110",,,,,
2016-07-13,"2,140",,,,,
2016-07-14,"2,160",,,,,
2016-07-15,"2,150",,,,,
2016-07-18,"2,160",,,,,
2016-07-19,"2,160",,,,,
2016-07-20,"2,180",,,,,
2016-07-21,"2,220",,,,,
2016-07-22,"2,180",,,,,
2016-07-25,"2,180",,,,,
2016-07-26,"2,170",,,,,
2016-07-27,"2,200",,,,,
2016-07-28,"2,120",,,,,
2016-07-29,"2,220",,,,,
2016-08-01,"2,190",,,,,
2016-08-02,"2,070",,,,,
2016-08-03,"2,090",,,,,
2016-08-04,"2,160",,,,,
2016-08-05,"2,240",,,,,
2016-08-08,"2,280",,,,,
2016-08-09,"2,310",,,,,
2016-08-10,"2,390",,,,,
2016-08-11,"2,390",,,,,
2016-08-12,"2,400",,,,,
2016-08-15,"2,400",,,,,
2016-08-16,"2,370",,,,,
2016-08-17,"2,320",,,,,
2016-08-18,"2,300",,,,,
2016-08-19,"2,260",,,,,
2016-08-22,"2,280",,,,,
2016-08-23,"2,310",,,,,
2016-08-24,"2,350",,,,,
2016-08-25,"2,320",,,,,
2016-08-26,"2,340",,,,,
2016-08-29,"2,320",,,,,
2016-08-30,"2,350",,,,,
2016-08-31,"2,380",,,,,
2016-09-01,"2,380",,,,,
2016-09-02,"2,420",,,,,
2016-09-05,"2,420",,,,,
2016-09-06,"2,370",,,,,
2016-09-07,"2,420",,,,,
2016-09-08,"2,470",,,,,
2016-09-09,"2,510",,,,,
2016-09-12,"2,450",,,,,
2016-09-13,"2,410",,,,,
2016-09-14,"2,400",,,,,
2016-09-15,"2,460",,,,,
2016-09-16,"2,430",,,,,
2016-09-19,"2,390",,,,,
2016-09-20,"2,370",,,,,
2016-09-21,"2,390",,,,,
2016-09-22,"2,320",,,,,
2016-09-23,"2,230",,,,,
2016-09-26,"2,190",,,,,
2016-09-27,"2,170",,,,,
2016-09-28,"2,170",,,,,
2016-09-29,"2,190",,,,,
2016-09-30,"2,220",,,,,
2016-10-03,"2,210",,,,,
2016-10-04,"2,220",,,,,
2016-10-05,"2,290",,,,,
2016-10-06,"2,340",,,,,
2016-10-07,"2,360",,,,,
2016-10-10,"2,330",,,,,
2016-10-11,"2,310",,,,,
2016-10-12,"2,330",,,,,
2016-10-13,"2,300",,,,,
2016-10-14,"2,370",,,,,
2016-10-17,"2,430",,,,,
2016-10-18,"2,480",,,,,
2016-10-19,"2,500",,,,,
2016-10-20,"2,570",,,,,
2016-10-21,"2,580",,,,,
2016-10-24,"2,700",,,,,
2016-10-25,"2,680",,,,,
2016-10-26,"2,680",,,,,
2016-10-27,"2,700",,,,,
2016-10-28,"2,720",,,,,
2016-10-31,"2,720",,,,,
2016-11-01,"2,680",,,,,
2016-11-02,"2,640",,,,,
2016-11-03,"2,690",,,,,
2016-11-04,"2,650",,,,,
2016-11-07,"2,720",,,,,
2016-11-08,"2,750",,,,,
2016-11-09,"2,820",,,,,
2016-11-10,"2,880",,,,,
2016-11-11,"2,840",,,,,
2016-11-14,"2,900",,,,,
2016-11-15,"2,900",,,,,
2016-11-16,"2,830",,,,,
2016-11-17,"2,850",,,,,
2016-11-18,"2,800",,,,,
2016-11-21,"2,790",,,,,
2016-11-22,"2,790",,,,,
2016-11-23,"2,810",,,,,
2016-11-24,"2,800",,,,,
2016-11-25,"2,780",,,,,
2016-11-28,"2,720",,,,,
2016-11-29,"2,720",,,,,
2016-11-30,"2,740",,,,,
2016-12-01,"2,790",,,,,
2016-12-02,"2,770",,,,,
2016-12-05,"2,860",,,,,
2016-12-06,"3,060",,,,,
2016-12-07,"3,120",,,,,
2016-12-08,"3,240",,,,,
2016-12-09,"3,240",,,,,
2016-12-12,"3,230",,,,,
2016-12-13,"3,270",,,,,
2016-12-14,"3,130",,,,,
2016-12-15,"3,200",,,,,
2016-12-16,"3,230",,,,,
2016-12-19,"3,190",,,,,
2016-12-20,"3,220",,,,,
2016-12-21,"3,190",,,,,
2016-12-22,"3,190",,,,,
2016-12-23,"3,180",,,,,
2016-12-27,"3,170",,,,,
2016-12-28,"3,150",,,,,
2016-12-29,"3,140",,,,,
2016-12-30,"3,140",,,,,
2017-01-02,"3,190","6,59","0,28","3,64","0,45","0,00"
2017-01-03,"3,290","6,59","0,28","3,64","0,45","0,00"
2017-01-04,"3,270","6,59","0,28","3,64","0,45","0,00"
2017-01-05,"3,310","6,59","0,28","3,64","0,45","0,00"
2017-01-06,"3,310","6,59","0,28","3,64","0,45","0,00"
2017-01-09,"3,290","6,59","0,28","3,64","0,45","0,00"
2017-01-10,"3,300","6,59","0,28","3,64","0,45","0,00"
2017-01-11,"3,280","6,59","0,28","3,64","0,45","0,00"
2017-01-12,"3,270","6,59","0,28","3,64","0,45","0,00"
2017-01-13,"3,350","6,59","0,28","3,64","0,45","0,00"
2017-01-16,"3,290","6,59","0,28","3,64","0,45","0,00"
2017-01-17,"3,250","6,59","0,28","3,64","0,45","0,00"
2017-01-18,"3,250","6,59","0,28","3,64","0,45","0,00"
2017-01-19,"3,320","6,59","0,28","3,64","0,45","0,00"
2017-01-20,"3,320","6,59","0,28","3,64","0,45","0,00"
2017-01-23,"3,290","6,59","0,28","3,64","0,45","0,00"
2017-01-24,"3,340","6,59","0,28","3,64","0,45","0,00"
2017-01-25,"3,560","6,59","0,28","3,64","0,45","0,00"
2017-01-26,"3,500","6,59","0,28","3,64","0,45","0,00"
2017-01-27,"3,500","6,59","0,28","3,64","0,45","0,00"
2017-01-30,"3,400","6,59","0,28","3,64","0,45","0,00"
2017-01-31,"3,380","6,59","0,28","3,64","0,45","0,00"
2017-02-01,"3,400","6,59","0,28","3,64","0,45","0,00"
2017-02-02,"3,500","6,59","0,28","3,64","0,45","0,00"
2017-02-03,"3,540","6,59","0,28","3,64","0,45","0,00"
2017-02-06,"3,460","6,59","0,28","3,64","0,45","0,00"
2017-02-07,"3,400","6,59","0,28","3,64","0,45","0,00"
2017-02-08,"3,360","6,59","0,28","3,64","0,45","0,00"
2017-02-09,"3,390","6,59","0,28","3,64","0,45","0,00"
2017-02-10,"3,330","6,59","0,28","3,64","0,45","0,00"
2017-02-13,"3,360","6,59","0,28","3,64","0,45","0,00"
2017-02-14,"3,370","6,59","0,28","3,64","0,45","0,00"
2017-02-15,"3,400","6,59","0,28","3,64","0,45","0,00"
2017-02-16,"3,410","6,59","0,28","3,64","0,45","0,00"
2017-02-17,"3,370","6,59","0,28","3,64","0,45","0,00"
2017-02-20,"3,360","6,59","0,28","3,64","0,45","0,00"
2017-02-21,"3,400","6,59","0,28","3,64","0,45","0,00"
2017-02-22,"3,330","6,59","0,28","3,64","0,45","0,00"
2017-02-23,"3,270","6,59","0,28","3,64","0,45","0,00"
2017-02-24,"3,210","6,59","0,28","3,64","0,45","0,00"
2017-02-27,"3,230","6,59","0,28","3,64","0,45","0,00"
2017-02-28,"3,300","6,59","0,28","3,64","0,45","0,00"
2017-03-01,"3,400","6,59","0,28","3,64","0,45","0,00"
2017-03-02,"3,390","6,59","0,28","3,64","0,45","0,00"
2017-03-03,"3,470","6,59","0,28","3,64","0,45","0,00"
2017-03-06,"3,480","6,59","0,28","3,64","0,45","0,00"
2017-03-07,"3,450","6,59","0,28","3,64","0,45","0,00"
2017-03-08,"3,490","6,59","0,28","3,64","0,45","0,00"
2017-03-09,"3,620","6,59","0,28","3,64","0,45","0,00"
2017-03-10,"3,760","6,59","0,28","3,64","0,45","0,00"
2017-03-13,"3,760","6,59","0,28","3,64","0,45","0,00"
2017-03-14,"3,730","6,59","0,28","3,64","0,45","0,00"
2017-03-15,"3,820","6,59","0,28","3,64","0,45","0,00"
2017-03-16,"3,870","6,59","0,28","3,64","0,45","0,00"
2017-03-17,"3,880","6,59","0,28","3,64","0,45","0,00"
2017-03-20,"3,850","6,59","0,28","3,64","0,45","0,00"
2017-03-21,"3,850","6,59","0,28","3,64","0,45","0,00"
2017-03-22,"3,890","6,59","0,28","3,64","0,45","0,00"
2017-03-23,"3,920","6,59","0,28","3,64","0,45","0,00"
2017-03-24,"3,920","6,59","0,28","3,64","0,45","0,00"
2017-03-27,"3,910","6,59","0,28","3,64","0,45","0,00"
2017-03-28,"4,000","6,59","0,28","3,64","0,45","0,00"
2017-03-29,"3,980","6,59","0,28","3,64","0,45","0,00"
2017-03-30,"4,030","6,59","0,28","3,64","0,45","0,00"
2017-03-31,"4,030","6,59","0,28","3,64","0,45","0,00"
2017-04-03,"3,930","6,59","0,28","3,64","0,45","0,00"
2017-04-04,"3,940","6,59","0,28","3,64","0,45","0,00"
2017-04-05,"3,980","6,59","0,28","3,64","0,45","0,00"
2017-04-06,"4,040","6,59","0,28","3,64","0,45","0,00"
2017-04-07,"4,050","6,59","0,28","3,64","0,45","0,00"
2017-04-10,"3,930","6,59","0,28","3,64","0,45","0,00"
2017-04-11,"3,820","6,59","0,28","3,64","0,45","0,00"
2017-04-12,"3,750","6,59","0,28","3,64","0,45","0,00"
2017-04-13,"3,740","6,59","0,28","3,64","0,45","0,00"
2017-04-18,"3,700","6,59","0,28","3,64","0,45","0,00"
2017-04-19,"3,830","6,59","0,28","3,64","0,45","0,00"
2017-04-20,"3,850","6,59","0,28","3,64","0,45","0,00"
2017-04-21,"3,920","6,59","0,28","3,64","0,45","0,00"
2017-04-24,"4,100","6,59","0,28","3,64","0,45","0,00"
2017-04-25,"4,150","6,59","0,28","3,64","0,45","0,00"
2017-04-26,"4,120","6,59","0,28","3,64","0,45","0,00"
2017-04-27,"4,030","6,59","0,28","3,64","0,45","0,00"
2017-04-28,"4,170","6,59","0,28","3,64","0,45","0,00"
2017-05-02,"4,210","6,59","0,28","3,64","0,45","0,00"
2017-05-03,"4,220","6,59","0,28","3,64","0,45","0,00"
2017-05-04,"4,390","6,59","0,28","3,64","0,45","0,00"
2017-05-05,"4,430","6,59","0,28","3,64","0,45","0,00"
2017-05-08,"4,320","6,59","0,28","3,64","0,45","0,00"
2017-05-09,"4,250","6,59","0,28","3,64","0,45","0,00"
2017-05-10,"4,260","6,59","0,28","3,64","0,45","0,00"
2017-05-11,"4,250","6,59","0,28","3,64","0,45","0,00"
2017-05-12,"4,200","6,59","0,28","3,64","0,45","0,00"
2017-05-15,"4,280","6,59","0,28","3,64","0,45","0,00"
2017-05-16,"4,330","6,59","0,28","3,64","0,45","0,00"
2017-05-17,"4,160","6,59","0,28","3,64","0,45","0,00"
2017-05-18,"4,170","6,59","0,28","3,64","0,45","0,00"
2017-05-19,"4,220","6,59","0,28","3,64","0,45","0,00"
2017-05-22,"4,160","6,59","0,28","3,64","0,45","0,00"
2017-05-23,"4,270","6,59","0,28","3,64","0,45","0,00"
2017-05-24,"4,270","6,59","0,28","3,64","0,45","0,00"
2017-05-25,"4,230","6,59","0,28","3,64","0,45","0,00"
2017-05-26,"4,230","6,59","0,28","3,64","0,45","0,00"
2017-05-29,"4,210","6,59","0,28","3,64","0,45","0,00"
2017-05-30,"4,160","6,59","0,28","3,64","0,45","0,00"
2017-05-31,"4,200","6,59","0,28","3,64","0,45","0,00"
2017-06-01,"4,140","6,59","0,28","3,64","0,45","0,00"
2017-06-02,"4,120","6,59","0,28","3,64","0,45","0,00"
2017-06-05,"4,120","6,59","0,28","3,64","0,45","0,00"
2017-06-06,"4,090","6,59","0,28","3,64","0,45","0,00"
2017-06-07,"4,160","6,59","0,28","3,64","0,45","0,00"
2017-06-08,"4,120","6,59","0,28","3,64","0,45","0,00"
2017-06-09,"4,190","6,59","0,28","3,64","0,45","0,00"
2017-06-12,"4,110","6,59","0,28","3,64","0,45","0,00"
2017-06-13,"4,100","6,59","0,28","3,64","0,45","0,00"
2017-06-14,"4,010","6,59","0,28","3,64","0,45","0,00"
2017-06-15,"4,060","6,59","0,28","3,64","0,45","0,00"
2017-06-16,"4,090","6,59","0,28","3,64","0,45","0,00"
2017-06-19,"4,180","6,59","0,28","3,64","0,45","0,00"
2017-06-20,"4,130","6,59","0,28","3,64","0,45","0,00"
2017-06-21,"4,130","6,59","0,28","3,64","0,45","0,00"
2017-06-22,"4,110","6,59","0,28","3,64","0,45","0,00"
2017-06-23,"4,030","6,59","0,28","3,64","0,45","0,00"
2017-06-26,"4,080","6,59","0,28","3,64","0,45","0,00"
2017-06-27,"4,210","6,59","0,28","3,64","0,45","0,00"
2017-06-28,"4,300","6,59","0,28","3,64","0,45","0,00"
2017-06-29,"4,260","6,59","0,28","3,64","0,45","0,00"
2017-06-30,"4,180","6,59","0,28","3,64","0,45","0,00"
2017-07-03,"4,350","6,59","0,28","3,64","0,45","0,00"
2017-07-04,"4,360","6,59","0,28","3,64","0,45","0,00"
2017-07-05,"4,310","6,59","0,28","3,64","0,45","0,00"
2017-07-06,"4,340","6,59","0,28","3,64","0,45","0,00"
2017-07-07,"4,250","6,59","0,28","3,64","0,45","0,00"
2017-07-10,"4,270","6,59","0,28","3,64","0,45","0,00"
2017-07-11,"4,230","6,59","0,28","3,64","0,45","0,00"
2017-07-12,"4,250","6,59","0,28","3,64","0,45","0,00"
2017-07-13,"4,320","6,59","0,28","3,64","0,45","0,00"
2017-07-14,"4,320","6,59","0,28","3,64","0,45","0,00"
2017-07-17,"4,320","6,59","0,28","3,64","0,45","0,00"
2017-07-18,"4,210","6,59","0,28","3,64","0,45","0,00"
2017-07-19,"4,200","6,59","0,28","3,64","0,45","0,00"
2017-07-20,"4,250","6,59","0,28","3,64","0,45","0,00"
2017-07-21,"4,190","6,59","0,28","3,64","0,45","0,00"
2017-07-24,"4,240","6,59","0,28","3,64","0,45","0,00"
2017-07-25,"4,330","6,59","0,28","3,64","0,45","0,00"
2017-07-26,"4,350","6,59","0,28","3,64","0,45","0,00"
2017-07-27,"4,350","6,59","0,28","3,64","0,45","0,00"
2017-07-28,"4,440","6,59","0,28","3,64","0,45","0,00"
2017-07-31,"4,420","6,59","0,28","3,64","0,45","0,00"
2017-08-01,"4,450","6,59","0,28","3,64","0,45","0,00"
2017-08-02,"4,420","6,59","0,28","3,64","0,45","0,00"
2017-08-03,"4,430","6,59","0,28","3,64","0,45","0,00"
2017-08-04,"4,460","6,59","0,28","3,64","0,45","0,00"
2017-08-07,"4,490","6,59","0,28","3,64","0,45","0,00"
2017-08-08,"4,500","6,59","0,28","3,64","0,45","0,00"
2017-08-09,"4,430","6,59","0,28","3,64","0,45","0,00"
2017-08-10,"4,380","6,59","0,28","3,64","0,45","0,00"
2017-08-11,"4,320","6,59","0,28","3,64","0,45","0,00"
2017-08-14,"4,390","6,59","0,28","3,64","0,45","0,00"
2017-08-15,"4,420","6,59","0,28","3,64","0,45","0,00"
2017-08-16,"4,470","6,59","0,28","3,64","0,45","0,00"
2017-08-17,"4,390","6,59","0,28","3,64","0,45","0,00"
2017-08-18,"4,410","6,59","0,28","3,64","0,45","0,00"
2017-08-21,"4,360","6,59","0,28","3,64","0,45","0,00"
2017-08-22,"4,390","6,59","0,28","3,64","0,45","0,00"
2017-08-23,"4,360","6,59","0,28","3,64","0,45","0,00"
2017-08-24,"4,390","6,59","0,28","3,64","0,45","0,00"
2017-08-25,"4,360","6,59","0,28","3,64","0,45","0,00"
2017-08-28,"4,350","6,59","0,28","3,64","0,45","0,00"
2017-08-29,"4,260","6,59","0,28","3,64","0,45","0,00"
2017-08-30,"4,290","6,59","0,28","3,64","0,45","0,00"
2017-08-31,"4,340","6,59","0,28","3,64","0,45","0,00"
2017-09-01,"4,380","6,59","0,28","3,64","0,45","0,00"
2017-09-04,"4,320","6,59","0,28","3,64","0,45","0,00"
2017-09-05,"4,210","6,59","0,28","3,64","0,45","0,00"
2017-09-06,"4,120","6,59","0,28","3,64","0,45","0,00"
2017-09-07,"4,110","6,59","0,28","3,64","0,45","0,00"
2017-09-08,"4,170","6,59","0,28","3,64","0,45","0,00"
2017-09-11,"4,250","6,59","0,28","3,64","0,45","0,00"
2017-09-12,"4,270","6,59","0,28","3,64","0,45","0,00"
2017-09-13,"4,340","6,59","0,28","3,64","0,45","0,00"
2017-09-14,"4,330","6,59","0,28","3,64","0,45","0,00"
2017-09-15,"4,320","6,59","0,28","3,64","0,45","0,00"
2017-09-18,"4,270","6,59","0,28","3,64","0,45","0,00"
2017-09-19,"4,230","6,59","0,28","3,64","0,45","0,00"
2017-09-20,"4,150","6,59","0,28","3,64","0,45","0,00"
2017-09-21,"4,240","6,59","0,28","3,64","0,45","0,00"
2017-09-22,"4,270","6,59","0,28","3,64","0,45","0,00"
2017-09-25,"4,110","6,59","0,28","3,64","0,45","0,00"
2017-09-26,"4,120","6,59","0,28","3,64","0,45","0,00"
2017-09-27,"4,300","6,59","0,28","3,64","0,45","0,00"
2017-09-28,"4,240","6,59","0,28","3,64","0,45","0,00"
2017-09-29,"4,240","6,59","0,28","3,64","0,45","0,00"
2017-10-02,"4,050","6,59","0,28","3,64","0,45","0,00"
2017-10-03,"4,120","6,59","0,28","3,64","0,45","0,00"
2017-10-04,"3,910","6,59","0,28","3,64","0,45","0,00"
2017-10-05,"4,110","6,59","0,28","3,64","0,45","0,00"
2017-10-06,"4,080","6,59","0,28","3,64","0,45","0,00"
2017-10-09,"4,140","6,59","0,28","3,64","0,45","0,00"
2017-10-10,"4,050","6,59","0,28","3,64","0,45","0,00"
2017-10-11,"4,060","6,59","0,28","3,64","0,45","0,00"
2017-10-12,"4,070","6,59","0,28","3,64","0,45","0,00"
2017-10-13,"4,040","6,59","0,28","3,64","0,45","0,00"
2017-10-16,"3,970","6,59","0,28","3,64","0,45","0,00"
2017-10-17,"3,950","6,59","0,28","3,64","0,45","0,00"
2017-10-18,"3,940","6,59","0,28","3,64","0,45","0,00"
2017-10-19,"3,890","6,59","0,28","3,64","0,45","0,00"
2017-10-20,"3,860","6,59","0,28","3,64","0,45","0,00"
2017-10-23,"3,830","6,59","0,28","3,64","0,45","0,00"
2017-10-24,"3,870","6,59","0,28","3,64","0,45","0,00"
2017-10-25,"3,880","6,59","0,28","3,64","0,45","0,00"
2017-10-26,"3,950","6,59","0,28","3,64","0,45","0,00"
2017-10-27,"3,840","6,59","0,28","3,64","0,45","0,00"
2017-10-30,"4,000","6,59","0,28","3,64","0,45","0,00"
2017-10-31,"4,020","6,59","0,28","3,64","0,45","0,00"
2017-11-01,"4,080","6,59","0,28","3,64","0,45","0,00"
2017-11-02,"4,040","6,59","0,28","3,64","0,45","0,00"
2017-11-03,"3,970","6,59","0,28","3,64","0,45","0,00"
2017-11-06,"3,970","6,59","0,28","3,64","0,45","0,00"
2017-11-07,"3,960","6,59","0,28","3,64","0,45","0,00"
2017-11-08,"3,980","6,59","0,28","3,64","0,45","0,00"
2017-11-09,"3,890","6,59","0,28","3,64","0,45","0,00"
2017-11-10,"3,870","6,59","0,28","3,64","0,45","0,00"
2017-11-13,"3,910","6,59","0,28","3,64","0,45","0,00"
2017-11-14,"3,930","6,59","0,28","3,64","0,45","0,00"
2017-11-15,"3,980","6,59","0,28","3,64","0,45","0,00"
2017-11-16,"4,000","6,59","0,28","3,64","0,45","0,00"
2017-11-17,"3,940","6,59","0,28","3,64","0,45","0,00"
2017-11-20,"3,900","6,59","0,28","3,64","0,45","0,00"
2017-11-21,"3,870","6,59","0,28","3,64","0,45","0,00"
2017-11-22,"3,900","6,59","0,28","3,64","0,45","0,00"
2017-11-23,"3,900","6,59","0,28","3,64","0,45","0,00"
2017-11-24,"3,950","6,59","0,28","3,64","0,45","0,00"
2017-11-27,"3,900","6,59","0,28","3,64","0,45","0,00"
2017-11-28,"3,920","6,59","0,28","3,64","0,45","0,00"
2017-11-29,"4,050","6,59","0,28","3,64","0,45","0,00"
2017-11-30,"3,990","6,59","0,28","3,64","0,45","0,00"
2017-12-01,"3,870","6,59","0,28","3,64","0,45","0,00"
2017-12-04,"3,900","6,59","0,28","3,64","0,45","0,00"
2017-12-05,"3,900","6,59","0,28","3,64","0,45","0,00"
2017-12-06,"3,850","6,59","0,28","3,64","0,45","0,00"
2017-12-07,"3,930","6,59","0,28","3,64","0,45","0,00"
2017-12-08,"4,040","6,59","0,28","3,64","0,45","0,00"
2017-12-11,"4,060","6,59","0,28","3,64","0,45","0,00"
2017-12-12,"4,010","6,59","0,28","3,64","0,45","0,00"
2017-12-13,"4,000","6,59","0,28","3,64","0,45","0,00"
2017-12-14,"3,920","6,59","0,28","3,64","0,45","0,00"
2017-12-15,"3,900","6,59","0,28","3,64","0,45","0,00"
2017-12-18,"3,930","6,59","0,28","3,64","0,45","0,00"
2017-12-19,"3,970","6,59","0,28","3,64","0,45","0,00"
2017-12-20,"4,000","6,59","0,28","3,64","0,45","0,00"
2017-12-21,"4,090","6,59","0,28","3,64","0,45","0,00"
2017-12-22,"3,940","6,59","0,28","3,64","0,45","0,00"
2017-12-27,"3,940","6,59","0,28","3,64","0,45","0,00"
2017-12-28,"3,900","6,59","0,28","3,64","0,45","0,00"
2017-12-29,"3,890","6,59","0,28","3,64","0,45","0,00"
2018-01-02,"3,970","5,77","0,32","5,01","0,46","0,00"
2018-01-03,"3,980","5,77","0,32","5,01","0,46","0,00"
2018-01-04,"4,060","5,77","0,32","5,01","0,46","0,00"
2018-01-05,"4,070","5,77","0,32","5,01","0,46","0,00"
2018-01-08,"4,070","5,77","0,32","5,01","0,46","0,00"
2018-01-09,"4,140","5,77","0,32","5,01","0,46","0,00"
2018-01-10,"4,240","5,77","0,32","5,01","0,46","0,00"
2018-01-11,"4,270","5,77","0,32","5,01","0,46","0,00"
2018-01-12,"4,280","5,77","0,32","5,01","0,46","0,00"
2018-01-15,"4,270","5,77","0,32","5,01","0,46","0,00"
2018-01-16,"4,260","5,77","0,32","5,01","0,46","0,00"
2018-01-17,"4,260","5,77","0,32","5,01","0,46","0,00"
2018-01-18,"4,260","5,77","0,32","5,01","0,46","0,00"
2018-01-19,"4,310","5,77","0,32","5,01","0,46","0,00"
2018-01-22,"4,420","5,77","0,32","5,01","0,46","0,00"
2018-01-23,"4,370","5,77","0,32","5,01","0,46","0,00"
2018-01-24,"4,310","5,77","0,32","5,01","0,46","0,00"
2018-01-25,"4,440","5,77","0,32","5,01","0,46","0,00"
2018-01-26,"4,410","5,77","0,32","5,01","0,46","0,00"
2018-01-29,"4,380","5,77","0,32","5,01","0,46","0,00"
2018-01-30,"4,330","5,77","0,32","5,01","0,46","0,00"
2018-01-31,"4,350","5,77","0,32","5,01","0,46","0,00"
2018-02-01,"4,370","5,77","0,32","5,01","0,46","0,00"
2018-02-02,"4,240","5,77","0,32","5,01","0,46","0,00"
2018-02-05,"4,180","5,77","0,32","5,01","0,46","0,00"
2018-02-06,"4,100","5,77","0,32","5,01","0,46","0,00"
2018-02-07,"4,180","5,77","0,32","5,01","0,46","0,00"
2018-02-08,"4,070","5,77","0,32","5,01","0,46","0,00"
2018-02-09,"4,010","5,77","0,32","5,01","0,46","0,00"
2018-02-12,"4,070","5,77","0,32","5,01","0,46","0,00"
2018-02-13,"3,980","5,77","0,32","5,01","0,46","0,00"
2018-02-14,"3,990","5,77","0,32","5,01","0,46","0,00"
2018-02-15,"3,990","5,77","0,32","5,01","0,46","0,00"
2018-02-16,"4,020","5,77","0,32","5,01","0,46","0,00"
2018-02-19,"4,070","5,77","0,32","5,01","0,46","0,00"
2018-02-20,"4,050","5,77","0,32","5,01","0,46","0,00"
2018-02-21,"4,040","5,77","0,32","5,01","0,46","0,00"
2018-02-22,"4,000","5,77","0,32","5,01","0,46","0,00"
2018-02-23,"3,980","5,77","0,32","5,01","0,46","0,00"
2018-02-26,"4,000","5,77","0,32","5,01","0,46","0,00"
2018-02-27,"4,010","5,77","0,32","5,01","0,46","0,00"
2018-02-28,"4,010","5,77","0,32","5,01","0,46","0,00"
2018-03-01,"3,970","5,77","0,32","5,01","0,46","0,00"
2018-03-02,"3,850","5,77","0,32","5,01","0,46","0,00"
2018-03-05,"3,850","5,77","0,32","5,01","0,46","0,00"
2018-03-06,"3,870","5,77","0,32","5,01","0,46","0,00"
2018-03-07,"3,880","5,77","0,32","5,01","0,46","0,00"
2018-03-08,"3,880","5,77","0,32","5,01","0,46","0,00"
2018-03-09,"3,860","5,77","0,32","5,01","0,46","0,00"
2018-03-12,"3,870","5,77","0,32","5,01","0,46","0,00"
2018-03-13,"3,890","5,77","0,32","5,01","0,46","0,00"
2018-03-14,"3,830","5,77","0,32","5,01","0,46","0,00"
2018-03-15,"3,810","5,77","0,32","5,01","0,46","0,00"
2018-03-16,"3,880","5,77","0,32","5,01","0,46","0,00"
2018-03-19,"3,840","5,77","0,32","5,01","0,46","0,00"
2018-03-20,"3,930","5,77","0,32","5,01","0,46","0,00"
2018-03-21,"3,910","5,77","0,32","5,01","0,46","0,00"
2018-03-22,"3,820","5,77","0,32","5,01","0,46","0,00"
2018-03-23,"3,800","5,77","0,32","5,01","0,46","0,00"
2018-03-26,"3,800","5,77","0,32","5,01","0,46","0,00"
2018-03-27,"3,810","5,77","0,32","5,01","0,46","0,00"
2018-03-28,"3,820","5,77","0,32","5,01","0,46","0,00"
2018-03-29,"3,870","5,77","0,32","5,01","0,46","0,00"
2018-04-03,"3,810","5,77","0,32","5,01","0,46","0,00"
2018-04-04,"3,810","5,77","0,32","5,01","0,46","0,00"
2018-04-05,"3,930","5,77","0,32","5,01","0,46","0,00"
2018-04-06,"3,870","5,77","0,32","5,01","0,46","0,00"
2018-04-09,"3,920","5,77","0,32","5,01","0,46","0,00"
2018-04-10,"3,980","5,77","0,32","5,01","0,46","0,00"
2018-04-11,"3,920","5,77","0,32","5,01","0,46","0,00"
2018-04-12,"3,940","5,77","0,32","5,01","0,46","0,00"
2018-04-13,"3,950","5,77","0,32","5,01","0,46","0,00"
2018-04-16,"3,970","5,77","0,32","5,01","0,46","0,00"
2018-04-17,"3,980","5,77","0,32","5,01","0,46","0,00"
2018-04-18,"4,010","5,77","0,32","5,01","0,46","0,00"
2018-04-19,"4,020","5,77","0,32","5,01","0,46","0,00"
2018-04-20,"4,000","5,77","0,32","5,01","0,46","0,00"
2018-04-23,"4,060","5,77","0,32","5,01","0,46","0,00"
2018-04-24,"4,010","5,77","0,32","5,01","0,46","0,00"
2018-04-25,"4,000","5,77","0,32","5,01","0,46","0,00"
2018-04-26,"3,960","5,77","0,32","5,01","0,46","0,00"
2018-04-27,"4,030","5,77","0,32","5,01","0,46","0,00"
2018-04-30,"4,040","5,77","0,32","5,01","0,46","0,00"
2018-05-02,"4,170","5,77","0,32","5,01","0,46","0,00"
2018-05-03,"4,080","5,77","0,32","5,01","0,46","0,00"
2018-05-04,"4,160","5,77","0,32","5,01","0,46","0,00"
2018-05-07,"4,200","5,77","0,32","5,01","0,46","0,00"
2018-05-08,"4,230","5,77","0,32","5,01","0,46","0,00"
2018-05-09,"4,220","5,77","0,32","5,01","0,46","0,00"
2018-05-10,"4,270","5,77","0,32","5,01","0,46","0,00"
2018-05-11,"4,300","5,77","0,32","5,01","0,46","0,00"
2018-05-14,"4,320","5,77","0,32","5,01","0,46","0,00"
2018-05-15,"4,290","5,77","0,32","5,01","0,46","0,00"
2018-05-16,"4,140","5,77","0,32","5,01","0,46","0,00"
2018-05-17,"4,180","5,77","0,32","5,01","0,46","0,00"
2018-05-18,"4,110","5,77","0,32","5,01","0,46","0,00"
2018-05-21,"4,100","5,77","0,32","5,01","0,46","0,00"
2018-05-22,"4,200","5,77","0,32","5,01","0,46","0,00"
2018-05-23,"4,160","5,77","0,32","5,01","0,46","0,00"
2018-05-24,"4,060","5,77","0,32","5,01","0,46","0,00"
2018-05-25,"3,910","5,77","0,32","5,01","0,46","0,00"
2018-05-28,"3,870","5,77","0,32","5,01","0,46","0,00"
2018-05-29,"3,690","5,77","0,32","5,01","0,46","0,00"
2018-05-30,"3,730","5,77","0,32","5,01","0,46","0,00"
2018-05-31,"3,640","5,77","0,32","5,01","0,46","0,00"
2018-06-01,"3,730","5,77","0,32","5,01","0,46","0,00"
2018-06-04,"3,720","5,77","0,32","5,01","0,46","0,00"
2018-06-05,"3,660","5,77","0,32","5,01","0,46","0,00"
2018-06-06,"3,690","5,77","0,32","5,01","0,46","0,00"
2018-06-07,"3,850","5,77","0,32","5,01","0,46","0,00"
2018-06-08,"3,850","5,77","0,32","5,01","0,46","0,00"
2018-06-11,"3,960","5,77","0,32","5,01","0,46","0,00"
2018-06-12,"3,960","5,77","0,32","5,01","0,46","0,00"
2018-06-13,"3,930","5,77","0,32","5,01","0,46","0,00"
2018-06-14,"3,860","5,77","0,32","5,01","0,46","0,00"
2018-06-15,"3,710","5,77","0,32","5,01","0,46","0,00"
2018-06-18,"3,690","5,77","0,32","5,01","0,46","0,00"
2018-06-19,"3,720","5,77","0,32","5,01","0,46","0,00"
2018-06-20,"3,720","5,77","0,32","5,01","0,46","0,00"
2018-06-21,"3,650","5,77","0,32","5,01","0,46","0,00"
2018-06-22,"3,670","5,77","0,32","5,01","0,46","0,00"
2018-06-25,"3,580","5,77","0,32","5,01","0,46","0,00"
2018-06-26,"3,560","5,77","0,32","5,01","0,46","0,00"
2018-06-27,"3,560","5,77","0,32","5,01","0,46","0,00"
2018-06-28,"3,590","5,77","0,32","5,01","0,46","0,00"
2018-06-29,"3,710","5,77","0,32","5,01","0,46","0,00"
2018-07-02,"3,670","5,77","0,32","5,01","0,46","0,00"
2018-07-03,"3,710","5,77","0,32","5,01","0,46","0,00"
2018-07-04,"3,790","5,77","0,32","5,01","0,46","0,00"
2018-07-05,"3,890","5,77","0,32","5,01","0,46","0,00"
2018-07-06,"3,860","5,77","0,32","5,01","0,46","0,00"
2018-07-09,"3,880","5,77","0,32","5,01","0,46","0,00"
2018-07-10,"3,850","5,77","0,32","5,01","0,46","0,00"
2018-07-11,"3,750","5,77","0,32","5,01","0,46","0,00"
2018-07-12,"3,730","5,77","0,32","5,01","0,46","0,00"
2018-07-13,"3,730","5,77","0,32","5,01","0,46","0,00"
2018-07-16,"3,740","5,77","0,32","5,01","0,46","0,00"
2018-07-17,"3,730","5,77","0,32","5,01","0,46","0,00"
2018-07-18,"3,740","5,77","0,32","5,01","0,46","0,00"
2018-07-19,"3,720","5,77","0,32","5,01","0,46","0,00"
2018-07-20,"3,710","5,77","0,32","5,01","0,46","0,00"
2018-07-23,"3,730","5,77","0,32","5,01","0,46","0,00"
2018-07-24,"3,840","5,77","0,32","5,01","0,46","0,00"
2018-07-25,"3,840","5,77","0,32","5,01","0,46","0,00"
2018-07-26,"3,830","5,77","0,32","5,01","0,46","0,00"
2018-07-27,"3,860","5,77","0,32","5,01","0,46","0,00"
2018-07-30,"3,920","5,77","0,32","5,01","0,46","0,00"
2018-07-31,"3,960","5,77","0,32","5,01","0,46","0,00"
2018-08-01,"3,960","5,77","0,32","5,01","0,46","0,00"
2018-08-02,"3,900","5,77","0,32","5,01","0,46","0,00"
2018-08-03,"3,930","5,77","0,32","5,01","0,46","0,00"
2018-08-06,"3,940","5,77","0,32","5,01","0,46","0,00"
2018-08-07,"3,980","5,77","0,32","5,01","0,46","0,00"
2018-08-08,"3,970","5,77","0,32","5,01","0,46","0,00"
2018-08-09,"4,000","5,77","0,32","5,01","0,46","0,00"
2018-08-10,"3,880","5,77","0,32","5,01","0,46","0,00"
2018-08-13,"3,860","5,77","0,32","5,01","0,46","0,00"
2018-08-14,"3,820","5,77","0,32","5,01","0,46","0,00"
2018-08-15,"3,750","5,77","0,32","5,01","0,46","0,00"
2018-08-16,"3,800","5,77","0,32","5,01","0,46","0,00"
2018-08-17,"3,780","5,77","0,32","5,01","0,46","0,00"
2018-08-20,"3,840","5,77","0,32","5,01","0,46","0,00"
2018-08-21,"3,870","5,77","0,32","5,01","0,46","0,00"
2018-08-22,"3,890","5,77","0,32","5,01","0,46","0,00"
2018-08-23,"3,890","5,77","0,32","5,01","0,46","0,00"
2018-08-24,"3,900","5,77","0,32","5,01","0,46","0,00"
2018-08-27,"3,970","5,77","0,32","5,01","0,46","0,00"
2018-08-28,"3,920","5,77","0,32","5,01","0,46","0,00"
2018-08-29,"3,950","5,77","0,32","5,01","0,46","0,00"
2018-08-30,"3,910","5,77","0,32","5,01","0,46","0,00"
2018-08-31,"3,860","5,77","0,32","5,01","0,46","0,00"
2018-09-03,"3,880","5,77","0,32","5,01","0,46","0,00"
2018-09-04,"4,050","5,77","0,32","5,01","0,46","0,00"
2018-09-05,"4,070","5,77","0,32","5,01","0,46","0,00"
2018-09-06,"3,990","5,77","0,32","5,01","0,46","0,00"
2018-09-07,"3,970","5,77","0,32","5,01","0,46","0,00"
2018-09-10,"4,010","5,77","0,32","5,01","0,46","0,00"
2018-09-11,"4,020","5,77","0,32","5,01","0,46","0,00"
2018-09-12,"3,970","5,77","0,32","5,01","0,46","0,00"
2018-09-13,"4,030","5,77","0,32","5,01","0,46","0,00"
2018-09-14,"4,080","5,77","0,32","5,01","0,46","0,00"
2018-09-17,"4,160","5,77","0,32","5,01","0,46","0,00"
2018-09-18,"4,180","5,77","0,32","5,01","0,46","0,00"
2018-09-19,"4,190","5,77","0,32","5,01","0,46","0,00"
2018-09-20,"4,170","5,77","0,32","5,01","0,46","0,00"
2018-09-21,"4,020","5,77","0,32","5,01","0,46","0,00"
2018-09-24,"4,000","5,77","0,32","5,01","0,46","0,00"
2018-09-25,"4,040","5,77","0,32","5,01","0,46","0,00"
2018-09-26,"4,000","5,77","0,32","5,01","0,46","0,00"
2018-09-27,"3,980","5,77","0,32","5,01","0,46","0,00"
2018-09-28,"3,940","5,77","0,32","5,01","0,46","0,00"
2018-10-01,"3,870","5,77","0,32","5,01","0,46","0,00"
2018-10-02,"3,840","5,77","0,32","5,01","0,46","0,00"
2018-10-03,"3,850","5,77","0,32","5,01","0,46","0,00"
2018-10-04,"3,920","5,77","0,32","5,01","0,46","0,00"
2018-10-05,"3,870","5,77","0,32","5,01","0,46","0,00"
2018-10-08,"3,840","5,77","0,32","5,01","0,46","0,00"
2018-10-09,"3,920","5,77","0,32","5,01","0,46","0,00"
2018-10-10,"3,900","5,77","0,32","5,01","0,46","0,00"
2018-10-11,"3,860","5,77","0,32","5,01","0,46","0,00"
2018-10-12,"3,840","5,77","0,32","5,01","0,46","0,00"
2018-10-15,"3,830","5,77","0,32","5,01","0,46","0,00"
2018-10-16,"3,860","5,77","0,32","5,01","0,46","0,00"
2018-10-17,"3,810","5,77","0,32","5,01","0,46","0,00"
2018-10-18,"3,640","5,77","0,32","5,01","0,46","0,00"
2018-10-19,"3,670","5,77","0,32","5,01","0,46","0,00"
2018-10-22,"3,530","5,77","0,32","5,01","0,46","0,00"
2018-10-23,"3,460","5,77","0,32","5,01","0,46","0,00"
2018-10-24,"3,380","5,77","0,32","5,01","0,46","0,00"
2018-10-25,"3,460","5,77","0,32","5,01","0,46","0,00"
2018-10-26,"3,500","5,77","0,32","5,01","0,46","0,00"
2018-10-29,"3,510","5,77","0,32","5,01","0,46","0,00"
2018-10-30,"3,550","5,77","0,32","5,01","0,46","0,00"
2018-10-31,"3,580","5,77","0,32","5,01","0,46","0,00"
2018-11-01,"3,510","5,77","0,32","5,01","0,46","0,00"
2018-11-02,"3,560","5,77","0,32","5,01","0,46","0,00"
2018-11-05,"3,590","5,77","0,32","5,01","0,46","0,00"
2018-11-06,"3,560","5,77","0,32","5,01","0,46","0,00"
2018-11-07,"3,720","5,77","0,32","5,01","0,46","0,00"
2018-11-08,"3,690","5,77","0,32","5,01","0,46","0,00"
2018-11-09,"3,670","5,77","0,32","5,01","0,46","0,00"
2018-11-12,"3,670","5,77","0,32","5,01","0,46","0,00"
2018-11-13,"3,710","5,77","0,32","5,01","0,46","0,00"
2018-11-14,"3,730","5,77","0,32","5,01","0,46","0,00"
2018-11-15,"3,730","5,77","0,32","5,01","0,46","0,00"
2018-11-16,"3,730","5,77","0,32","5,01","0,46","0,00"
2018-11-19,"3,710","5,77","0,32","5,01","0,46","0,00"
2018-11-20,"3,660","5,77","0,32","5,01","0,46","0,00"
2018-11-21,"3,680","5,77","0,32","5,01","0,46","0,00"
2018-11-22,"3,650","5,77","0,32","5,01","0,46","0,00"
2018-11-23,"3,650","5,77","0,32","5,01","0,46","0,00"
2018-11-26,"3,710","5,77","0,32","5,01","0,46","0,00"
2018-11-27,"3,650","5,77","0,32","5,01","0,46","0,00"
2018-11-28,"3,570","5,77","0,32","5,01","0,46","0,00"
2018-11-29,"3,620","5,77","0,32","5,01","0,46","0,00"
2018-11-30,"3,630","5,77","0,32","5,01","0,46","0,00"
2018-12-03,"3,630","5,77","0,32","5,01","0,46","0,00"
2018-12-04,"3,520","5,77","0,32","5,01","0,46","0,00"
2018-12-05,"3,470","5,77","0,32","5,01","0,46","0,00"
2018-12-06,"3,320","5,77","0,32","5,01","0,46","0,00"
2018-12-07,"3,360","5,77","0,32","5,01","0,46","0,00"
2018-12-10,"3,300","5,77","0,32","5,01","0,46","0,00"
2018-12-11,"3,310","5,77","0,32","5,01","0,46","0,00"
2018-12-12,"3,380","5,77","0,32","5,01","0,46","0,00"
2018-12-13,"3,400","5,77","0,32","5,01","0,46","0,00"
2018-12-14,"3,390","5,77","0,32","5,01","0,46","0,00"
2018-12-17,"3,360","5,77","0,32","5,01","0,46","0,00"
2018-12-18,"3,320","5,77","0,32","5,01","0,46","0,00"
2018-12-19,"3,350","5,77","0,32","5,01","0,46","0,00"
2018-12-20,"3,270","5,77","0,32","5,01","0,46","0,00"
2018-12-21,"3,170","5,77","0,32","5,01","0,46","0,00"
2018-12-24,"3,090","5,77","0,32","5,01","0,46","0,00"
2018-12-27,"3,060","5,77","0,32","5,01","0,46","0,00"
2018-12-28,"3,130","5,77","0,32","5,01","0,46","0,00"
2018-12-31,"3,160","5,77","0,32","5,01","0,46","0,00"
2019-01-02,"3,130","7,10","0,26","3,61","0,44","0,00"
2019-01-03,"3,130","7,10","0,26","3,61","0,44","0,00"
2019-01-04,"3,250","7,10","0,26","3,61","0,44","0,00"
2019-01-07,"3,270","7,10","0,26","3,61","0,44","0,00"
2019-01-08,"3,270","7,10","0,26","3,61","0,44","0,00"
2019-01-09,"3,250","7,10","0,26","3,61","0,44","0,00"
2019-01-10,"3,220","7,10","0,26","3,61","0,44","0,00"
2019-01-11,"3,250","7,10","0,26","3,61","0,44","0,00"
2019-01-14,"3,260","7,10","0,26","3,61","0,44","0,00"
2019-01-15,"3,310","7,10","0,26","3,61","0,44","0,00"
2019-01-16,"3,360","7,10","0,26","3,61","0,44","0,00"
2019-01-17,"3,310","7,10","0,26","3,61","0,44","0,00"
2019-01-18,"3,310","7,10","0,26","3,61","0,44","0,00"
2019-01-21,"3,290","7,10","0,26","3,61","0,44","0,00"
2019-01-22,"3,250","7,10","0,26","3,61","0,44","0,00"
2019-01-23,"3,370","7,10","0,26","3,61","0,44","0,00"
2019-01-24,"3,310","7,10","0,26","3,61","0,44","0,00"
2019-01-25,"3,400","7,10","0,26","3,61","0,44","0,00"
2019-01-28,"3,330","7,10","0,26","3,61","0,44","0,00"
2019-01-29,"3,310","7,10","0,26","3,61","0,44","0,00"
2019-01-30,"3,360","7,10","0,26","3,61","0,44","0,00"
2019-01-31,"3,300","7,10","0,26","3,61","0,44","0,00"
2019-02-01,"3,060","7,10","0,26","3,61","0,44","0,00"
2019-02-04,"2,920","7,10","0,26","3,61","0,44","0,00"
2019-02-05,"2,940","7,10","0,26","3,61","0,44","0,00"
2019-02-06,"2,940","7,10","0,26","3,61","0,44","0,00"
2019-02-07,"2,890","7,10","0,26","3,61","0,44","0,00"
2019-02-08,"2,890","7,10","0,26","3,61","0,44","0,00"
2019-02-11,"2,960","7,10","0,26","3,61","0,44","0,00"
2019-02-12,"2,960","7,10","0,26","3,61","0,44","0,00"
2019-02-13,"2,960","7,10","0,26","3,61","0,44","0,00"
2019-02-14,"2,920","7,10","0,26","3,61","0,44","0,00"
2019-02-15,"3,010","7,10","0,26","3,61","0,44","0,00"
2019-02-18,"3,060","7,10","0,26","3,61","0,44","0,00"
2019-02-19,"3,050","7,10","0,26","3,61","0,44","0,00"
2019-02-20,"3,030","7,10","0,26","3,61","0,44","0,00"
2019-02-21,"3,010","7,10","0,26","3,61","0,44","0,00"
2019-02-22,"3,010","7,10","0,26","3,61","0,44","0,00"
2019-02-25,"3,030","7,10","0,26","3,61","0,44","0,00"
2019-02-26,"3,040","7,10","0,26","3,61","0,44","0,00"
2019-02-27,"3,110","7,10","0,26","3,61","0,44","0,00"
2019-02-28,"3,140","7,10","0,26","3,61","0,44","0,00"
2019-03-01,"3,100","7,10","0,26","3,61","0,44","0,00"
2019-03-04,"3,110","7,10","0,26","3,61","0,44","0,00"
2019-03-05,"3,110","7,10","0,26","3,61","0,44","0,00"
2019-03-06,"3,110","7,10","0,26","3,61","0,44","0,00"
2019-03-07,"2,990","7,10","0,26","3,61","0,44","0,00"
2019-03-08,"2,910","7,10","0,26","3,61","0,44","0,00"
2019-03-11,"2,930","7,10","0,26","3,61","0,44","0,00"
2019-03-12,"2,930","7,10","0,26","3,61","0,44","0,00"
2019-03-13,"2,960","7,10","0,26","3,61","0,44","0,00"
2019-03-14,"2,960","7,10","0,26","3,61","0,44","0,00"
2019-03-15,"2,940","7,10","0,26","3,61","0,44","0,00"
2019-03-18,"3,030","7,10","0,26","3,61","0,44","0,00"
2019-03-19,"3,030","7,10","0,26","3,61","0,44","0,00"
2019-03-20,"2,920","7,10","0,26","3,61","0,44","0,00"
2019-03-21,"2,870","7,10","0,26","3,61","0,44","0,00"
2019-03-22,"2,800","7,10","0,26","3,61","0,44","0,00"
2019-03-25,"2,780","7,10","0,26","3,61","0,44","0,00"
2019-03-26,"2,750","7,10","0,26","3,61","0,44","0,00"
2019-03-27,"2,790","7,10","0,26","3,61","0,44","0,00"
2019-03-28,"2,770","7,10","0,26","3,61","0,44","0,00"
2019-03-29,"2,780","7,10","0,26","3,61","0,44","0,00"
2019-04-01,"2,910","7,10","0,26","3,61","0,44","0,00"
2019-04-02,"2,860","7,10","0,26","3,61","0,44","0,00"
2019-04-03,"2,940","7,10","0,26","3,61","0,44","0,00"
2019-04-04,"2,970","7,10","0,26","3,61","0,44","0,00"
2019-04-05,"2,970","7,10","0,26","3,61","0,44","0,00"
2019-04-08,"2,960","7,10","0,26","3,61","0,44","0,00"
2019-04-09,"2,940","7,10","0,26","3,61","0,44","0,00"
2019-04-10,"2,870","7,10","0,26","3,61","0,44","0,00"
2019-04-11,"2,840","7,10","0,26","3,61","0,44","0,00"
2019-04-12,"2,890","7,10","0,26","3,61","0,44","0,00"
2019-04-15,"2,900","7,10","0,26","3,61","0,44","0,00"
2019-04-16,"2,940","7,10","0,26","3,61","0,44","0,00"
2019-04-17,"3,000","7,10","0,26","3,61","0,44","0,00"
2019-04-18,"2,960","7,10","0,26","3,61","0,44","0,00"
2019-04-23,"2,870","7,10","0,26","3,61","0,44","0,00"
2019-04-24,"2,820","7,10","0,26","3,61","0,44","0,00"
2019-04-25,"2,810","7,10","0,26","3,61","0,44","0,00"
2019-04-26,"2,840","7,10","0,26","3,61","0,44","0,00"
2019-04-29,"2,920","7,10","0,26","3,61","0,44","0,00"
2019-04-30,"2,840","7,10","0,26","3,61","0,44","0,00"
2019-05-02,"2,870","7,10","0,26","3,61","0,44","0,00"
2019-05-03,"2,880","7,10","0,26","3,61","0,44","0,00"
2019-05-06,"2,840","7,10","0,26","3,61","0,44","0,00"
2019-05-07,"2,790","7,10","0,26","3,61","0,44","0,00"
2019-05-08,"2,830","7,10","0,26","3,61","0,44","0,00"
2019-05-09,"2,760","7,10","0,26","3,61","0,44","0,00"
2019-05-10,"2,750","7,10","0,26","3,61","0,44","0,00"
2019-05-13,"2,730","7,10","0,26","3,61","0,44","0,00"
2019-05-14,"2,720","7,10","0,26","3,61","0,44","0,00"
2019-05-15,"2,720","7,10","0,26","3,61","0,44","0,00"
2019-05-16,"2,810","7,10","0,26","3,61","0,44","0,00"
2019-05-17,"2,790","7,10","0,26","3,61","0,44","0,00"
2019-05-20,"2,770","7,10","0,26","3,61","0,44","0,00"
2019-05-21,"2,810","7,10","0,26","3,61","0,44","0,00"
2019-05-22,"2,780","7,10","0,26","3,61","0,44","0,00"
2019-05-23,"2,770","7,10","0,26","3,61","0,44","0,00"
2019-05-24,"2,760","7,10","0,26","3,61","0,44","0,00"
2019-05-27,"2,780","7,10","0,26","3,61","0,44","0,00"
2019-05-28,"2,830","7,10","0,26","3,61","0,44","0,00"
2019-05-29,"2,790","7,10","0,26","3,61","0,44","0,00"
2019-05-30,"2,830","7,10","0,26","3,61","0,44","0,00"
2019-05-31,"2,760","7,10","0,26","3,61","0,44","0,00"
2019-06-03,"2,710","7,10","0,26","3,61","0,44","0,00"
2019-06-04,"2,810","7,10","0,26","3,61","0,44","0,00"
2019-06-05,"2,710","7,10","0,26","3,61","0,44","0,00"
2019-06-06,"2,660","7,10","0,26","3,61","0,44","0,00"
2019-06-07,"2,620","7,10","0,26","3,61","0,44","0,00"
2019-06-10,"2,680","7,10","0,26","3,61","0,44","0,00"
2019-06-11,"2,630","7,10","0,26","3,61","0,44","0,00"
2019-06-12,"2,590","7,10","0,26","3,61","0,44","0,00"
2019-06-13,"2,590","7,10","0,26","3,61","0,44","0,00"
2019-06-14,"2,580","7,10","0,26","3,61","0,44","0,00"
2019-06-17,"2,570","7,10","0,26","3,61","0,44","0,00"
2019-06-18,"2,530","7,10","0,26","3,61","0,44","0,00"
2019-06-19,"2,530","7,10","0,26","3,61","0,44","0,00"
2019-06-20,"2,480","7,10","0,26","3,61","0,44","0,00"
2019-06-21,"2,460","7,10","0,26","3,61","0,44","0,00"
2019-06-24,"2,440","7,10","0,26","3,61","0,44","0,00"
2019-06-25,"2,440","7,10","0,26","3,61","0,44","0,00"
2019-06-26,"2,460","7,10","0,26","3,61","0,44","0,00"
2019-06-27,"2,490","7,10","0,26","3,61","0,44","0,00"
2019-06-28,"2,520","7,10","0,26","3,61","0,44","0,00"
2019-07-01,"2,540","7,10","0,26","3,61","0,44","0,00"
2019-07-02,"2,490","7,10","0,26","3,61","0,44","0,00"
2019-07-03,"2,550","7,10","0,26","3,61","0,44","0,00"
2019-07-04,"2,630","7,10","0,26","3,61","0,44","0,00"
2019-07-05,"2,620","7,10","0,26","3,61","0,44","0,00"
2019-07-08,"2,550","7,10","0,26","3,61","0,44","0,00"
2019-07-09,"2,540","7,10","0,26","3,61","0,44","0,00"
2019-07-10,"2,560","7,10","0,26","3,61","0,44","0,00"
2019-07-11,"2,550","7,10","0,26","3,61","0,44","0,00"
2019-07-12,"2,560","7,10","0,26","3,61","0,44","0,00"
2019-07-15,"2,560","7,10","0,26","3,61","0,44","0,00"
2019-07-16,"2,600","7,10","0,26","3,61","0,44","0,00"
2019-07-17,"2,510","7,10","0,26","3,61","0,44","0,00"
2019-07-18,"2,510","7,10","0,26","3,61","0,44","0,00"
2019-07-19,"2,410","7,10","0,26","3,61","0,44","0,00"
2019-07-22,"2,400","7,10","0,26","3,61","0,44","0,00"
2019-07-23,"2,450","7,10","0,26","3,61","0,44","0,00"
2019-07-24,"2,440","7,10","0,26","3,61","0,44","0,00"
2019-07-25,"2,430","7,10","0,26","3,61","0,44","0,00"
2019-07-26,"2,270","7,10","0,26","3,61","0,44","0,00"
2019-07-29,"2,300","7,10","0,26","3,61","0,44","0,00"
2019-07-30,"2,240","7,10","0,26","3,61","0,44","0,00"
2019-07-31,"2,230","7,10","0,26","3,61","0,44","0,00"
2019-08-01,"2,260","7,10","0,26","3,61","0,44","0,00"
2019-08-02,"2,220","7,10","0,26","3,61","0,44","0,00"
2019-08-05,"2,230","7,10","0,26","3,61","0,44","0,00"
2019-08-06,"2,190","7,10","0,26","3,61","0,44","0,00"
2019-08-07,"2,200","7,10","0,26","3,61","0,44","0,00"
2019-08-08,"2,250","7,10","0,26","3,61","0,44","0,00"
2019-08-09,"2,190","7,10","0,26","3,61","0,44","0,00"
2019-08-12,"2,100","7,10","0,26","3,61","0,44","0,00"
2019-08-13,"2,080","7,10","0,26","3,61","0,44","0,00"
2019-08-14,"2,010","7,10","0,26","3,61","0,44","0,00"
2019-08-15,"2,010","7,10","0,26","3,61","0,44","0,00"
2019-08-16,"2,100","7,10","0,26","3,61","0,44","0,00"
2019-08-19,"2,070","7,10","0,26","3,61","0,44","0,00"
2019-08-20,"2,020","7,10","0,26","3,61","0,44","0,00"
2019-08-21,"2,000","7,10","0,26","3,61","0,44","0,00"
2019-08-22,"2,060","7,10","0,26","3,61","0,44","0,00"
2019-08-23,"2,030","7,10","0,26","3,61","0,44","0,00"
2019-08-26,"2,040","7,10","0,26","3,61","0,44","0,00"
2019-08-27,"2,050","7,10","0,26","3,61","0,44","0,00"
2019-08-28,"2,050","7,10","0,26","3,61","0,44","0,00"
2019-08-29,"2,080","7,10","0,26","3,61","0,44","0,00"
2019-08-30,"2,060","7,10","0,26","3,61","0,44","0,00"
2019-09-02,"2,020","7,10","0,26","3,61","0,44","0,00"
2019-09-03,"2,020","7,10","0,26","3,61","0,44","0,00"
2019-09-04,"2,050","7,10","0,26","3,61","0,44","0,00"
2019-09-05,"2,160","7,10","0,26","3,61","0,44","0,00"
2019-09-06,"2,140","7,10","0,26","3,61","0,44","0,00"
2019-09-09,"2,210","7,10","0,26","3,61","0,44","0,00"
2019-09-10,"2,270","7,10","0,26","3,61","0,44","0,00"
2019-09-11,"2,260","7,10","0,26","3,61","0,44","0,00"
2019-09-12,"2,240","7,10","0,26","3,61","0,44","0,00"
2019-09-13,"2,400","7,10","0,26","3,61","0,44","0,00"
2019-09-16,"2,380","7,10","0,26","3,61","0,44","0,00"
2019-09-17,"2,290","7,10","0,26","3,61","0,44","0,00"
2019-09-18,"2,300","7,10","0,26","3,61","0,44","0,00"
2019-09-19,"2,390","7,10","0,26","3,61","0,44","0,00"
2019-09-20,"2,400","7,10","0,26","3,61","0,44","0,00"
2019-09-23,"2,350","7,10","0,26","3,61","0,44","0,00"
2019-09-24,"2,350","7,10","0,26","3,61","0,44","0,00"
2019-09-25,"2,370","7,10","0,26","3,61","0,44","0,00"
2019-09-26,"2,370","7,10","0,26","3,61","0,44","0,00"
2019-09-27,"2,400","7,10","0,26","3,61","0,44","0,00"
2019-09-30,"2,410","7,10","0,26","3,61","0,44","0,00"
2019-10-01,"2,370","7,10","0,26","3,61","0,44","0,00"
2019-10-02,"2,300","7,10","0,26","3,61","0,44","0,00"
2019-10-03,"2,300","7,10","0,26","3,61","0,44","0,00"
2019-10-04,"2,290","7,10","0,26","3,61","0,44","0,00"
2019-10-07,"2,330","7,10","0,26","3,61","0,44","0,00"
2019-10-08,"2,290","7,10","0,26","3,61","0,44","0,00"
2019-10-09,"2,300","7,10","0,26","3,61","0,44","0,00"
2019-10-10,"2,400","7,10","0,26","3,61","0,44","0,00"
2019-10-11,"2,530","7,10","0,26","3,61","0,44","0,00"
2019-10-14,"2,520","7,10","0,26","3,61","0,44","0,00"
2019-10-15,"2,580","7,10","0,26","3,61","0,44","0,00"
2019-10-16,"2,620","7,10","0,26","3,61","0,44","0,00"
2019-10-17,"2,580","7,10","0,26","3,61","0,44","0,00"
2019-10-18,"2,560","7,10","0,26","3,61","0,44","0,00"
2019-10-21,"2,650","7,10","0,26","3,61","0,44","0,00"
2019-10-22,"2,560","7,10","0,26","3,61","0,44","0,00"
2019-10-23,"2,590","7,10","0,26","3,61","0,44","0,00"
2019-10-24,"2,540","7,10","0,26","3,61","0,44","0,00"
2019-10-25,"2,550","7,10","0,26","3,61","0,44","0,00"
2019-10-28,"2,540","7,10","0,26","3,61","0,44","0,00"
2019-10-29,"2,530","7,10","0,26","3,61","0,44","0,00"
2019-10-30,"2,500","7,10","0,26","3,61","0,44","0,00"
2019-10-31,"2,560","7,10","0,26","3,61","0,44","0,00"
2019-11-01,"2,650","7,10","0,26","3,61","0,44","0,00"
2019-11-04,"2,690","7,10","0,26","3,61","0,44","0,00"
2019-11-05,"2,770","7,10","0,26","3,61","0,44","0,00"
2019-11-06,"2,730","7,10","0,26","3,61","0,44","0,00"
2019-11-07,"2,800","7,10","0,26","3,61","0,44","0,00"
2019-11-08,"2,790","7,10","0,26","3,61","0,44","0,00"
2019-11-11,"2,760","7,10","0,26","3,61","0,44","0,00"
2019-11-12,"2,650","7,10","0,26","3,61","0,44","0,00"
2019-11-13,"2,590","7,10","0,26","3,61","0,44","0,00"
2019-11-14,"2,590","7,10","0,26","3,61","0,44","0,00"
2019-11-15,"2,630","7,10","0,26","3,61","0,44","0,00"
2019-11-18,"2,640","7,10","0,26","3,61","0,44","0,00"
2019-11-19,"2,660","7,10","0,26","3,61","0,44","0,00"
2019-11-20,"2,650","7,10","0,26","3,61","0,44","0,00"
2019-11-21,"2,670","7,10","0,26","3,61","0,44","0,00"
2019-11-22,"2,690","7,10","0,26","3,61","0,44","0,00"
2019-11-25,"2,680","7,10","0,26","3,61","0,44","0,00"
2019-11-26,"2,670","7,10","0,26","3,61","0,44","0,00"
2019-11-27,"2,720","7,10","0,26","3,61","0,44","0,00"
2019-11-28,"2,680","7,10","0,26","3,61","0,44","0,00"
2019-11-29,"2,680","7,10","0,26","3,61","0,44","0,00"
2019-12-02,"2,660","7,10","0,26","3,61","0,44","0,00"
2019-12-03,"2,650","7,10","0,26","3,61","0,44","0,00"
2019-12-04,"2,730","7,10","0,26","3,61","0,44","0,00"
2019-12-05,"2,720","7,10","0,26","3,61","0,44","0,00"
2019-12-06,"2,750","7,10","0,26","3,61","0,44","0,00"
2019-12-09,"2,720","7,10","0,26","3,61","0,44","0,00"
2019-12-10,"2,670","7,10","0,26","3,61","0,44","0,00"
2019-12-11,"2,650","7,10","0,26","3,61","0,44","0,00"
2019-12-12,"2,770","7,10","0,26","3,61","0,44","0,00"
2019-12-13,"2,750","7,10","0,26","3,61","0,44","0,00"
2019-12-16,"2,790","7,10","0,26","3,61","0,44","0,00"
2019-12-17,"2,770","7,10","0,26","3,61","0,44","0,00"
2019-12-18,"2,820","7,10","0,26","3,61","0,44","0,00"
2019-12-19,"2,860","7,10","0,26","3,61","0,44","0,00"
2019-12-20,"2,870","7,10","0,26","3,61","0,44","0,00"
2019-12-23,"2,830","7,10","0,26","3,61","0,44","0,00"
2019-12-24,"2,830","7,10","0,26","3,61","0,44","0,00"
2019-12-27,"2,820","7,10","0,26","3,61","0,44","0,00"
2019-12-30,"2,800","7,10","0,26","3,61","0,44","0,00"
2019-12-31,"2,800","7,10","0,26","3,61","0,44","0,00"
2020-01-02,"2,900","14,92","0,12","3,73","0,44","0,00"
2020-01-03,"2,870","14,92","0,12","3,73","0,44","0,00"
2020-01-06,"2,860","14,92","0,12","3,73","0,44","0,00"
2020-01-07,"2,880","14,92","0,12","3,73","0,44","0,00"
2020-01-08,"2,890","14,92","0,12","3,73","0,44","0,00"
2020-01-09,"2,850","14,92","0,12","3,73","0,44","0,00"
2020-01-10,"2,780","14,92","0,12","3,73","0,44","0,00"
2020-01-13,"2,780","14,92","0,12","3,73","0,44","0,00"
2020-01-14,"2,740","14,92","0,12","3,73","0,44","0,00"
2020-01-15,"2,710","14,92","0,12","3,73","0,44","0,00"
2020-01-16,"2,740","14,92","0,12","3,73","0,44","0,00"
2020-01-17,"2,770","14,92","0,12","3,73","0,44","0,00"
2020-01-20,"2,800","14,92","0,12","3,73","0,44","0,00"
2020-01-21,"2,710","14,92","0,12","3,73","0,44","0,00"
2020-01-22,"2,700","14,92","0,12","3,73","0,44","0,00"
2020-01-23,"2,670","14,92","0,12","3,73","0,44","0,00"
2020-01-24,"2,650","14,92","0,12","3,73","0,44","0,00"
2020-01-27,"2,610","14,92","0,12","3,73","0,44","0,00"
2020-01-28,"2,620","14,92","0,12","3,73","0,44","0,00"
2020-01-29,"2,610","14,92","0,12","3,73","0,44","0,00"
2020-01-30,"2,640","14,92","0,12","3,73","0,44","0,00"
2020-01-31,"2,640","14,92","0,12","3,73","0,44","0,00"
2020-02-03,"2,660","14,92","0,12","3,73","0,44","0,00"
2020-02-04,"2,670","14,92","0,12","3,73","0,44","0,00"
2020-02-05,"2,800","14,92","0,12","3,73","0,44","0,00"
2020-02-06,"2,880","14,92","0,12","3,73","0,44","0,00"
2020-02-07,"2,910","14,92","0,12","3,73","0,44","0,00"
2020-02-10,"2,910","14,92","0,12","3,73","0,44","0,00"
2020-02-11,"2,760","14,92","0,12","3,73","0,44","0,00"
2020-02-12,"2,880","14,92","0,12","3,73","0,44","0,00"
2020-02-13,"2,870","14,92","0,12","3,73","0,44","0,00"
2020-02-14,"2,810","14,92","0,12","3,73","0,44","0,00"
2020-02-17,"2,810","14,92","0,12","3,73","0,44","0,00"
2020-02-18,"2,730","14,92","0,12","3,73","0,44","0,00"
2020-02-19,"2,750","14,92","0,12","3,73","0,44","0,00"
2020-02-20,"2,700","14,92","0,12","3,73","0,44","0,00"
2020-02-21,"2,700","14,92","0,12","3,73","0,44","0,00"
2020-02-24,"2,620","14,92","0,12","3,73","0,44","0,00"
2020-02-25,"2,530","14,92","0,12","3,73","0,44","0,00"
2020-02-26,"2,520","14,92","0,12","3,73","0,44","0,00"
2020-02-27,"2,430","14,92","0,12","3,73","0,44","0,00"
2020-02-28,"2,320","14,92","0,12","3,73","0,44","0,00"
2020-03-02,"2,330","14,92","0,12","3,73","0,44","0,00"
2020-03-03,"2,420","14,92","0,12","3,73","0,44","0,00"
2020-03-04,"2,330","14,92","0,12","3,73","0,44","0,00"
2020-03-05,"2,240","14,92","0,12","3,73","0,44","0,00"
2020-03-06,"2,180","14,92","0,12","3,73","0,44","0,00"
2020-03-09,"2,000","14,92","0,12","3,73","0,44","0,00"
2020-03-10,"1,990","14,92","0,12","3,73","0,44","0,00"
2020-03-11,"2,080","14,92","0,12","3,73","0,44","0,00"
2020-03-12,"1,750","14,92","0,12","3,73","0,44","0,00"
2020-03-13,"1,810","14,92","0,12","3,73","0,44","0,00"
2020-03-16,"1,600","14,92","0,12","3,73","0,44","0,00"
2020-03-17,"1,680","14,92","0,12","3,73","0,44","0,00"
2020-03-18,"1,650","14,92","0,12","3,73","0,44","0,00"
2020-03-19,"1,782","14,92","0,12","3,73","0,44","0,00"
2020-03-20,"1,684","14,92","0,12","3,73","0,44","0,00"
2020-03-23,"1,604","14,92","0,12","3,73","0,44","0,00"
2020-03-24,"1,704","14,92","0,12","3,73","0,44","0,00"
2020-03-25,"1,794","14,92","0,12","3,73","0,44","0,00"
2020-03-26,"1,869","14,92","0,12","3,73","0,44","0,00"
2020-03-27,"1,759","14,92","0,12","3,73","0,44","0,00"
2020-03-30,"1,671","14,92","0,12","3,73","0,44","0,00"
2020-03-31,"1,700","14,92","0,12","3,73","0,44","0,00"
2020-04-01,"1,670","14,92","0,12","3,73","0,44","0,00"
2020-04-02,"1,635","5,36","0,33","6,12","0,41",0.0
2020-04-03,"1,620","5,36","0,33","6,17","0,41",0.0
2020-04-06,"1,710","5,4","0,3","5,85","0,38",0.0
2020-04-07,"1,742","5,4","0,3","5,74","0,38",0.0
2020-04-08,"1,773","5,4","0,3","5,64","0,38",0.0
2020-04-09,"1,744","6,01","0,29","5,73","0,4",0.0
2020-04-14,"1,689","6,01","0,29","3,73","0,4",0.0
2020-04-15,"1,600","6,01","0,29","4,37","0,4",0.0
2020-04-16,"1,590","6,01","0,29","4,40","0,4",0.0
2020-04-17,"1,607","6,01","0,29","4,35","0,4",0.0
2020-04-20,"1,600","14,92","0,12","3,73","0,44","0,00"
2020-04-21,"1,550","7,11","0,23","4,52","0,37",0.0
2020-04-22,"1,533","7,11","0,23","4,56","0,37",0.0
2020-04-23,"1,587","7,11","0,23","4,41","0,37",0.0
2020-04-24,"1,538","7,11","0,23","4,55","0,37",0.0
2020-04-27,"1,534","9,62","0,16","4,56","0,36",0.0
2020-04-28,"1,578","9,62","0,16","4,44","0,36",0.0
2020-04-29,"1,712","9,62","0,16","4,09","0,36",0.0
2020-04-30,"1,641","9,62","0,16","4,27","0,36",0.0
2020-05-04,"1,595","10,94","0,15","4,39","0,39",0.0
2020-05-05,"1,596","10,94","0,15","4,39","0,39",0.0
2020-05-06,"1,578","10,94","0,15","4,44","0,39",0.0
2020-05-07,"1,641","10,94","0,15","4,26","0,39",0.0
2020-05-08,"1,650","14,92","0,12","3,73","0,44","0,00"
2020-05-11,"1,655","14,92","0,12","3,73","0,44","0,00"
2020-05-12,"1,629","11,79","0,14","4,30","0,39",0.0
2020-05-13,"1,555","11,79","0,14","4,50","0,39",0.0
2020-05-14,"1,566","11,79","0,14","4,47","0,39",0.0
2020-05-15,"1,522","11,79","0,14","4,60","0,39",0.0
2020-05-18,"1,616","11,79","0,14","4,33","0,39",0.0
2020-05-19,"1,548","11,79","0,14","4,52","0,39",0.0
2020-05-20,"1,559","11,79","0,14","4,49","0,39",0.0
2020-05-21,"1,549","11,79","0,14","4,52","0,39",0.0
2020-05-22,"1,558","11,79","0,14","4,49","0,39",0.0
2020-05-25,"1,590","14,92","0,12","3,73","0,44","0,00"
2020-05-26,"1,717","12,2","0,13","4,08","0,37",0.0
2020-05-27,"1,790","12,2","0,13","3,91","0,37",0.0
2020-05-28,"1,766","12,2","0,13","3,96","0,37",0.0
2020-05-29,"1,679","12,2","0,13","4,17","0,37",0.0
2020-06-02,"1,813","13,56","0,12","3,86","0,4",0.0
2020-06-03,"1,916","13,56","0,12","3,65","0,4",0.0
2020-06-04,"1,906","13,56","0,12","3,67","0,4",0.0
2020-06-05,"2,050","13,56","0,12","3,41","0,4",0.0
2020-06-08,"2,055","16,55","0,12","3,41","0,49",0.0
2020-06-09,"1,960","16,55","0,12","3,57","0,49",0.0
2020-06-10,"1,941","16,55","0,12","3,61","0,49",0.0
2020-06-11,"1,863","16,55","0,12","3,76","0,49",0.0
2020-06-12,"1,859","16,55","0,12","3,77","0,49",0.0
2020-06-15,"1,884","14,92","0,12","3,72","0,44","0,00"
2020-06-16,"1,952","15,01","0,12","3,59","0,44",0.0
2020-06-17,"1,950","15,01","0,12","3,59","0,44",0.0
2020-06-18,"1,934","15,01","0,12","3,62","0,44",0.0
2020-06-19,"1,916","15,01","0,12","3,65","0,44",0.0
2020-06-22,"1,892","15,98","0,12","3,70","0,46",0.0
2020-06-23,"1,930","15,98","0,12","3,63","0,46",0.0
2020-06-24,"1,855","15,98","0,12","3,77","0,46",0.0
2020-06-25,"1,888","15,98","0,12","3,71","0,46",0.0
2020-06-26,"1,846","15,98","0,12","3,79","0,46",0.0
2020-06-29,"1,917","14,92","0,12","3,65","0,44",0.0
2020-06-30,"1,901","14,92","0,12","3,68","0,44",0.0
2020-07-01,"1,879","14,92","0,12","3,73","0,44",0.0
2020-07-02,"1,990","14,92","0,12","3,52","0,44",0.0
2020-07-03,"1,959","14,92","0,12","3,73","0,44","0,00"
2020-07-06,"2,078","14,92","0,12","3,73","0,44","0,00"
2020-07-07,"2,015","15,83","0,12","3,47","0,47",0.0
2020-07-08,"1,975","15,83","0,12","3,54","0,47",0.0
2020-07-09,"1,952","15,83","0,12","3,59","0,47",0.0
2020-07-10,"1,994","15,83","0,12","3,51","0,47",0.0
2020-07-13,"2,046","14,92","0,12","3,73","0,44","0,00"
2020-07-14,"2,063","16,64","0,12","3,39","0,47",0.0
2020-07-15,"2,087","16,64","0,12","3,35","0,47",0.0
2020-07-16,"2,080","14,92","0,12","3,73","0,44","0,00"
2020-07-17,"2,086","14,92","0,12","3,73","0,44","0,00"
2020-07-20,"2,108","17,41","0,12","3,32","0,5",0.0
2020-07-21,"2,108","17,41","0,12","3,32","0,5",0.0
2020-07-22,"2,118","17,41","0,12","3,31","0,5",0.0
2020-07-23,"2,102","17,41","0,12","3,33","0,5",0.0
2020-07-24,"2,107","14,92","0,12","3,73","0,44","0,00"
2020-07-27,"2,021","17,57","0,12","3,46","0,5",0.0
2020-07-28,"2,051","17,57","0,12","3,41","0,5",0.0
2020-07-29,"2,005","17,57","0,12","3,49","0,5",0.0
2020-07-30,"1,920","14,92","0,12","3,73","0,44","0,00"
2020-07-31,"1,820","17,57","0,12","3,85","0,5",0.0
2020-08-03,"1,905","15,17","0,12","3,67","0,43",0.0
2020-08-04,"1,972","15,17","0,12","3,55","0,43",0.0
2020-08-05,"1,944","14,92","0,12","3,73","0,44","0,00"
2020-08-06,"1,910","15,17","0,12","3,66","0,43",0.0
2020-08-07,"1,920","14,92","0,12","3,73","0,44","0,00"
2020-08-10,"2,007","14,22","0,14","3,49","0,46",0.0
2020-08-11,"2,074","14,22","0,14","3,38","0,46",0.0
2020-08-12,"2,059","14,22","0,14","3,40","0,46",0.0
2020-08-13,"2,014","14,92","0,12","3,73","0,44","0,00"
2020-08-14,"2,011","14,92","0,12","3,73","0,44","0,00"
2020-08-17,"1,954","14,92","0,12","3,73","0,44","0,00"
2020-08-18,"1,950","14,92","0,12","3,73","0,44","0,00"
2020-08-19,"1,985","14,9","0,14","3,53","0,48",0.0
2020-08-20,"1,940","14,92","0,12","3,73","0,44","0,00"
2020-08-21,"1,908","14,92","0,12","3,73","0,44","0,00"
2020-08-24,"1,934","14,67","0,13","3,62","0,45",0.0
2020-08-25,"1,905","14,67","0,13","3,67","0,45",0.0
2020-08-26,"1,888","14,67","0,13","3,71","0,45",0.0
2020-08-27,"1,850","14,67","0,13","3,78","0,45",0.0
