fecha,AMS_ultimo,AMS_per,AMS_bpa,AMS_rentabilidad_por_dividendo,AMS_precio_valor_contable,AMS_ebitda
2015-02-12,"35,390",,,,,
2015-02-13,"35,520",,,,,
2015-02-16,"35,475",,,,,
2015-02-17,"35,475",,,,,
2015-02-18,"35,770",,,,,
2015-02-19,"36,040",,,,,
2015-02-20,"35,940",,,,,
2015-02-23,"36,675",,,,,
2015-02-24,"35,920",,,,,
2015-02-25,"36,415",,,,,
2015-02-26,"36,625",,,,,
2015-02-27,"36,850",,,,,
2015-03-02,"36,860",,,,,
2015-03-03,"36,885",,,,,
2015-03-04,"37,430",,,,,
2015-03-05,"38,020",,,,,
2015-03-06,"38,080",,,,,
2015-03-09,"37,550",,,,,
2015-03-10,"37,545",,,,,
2015-03-11,"38,010",,,,,
2015-03-12,"37,790",,,,,
2015-03-13,"38,240",,,,,
2015-03-16,"38,385",,,,,
2015-03-17,"38,330",,,,,
2015-03-18,"38,215",,,,,
2015-03-19,"38,480",,,,,
2015-03-20,"39,060",,,,,
2015-03-23,"39,260",,,,,
2015-03-24,"39,775",,,,,
2015-03-25,"39,060",,,,,
2015-03-26,"39,385",,,,,
2015-03-27,"39,475",,,,,
2015-03-30,"40,145",,,,,
2015-03-31,"39,960",,,,,
2015-04-01,"39,905",,,,,
2015-04-02,"40,170",,,,,
2015-04-07,"40,920",,,,,
2015-04-08,"40,355",,,,,
2015-04-09,"41,250",,,,,
2015-04-10,"41,565",,,,,
2015-04-13,"41,380",,,,,
2015-04-14,"41,325",,,,,
2015-04-15,"41,145",,,,,
2015-04-16,"40,555",,,,,
2015-04-17,"39,885",,,,,
2015-04-20,"40,155",,,,,
2015-04-21,"40,960",,,,,
2015-04-22,"41,160",,,,,
2015-04-23,"41,230",,,,,
2015-04-24,"41,425",,,,,
2015-04-27,"42,000",,,,,
2015-04-28,"41,675",,,,,
2015-04-29,"41,180",,,,,
2015-04-30,"40,830",,,,,
2015-05-04,"41,140",,,,,
2015-05-05,"39,955",,,,,
2015-05-06,"39,760",,,,,
2015-05-07,"39,880",,,,,
2015-05-08,"40,410",,,,,
2015-05-11,"40,735",,,,,
2015-05-12,"41,175",,,,,
2015-05-13,"40,905",,,,,
2015-05-14,"40,755",,,,,
2015-05-15,"40,940",,,,,
2015-05-18,"41,535",,,,,
2015-05-19,"42,355",,,,,
2015-05-20,"42,305",,,,,
2015-05-21,"42,785",,,,,
2015-05-22,"42,240",,,,,
2015-05-25,"41,805",,,,,
2015-05-26,"41,660",,,,,
2015-05-27,"42,095",,,,,
2015-05-28,"42,355",,,,,
2015-05-29,"41,435",,,,,
2015-06-01,"41,450",,,,,
2015-06-02,"41,385",,,,,
2015-06-03,"37,360",,,,,
2015-06-04,"37,795",,,,,
2015-06-05,"36,900",,,,,
2015-06-08,"36,685",,,,,
2015-06-09,"35,300",,,,,
2015-06-10,"35,335",,,,,
2015-06-11,"36,480",,,,,
2015-06-12,"36,150",,,,,
2015-06-15,"35,325",,,,,
2015-06-16,"35,930",,,,,
2015-06-17,"35,980",,,,,
2015-06-18,"36,130",,,,,
2015-06-19,"35,970",,,,,
2015-06-22,"36,890",,,,,
2015-06-23,"37,315",,,,,
2015-06-24,"36,760",,,,,
2015-06-25,"36,715",,,,,
2015-06-26,"36,855",,,,,
2015-06-29,"36,120",,,,,
2015-06-30,"35,755",,,,,
2015-07-01,"36,245",,,,,
2015-07-02,"36,210",,,,,
2015-07-03,"35,945",,,,,
2015-07-06,"35,890",,,,,
2015-07-07,"35,350",,,,,
2015-07-08,"35,870",,,,,
2015-07-09,"36,525",,,,,
2015-07-10,"37,280",,,,,
2015-07-13,"37,850",,,,,
2015-07-14,"38,155",,,,,
2015-07-15,"38,600",,,,,
2015-07-16,"39,170",,,,,
2015-07-17,"38,975",,,,,
2015-07-20,"39,250",,,,,
2015-07-21,"38,635",,,,,
2015-07-22,"39,100",,,,,
2015-07-23,"39,345",,,,,
2015-07-24,"39,390",,,,,
2015-07-27,"38,905",,,,,
2015-07-28,"38,850",,,,,
2015-07-29,"39,730",,,,,
2015-07-30,"39,860",,,,,
2015-07-31,"39,710",,,,,
2015-08-03,"39,955",,,,,
2015-08-04,"39,995",,,,,
2015-08-05,"40,280",,,,,
2015-08-06,"39,460",,,,,
2015-08-07,"39,080",,,,,
2015-08-10,"39,685",,,,,
2015-08-11,"39,075",,,,,
2015-08-12,"37,760",,,,,
2015-08-13,"38,600",,,,,
2015-08-14,"38,615",,,,,
2015-08-17,"38,475",,,,,
2015-08-18,"38,500",,,,,
2015-08-19,"38,240",,,,,
2015-08-20,"37,695",,,,,
2015-08-21,"36,915",,,,,
2015-08-24,"35,785",,,,,
2015-08-25,"36,515",,,,,
2015-08-26,"35,890",,,,,
2015-08-27,"36,750",,,,,
2015-08-28,"37,110",,,,,
2015-08-31,"37,310",,,,,
2015-09-01,"36,500",,,,,
2015-09-02,"35,730",,,,,
2015-09-03,"36,160",,,,,
2015-09-04,"35,380",,,,,
2015-09-07,"35,545",,,,,
2015-09-08,"35,675",,,,,
2015-09-09,"36,020",,,,,
2015-09-10,"36,130",,,,,
2015-09-11,"35,960",,,,,
2015-09-14,"35,645",,,,,
2015-09-15,"35,675",,,,,
2015-09-16,"36,655",,,,,
2015-09-17,"37,035",,,,,
2015-09-18,"36,830",,,,,
2015-09-21,"37,380",,,,,
2015-09-22,"36,455",,,,,
2015-09-23,"36,605",,,,,
2015-09-24,"36,155",,,,,
2015-09-25,"37,730",,,,,
2015-09-28,"37,950",,,,,
2015-09-29,"37,310",,,,,
2015-09-30,"38,225",,,,,
2015-10-01,"38,250",,,,,
2015-10-02,"38,440",,,,,
2015-10-05,"39,610",,,,,
2015-10-06,"39,430",,,,,
2015-10-07,"38,415",,,,,
2015-10-08,"38,795",,,,,
2015-10-09,"38,500",,,,,
2015-10-12,"38,260",,,,,
2015-10-13,"38,710",,,,,
2015-10-14,"38,540",,,,,
2015-10-15,"39,470",,,,,
2015-10-16,"38,950",,,,,
2015-10-19,"39,400",,,,,
2015-10-20,"39,425",,,,,
2015-10-21,"39,720",,,,,
2015-10-22,"39,365",,,,,
2015-10-23,"40,050",,,,,
2015-10-26,"40,270",,,,,
2015-10-27,"39,460",,,,,
2015-10-28,"39,795",,,,,
2015-10-29,"39,975",,,,,
2015-10-30,"38,760",,,,,
2015-11-02,"39,030",,,,,
2015-11-03,"39,040",,,,,
2015-11-04,"38,375",,,,,
2015-11-05,"38,500",,,,,
2015-11-06,"38,315",,,,,
2015-11-09,"37,430",,,,,
2015-11-10,"36,950",,,,,
2015-11-11,"37,545",,,,,
2015-11-12,"37,645",,,,,
2015-11-13,"37,250",,,,,
2015-11-16,"37,355",,,,,
2015-11-17,"37,930",,,,,
2015-11-18,"37,795",,,,,
2015-11-19,"38,295",,,,,
2015-11-20,"38,450",,,,,
2015-11-23,"38,130",,,,,
2015-11-24,"37,240",,,,,
2015-11-25,"37,365",,,,,
2015-11-26,"37,445",,,,,
2015-11-27,"37,465",,,,,
2015-11-30,"37,965",,,,,
2015-12-01,"38,080",,,,,
2015-12-02,"38,905",,,,,
2015-12-03,"38,370",,,,,
2015-12-04,"38,020",,,,,
2015-12-07,"38,285",,,,,
2015-12-08,"38,230",,,,,
2015-12-09,"37,925",,,,,
2015-12-10,"37,915",,,,,
2015-12-11,"37,620",,,,,
2015-12-14,"37,155",,,,,
2015-12-15,"38,875",,,,,
2015-12-16,"39,005",,,,,
2015-12-17,"39,795",,,,,
2015-12-18,"39,705",,,,,
2015-12-21,"39,405",,,,,
2015-12-22,"39,610",,,,,
2015-12-23,"40,345",,,,,
2015-12-24,"40,300",,,,,
2015-12-28,"40,535",,,,,
2015-12-29,"41,185",,,,,
2015-12-30,"40,970",,,,,
2015-12-31,"40,685",,,,,
2016-01-04,"39,745",,,,,
2016-01-05,"39,930",,,,,
2016-01-06,"40,030",,,,,
2016-01-07,"39,035",,,,,
2016-01-08,"38,470",,,,,
2016-01-11,"38,820",,,,,
2016-01-12,"39,075",,,,,
2016-01-13,"39,150",,,,,
2016-01-14,"38,320",,,,,
2016-01-15,"36,715",,,,,
2016-01-18,"36,575",,,,,
2016-01-19,"37,545",,,,,
2016-01-20,"36,625",,,,,
2016-01-21,"36,875",,,,,
2016-01-22,"37,585",,,,,
2016-01-25,"37,745",,,,,
2016-01-26,"37,565",,,,,
2016-01-27,"37,545",,,,,
2016-01-28,"36,440",,,,,
2016-01-29,"37,515",,,,,
2016-02-01,"37,620",,,,,
2016-02-02,"36,835",,,,,
2016-02-03,"36,145",,,,,
2016-02-04,"36,215",,,,,
2016-02-05,"35,415",,,,,
2016-02-08,"32,955",,,,,
2016-02-09,"33,145",,,,,
2016-02-10,"34,170",,,,,
2016-02-11,"33,330",,,,,
2016-02-12,"34,150",,,,,
2016-02-15,"35,035",,,,,
2016-02-16,"35,240",,,,,
2016-02-17,"35,665",,,,,
2016-02-18,"35,640",,,,,
2016-02-19,"35,585",,,,,
2016-02-22,"36,240",,,,,
2016-02-23,"36,570",,,,,
2016-02-24,"36,000",,,,,
2016-02-25,"36,915",,,,,
2016-02-26,"37,115",,,,,
2016-02-29,"37,165",,,,,
2016-03-01,"38,220",,,,,
2016-03-02,"37,875",,,,,
2016-03-03,"37,510",,,,,
2016-03-04,"37,750",,,,,
2016-03-07,"37,435",,,,,
2016-03-08,"37,360",,,,,
2016-03-09,"37,500",,,,,
2016-03-10,"36,915",,,,,
2016-03-11,"36,855",,,,,
2016-03-14,"37,250",,,,,
2016-03-15,"37,055",,,,,
2016-03-16,"37,060",,,,,
2016-03-17,"37,010",,,,,
2016-03-18,"37,150",,,,,
2016-03-21,"37,380",,,,,
2016-03-22,"37,350",,,,,
2016-03-23,"37,475",,,,,
2016-03-24,"37,245",,,,,
2016-03-29,"37,545",,,,,
2016-03-30,"37,745",,,,,
2016-03-31,"37,690",,,,,
2016-04-01,"37,930",,,,,
2016-04-04,"38,055",,,,,
2016-04-05,"37,820",,,,,
2016-04-06,"37,890",,,,,
2016-04-07,"37,755",,,,,
2016-04-08,"38,150",,,,,
2016-04-11,"38,265",,,,,
2016-04-12,"38,320",,,,,
2016-04-13,"39,070",,,,,
2016-04-14,"39,430",,,,,
2016-04-15,"39,400",,,,,
2016-04-18,"39,235",,,,,
2016-04-19,"39,705",,,,,
2016-04-20,"39,690",,,,,
2016-04-21,"39,575",,,,,
2016-04-22,"39,750",,,,,
2016-04-25,"39,700",,,,,
2016-04-26,"39,650",,,,,
2016-04-27,"40,100",,,,,
2016-04-28,"39,780",,,,,
2016-04-29,"39,740",,,,,
2016-05-02,"39,940",,,,,
2016-05-03,"39,700",,,,,
2016-05-04,"39,400",,,,,
2016-05-05,"39,600",,,,,
2016-05-06,"39,420",,,,,
2016-05-09,"40,315",,,,,
2016-05-10,"40,140",,,,,
2016-05-11,"39,960",,,,,
2016-05-12,"39,750",,,,,
2016-05-13,"39,795",,,,,
2016-05-16,"39,715",,,,,
2016-05-17,"39,810",,,,,
2016-05-18,"39,735",,,,,
2016-05-19,"39,165",,,,,
2016-05-20,"39,865",,,,,
2016-05-23,"39,855",,,,,
2016-05-24,"40,515",,,,,
2016-05-25,"40,350",,,,,
2016-05-26,"41,245",,,,,
2016-05-27,"41,115",,,,,
2016-05-30,"41,335",,,,,
2016-05-31,"41,635",,,,,
2016-06-01,"41,470",,,,,
2016-06-02,"41,900",,,,,
2016-06-03,"40,820",,,,,
2016-06-06,"40,885",,,,,
2016-06-07,"41,190",,,,,
2016-06-08,"41,190",,,,,
2016-06-09,"40,920",,,,,
2016-06-10,"40,045",,,,,
2016-06-13,"39,525",,,,,
2016-06-14,"39,105",,,,,
2016-06-15,"39,075",,,,,
2016-06-16,"38,680",,,,,
2016-06-17,"38,775",,,,,
2016-06-20,"40,385",,,,,
2016-06-21,"40,350",,,,,
2016-06-22,"40,505",,,,,
2016-06-23,"41,115",,,,,
2016-06-24,"39,085",,,,,
2016-06-27,"37,320",,,,,
2016-06-28,"38,400",,,,,
2016-06-29,"39,300",,,,,
2016-06-30,"39,275",,,,,
2016-07-01,"39,570",,,,,
2016-07-04,"39,165",,,,,
2016-07-05,"38,100",,,,,
2016-07-06,"37,475",,,,,
2016-07-07,"37,850",,,,,
2016-07-08,"38,370",,,,,
2016-07-11,"39,135",,,,,
2016-07-12,"38,820",,,,,
2016-07-13,"38,815",,,,,
2016-07-14,"39,065",,,,,
2016-07-15,"38,810",,,,,
2016-07-18,"39,010",,,,,
2016-07-19,"39,205",,,,,
2016-07-20,"40,075",,,,,
2016-07-21,"39,385",,,,,
2016-07-22,"39,815",,,,,
2016-07-25,"39,825",,,,,
2016-07-26,"40,100",,,,,
2016-07-27,"40,265",,,,,
2016-07-28,"39,890",,,,,
2016-07-29,"41,995",,,,,
2016-08-01,"42,760",,,,,
2016-08-02,"41,635",,,,,
2016-08-03,"40,860",,,,,
2016-08-04,"41,385",,,,,
2016-08-05,"41,560",,,,,
2016-08-08,"41,560",,,,,
2016-08-09,"42,500",,,,,
2016-08-10,"42,295",,,,,
2016-08-11,"42,590",,,,,
2016-08-12,"42,525",,,,,
2016-08-15,"42,835",,,,,
2016-08-16,"42,295",,,,,
2016-08-17,"41,955",,,,,
2016-08-18,"42,045",,,,,
2016-08-19,"41,780",,,,,
2016-08-22,"42,055",,,,,
2016-08-23,"41,965",,,,,
2016-08-24,"41,905",,,,,
2016-08-25,"41,695",,,,,
2016-08-26,"42,005",,,,,
2016-08-29,"41,885",,,,,
2016-08-30,"41,950",,,,,
2016-08-31,"41,195",,,,,
2016-09-01,"41,715",,,,,
2016-09-02,"42,305",,,,,
2016-09-05,"42,240",,,,,
2016-09-06,"42,380",,,,,
2016-09-07,"43,005",,,,,
2016-09-08,"43,800",,,,,
2016-09-09,"43,605",,,,,
2016-09-12,"43,465",,,,,
2016-09-13,"43,495",,,,,
2016-09-14,"43,675",,,,,
2016-09-15,"44,050",,,,,
2016-09-16,"43,730",,,,,
2016-09-19,"43,950",,,,,
2016-09-20,"43,940",,,,,
2016-09-21,"43,925",,,,,
2016-09-22,"44,500",,,,,
2016-09-23,"44,490",,,,,
2016-09-26,"44,255",,,,,
2016-09-27,"44,200",,,,,
2016-09-28,"44,575",,,,,
2016-09-29,"44,350",,,,,
2016-09-30,"44,470",,,,,
2016-10-03,"44,645",,,,,
2016-10-04,"44,930",,,,,
2016-10-05,"44,310",,,,,
2016-10-06,"44,235",,,,,
2016-10-07,"43,735",,,,,
2016-10-10,"43,700",,,,,
2016-10-11,"43,355",,,,,
2016-10-12,"43,150",,,,,
2016-10-13,"43,080",,,,,
2016-10-14,"43,010",,,,,
2016-10-17,"43,035",,,,,
2016-10-18,"44,000",,,,,
2016-10-19,"44,040",,,,,
2016-10-20,"44,315",,,,,
2016-10-21,"43,810",,,,,
2016-10-24,"43,640",,,,,
2016-10-25,"43,225",,,,,
2016-10-26,"43,000",,,,,
2016-10-27,"42,805",,,,,
2016-10-28,"42,965",,,,,
2016-10-31,"43,000",,,,,
2016-11-01,"42,640",,,,,
2016-11-02,"41,880",,,,,
2016-11-03,"40,955",,,,,
2016-11-04,"41,570",,,,,
2016-11-07,"41,805",,,,,
2016-11-08,"41,735",,,,,
2016-11-09,"42,085",,,,,
2016-11-10,"40,290",,,,,
2016-11-11,"40,305",,,,,
2016-11-14,"39,995",,,,,
2016-11-15,"40,300",,,,,
2016-11-16,"40,950",,,,,
2016-11-17,"41,600",,,,,
2016-11-18,"41,800",,,,,
2016-11-21,"42,125",,,,,
2016-11-22,"41,905",,,,,
2016-11-23,"41,630",,,,,
2016-11-24,"42,315",,,,,
2016-11-25,"42,495",,,,,
2016-11-28,"42,575",,,,,
2016-11-29,"42,875",,,,,
2016-11-30,"42,760",,,,,
2016-12-01,"41,500",,,,,
2016-12-02,"41,590",,,,,
2016-12-05,"41,820",,,,,
2016-12-06,"42,010",,,,,
2016-12-07,"41,830",,,,,
2016-12-08,"42,060",,,,,
2016-12-09,"42,550",,,,,
2016-12-12,"42,115",,,,,
2016-12-13,"42,320",,,,,
2016-12-14,"42,380",,,,,
2016-12-15,"42,940",,,,,
2016-12-16,"42,865",,,,,
2016-12-19,"43,010",,,,,
2016-12-20,"43,440",,,,,
2016-12-21,"43,120",,,,,
2016-12-22,"42,740",,,,,
2016-12-23,"43,180",,,,,
2016-12-27,"43,475",,,,,
2016-12-28,"43,290",,,,,
2016-12-29,"43,475",,,,,
2016-12-30,"43,170",,,,,
2017-01-02,"43,430","18,34","2,54","0,94","7,71","1.865,10"
2017-01-03,"43,505","18,34","2,54","0,94","7,71","1.865,10"
2017-01-04,"43,505","18,34","2,54","0,94","7,71","1.865,10"
2017-01-05,"43,875","18,34","2,54","0,94","7,71","1.865,10"
2017-01-06,"43,620","18,34","2,54","0,94","7,71","1.865,10"
2017-01-09,"43,715","18,34","2,54","0,94","7,71","1.865,10"
2017-01-10,"43,805","18,34","2,54","0,94","7,71","1.865,10"
2017-01-11,"43,750","18,34","2,54","0,94","7,71","1.865,10"
2017-01-12,"44,080","18,34","2,54","0,94","7,71","1.865,10"
2017-01-13,"43,750","18,34","2,54","0,94","7,71","1.865,10"
2017-01-16,"43,520","18,34","2,54","0,94","7,71","1.865,10"
2017-01-17,"43,250","18,34","2,54","0,94","7,71","1.865,10"
2017-01-18,"43,635","18,34","2,54","0,94","7,71","1.865,10"
2017-01-19,"43,565","18,34","2,54","0,94","7,71","1.865,10"
2017-01-20,"43,130","18,34","2,54","0,94","7,71","1.865,10"
2017-01-23,"43,175","18,34","2,54","0,94","7,71","1.865,10"
2017-01-24,"42,975","18,34","2,54","0,94","7,71","1.865,10"
2017-01-25,"43,270","18,34","2,54","0,94","7,71","1.865,10"
2017-01-26,"43,870","18,34","2,54","0,94","7,71","1.865,10"
2017-01-27,"43,770","18,34","2,54","0,94","7,71","1.865,10"
2017-01-30,"42,805","18,34","2,54","0,94","7,71","1.865,10"
2017-01-31,"42,745","18,34","2,54","0,94","7,71","1.865,10"
2017-02-01,"42,580","18,34","2,54","0,94","7,71","1.865,10"
2017-02-02,"43,395","18,34","2,54","0,94","7,71","1.865,10"
2017-02-03,"43,810","18,34","2,54","0,94","7,71","1.865,10"
2017-02-06,"43,595","18,34","2,54","0,94","7,71","1.865,10"
2017-02-07,"43,210","18,34","2,54","0,94","7,71","1.865,10"
2017-02-08,"43,230","18,34","2,54","0,94","7,71","1.865,10"
2017-02-09,"43,100","18,34","2,54","0,94","7,71","1.865,10"
2017-02-10,"42,920","18,34","2,54","0,94","7,71","1.865,10"
2017-02-13,"43,070","18,34","2,54","0,94","7,71","1.865,10"
2017-02-14,"43,105","18,34","2,54","0,94","7,71","1.865,10"
2017-02-15,"42,960","18,34","2,54","0,94","7,71","1.865,10"
2017-02-16,"42,935","18,34","2,54","0,94","7,71","1.865,10"
2017-02-17,"43,300","18,34","2,54","0,94","7,71","1.865,10"
2017-02-20,"43,405","18,34","2,54","0,94","7,71","1.865,10"
2017-02-21,"44,035","18,34","2,54","0,94","7,71","1.865,10"
2017-02-22,"44,210","18,34","2,54","0,94","7,71","1.865,10"
2017-02-23,"43,910","18,34","2,54","0,94","7,71","1.865,10"
2017-02-24,"43,330","18,34","2,54","0,94","7,71","1.865,10"
2017-02-27,"43,750","18,34","2,54","0,94","7,71","1.865,10"
2017-02-28,"43,905","18,34","2,54","0,94","7,71","1.865,10"
2017-03-01,"44,610","18,34","2,54","0,94","7,71","1.865,10"
2017-03-02,"44,550","18,34","2,54","0,94","7,71","1.865,10"
2017-03-03,"44,540","18,34","2,54","0,94","7,71","1.865,10"
2017-03-06,"44,520","18,34","2,54","0,94","7,71","1.865,10"
2017-03-07,"44,575","18,34","2,54","0,94","7,71","1.865,10"
2017-03-08,"44,865","18,34","2,54","0,94","7,71","1.865,10"
2017-03-09,"44,990","18,34","2,54","0,94","7,71","1.865,10"
2017-03-10,"44,855","18,34","2,54","0,94","7,71","1.865,10"
2017-03-13,"45,050","18,34","2,54","0,94","7,71","1.865,10"
2017-03-14,"44,985","18,34","2,54","0,94","7,71","1.865,10"
2017-03-15,"45,520","18,34","2,54","0,94","7,71","1.865,10"
2017-03-16,"45,835","18,34","2,54","0,94","7,71","1.865,10"
2017-03-17,"46,200","18,34","2,54","0,94","7,71","1.865,10"
2017-03-20,"45,900","18,34","2,54","0,94","7,71","1.865,10"
2017-03-21,"45,870","18,34","2,54","0,94","7,71","1.865,10"
2017-03-22,"45,960","18,34","2,54","0,94","7,71","1.865,10"
2017-03-23,"46,260","18,34","2,54","0,94","7,71","1.865,10"
2017-03-24,"46,705","18,34","2,54","0,94","7,71","1.865,10"
2017-03-27,"46,545","18,34","2,54","0,94","7,71","1.865,10"
2017-03-28,"46,980","18,34","2,54","0,94","7,71","1.865,10"
2017-03-29,"47,005","18,34","2,54","0,94","7,71","1.865,10"
2017-03-30,"47,025","18,34","2,54","0,94","7,71","1.865,10"
2017-03-31,"47,560","18,34","2,54","0,94","7,71","1.865,10"
2017-04-03,"47,010","18,34","2,54","0,94","7,71","1.865,10"
2017-04-04,"47,480","18,34","2,54","0,94","7,71","1.865,10"
2017-04-05,"47,830","18,34","2,54","0,94","7,71","1.865,10"
2017-04-06,"48,265","18,34","2,54","0,94","7,71","1.865,10"
2017-04-07,"46,835","18,34","2,54","0,94","7,71","1.865,10"
2017-04-10,"46,625","18,34","2,54","0,94","7,71","1.865,10"
2017-04-11,"46,650","18,34","2,54","0,94","7,71","1.865,10"
2017-04-12,"46,705","18,34","2,54","0,94","7,71","1.865,10"
2017-04-13,"46,700","18,34","2,54","0,94","7,71","1.865,10"
2017-04-18,"46,300","18,34","2,54","0,94","7,71","1.865,10"
2017-04-19,"46,760","18,34","2,54","0,94","7,71","1.865,10"
2017-04-20,"46,880","18,34","2,54","0,94","7,71","1.865,10"
2017-04-21,"46,750","18,34","2,54","0,94","7,71","1.865,10"
2017-04-24,"47,815","18,34","2,54","0,94","7,71","1.865,10"
2017-04-25,"48,140","18,34","2,54","0,94","7,71","1.865,10"
2017-04-26,"48,720","18,34","2,54","0,94","7,71","1.865,10"
2017-04-27,"49,205","18,34","2,54","0,94","7,71","1.865,10"
2017-04-28,"49,500","18,34","2,54","0,94","7,71","1.865,10"
2017-05-02,"50,000","18,34","2,54","0,94","7,71","1.865,10"
2017-05-03,"49,950","18,34","2,54","0,94","7,71","1.865,10"
2017-05-04,"50,690","18,34","2,54","0,94","7,71","1.865,10"
2017-05-05,"51,070","18,34","2,54","0,94","7,71","1.865,10"
2017-05-08,"51,580","18,34","2,54","0,94","7,71","1.865,10"
2017-05-09,"52,450","18,34","2,54","0,94","7,71","1.865,10"
2017-05-10,"52,120","18,34","2,54","0,94","7,71","1.865,10"
2017-05-11,"51,900","18,34","2,54","0,94","7,71","1.865,10"
2017-05-12,"51,910","18,34","2,54","0,94","7,71","1.865,10"
2017-05-15,"51,850","18,34","2,54","0,94","7,71","1.865,10"
2017-05-16,"51,860","18,34","2,54","0,94","7,71","1.865,10"
2017-05-17,"51,140","18,34","2,54","0,94","7,71","1.865,10"
2017-05-18,"51,140","18,34","2,54","0,94","7,71","1.865,10"
2017-05-19,"51,720","18,34","2,54","0,94","7,71","1.865,10"
2017-05-22,"51,730","18,34","2,54","0,94","7,71","1.865,10"
2017-05-23,"52,030","18,34","2,54","0,94","7,71","1.865,10"
2017-05-24,"51,970","18,34","2,54","0,94","7,71","1.865,10"
2017-05-25,"52,430","18,34","2,54","0,94","7,71","1.865,10"
2017-05-26,"50,310","18,34","2,54","0,94","7,71","1.865,10"
2017-05-29,"48,955","18,34","2,54","0,94","7,71","1.865,10"
2017-05-30,"51,000","18,34","2,54","0,94","7,71","1.865,10"
2017-05-31,"51,850","18,34","2,54","0,94","7,71","1.865,10"
2017-06-01,"52,200","18,34","2,54","0,94","7,71","1.865,10"
2017-06-02,"52,620","18,34","2,54","0,94","7,71","1.865,10"
2017-06-05,"52,360","18,34","2,54","0,94","7,71","1.865,10"
2017-06-06,"52,500","18,34","2,54","0,94","7,71","1.865,10"
2017-06-07,"52,680","18,34","2,54","0,94","7,71","1.865,10"
2017-06-08,"52,840","18,34","2,54","0,94","7,71","1.865,10"
2017-06-09,"53,380","18,34","2,54","0,94","7,71","1.865,10"
2017-06-12,"52,540","18,34","2,54","0,94","7,71","1.865,10"
2017-06-13,"53,290","18,34","2,54","0,94","7,71","1.865,10"
2017-06-14,"53,470","18,34","2,54","0,94","7,71","1.865,10"
2017-06-15,"53,080","18,34","2,54","0,94","7,71","1.865,10"
2017-06-16,"54,040","18,34","2,54","0,94","7,71","1.865,10"
2017-06-19,"54,260","18,34","2,54","0,94","7,71","1.865,10"
2017-06-20,"54,590","18,34","2,54","0,94","7,71","1.865,10"
2017-06-21,"53,700","18,34","2,54","0,94","7,71","1.865,10"
2017-06-22,"53,490","18,34","2,54","0,94","7,71","1.865,10"
2017-06-23,"53,780","18,34","2,54","0,94","7,71","1.865,10"
2017-06-26,"53,940","18,34","2,54","0,94","7,71","1.865,10"
2017-06-27,"52,750","18,34","2,54","0,94","7,71","1.865,10"
2017-06-28,"52,530","18,34","2,54","0,94","7,71","1.865,10"
2017-06-29,"51,890","18,34","2,54","0,94","7,71","1.865,10"
2017-06-30,"52,350","18,34","2,54","0,94","7,71","1.865,10"
2017-07-03,"52,460","18,34","2,54","0,94","7,71","1.865,10"
2017-07-04,"52,390","18,34","2,54","0,94","7,71","1.865,10"
2017-07-05,"52,710","18,34","2,54","0,94","7,71","1.865,10"
2017-07-06,"52,460","18,34","2,54","0,94","7,71","1.865,10"
2017-07-07,"53,300","18,34","2,54","0,94","7,71","1.865,10"
2017-07-10,"53,670","18,34","2,54","0,94","7,71","1.865,10"
2017-07-11,"53,260","18,34","2,54","0,94","7,71","1.865,10"
2017-07-12,"54,040","18,34","2,54","0,94","7,71","1.865,10"
2017-07-13,"53,870","18,34","2,54","0,94","7,71","1.865,10"
2017-07-14,"54,270","18,34","2,54","0,94","7,71","1.865,10"
2017-07-17,"55,000","18,34","2,54","0,94","7,71","1.865,10"
2017-07-18,"54,490","18,34","2,54","0,94","7,71","1.865,10"
2017-07-19,"55,200","18,34","2,54","0,94","7,71","1.865,10"
2017-07-20,"54,750","18,34","2,54","0,94","7,71","1.865,10"
2017-07-21,"54,260","18,34","2,54","0,94","7,71","1.865,10"
2017-07-24,"53,690","18,34","2,54","0,94","7,71","1.865,10"
2017-07-25,"53,500","18,34","2,54","0,94","7,71","1.865,10"
2017-07-26,"54,170","18,34","2,54","0,94","7,71","1.865,10"
2017-07-27,"54,660","18,34","2,54","0,94","7,71","1.865,10"
2017-07-28,"52,760","18,34","2,54","0,94","7,71","1.865,10"
2017-07-31,"52,060","18,34","2,54","0,94","7,71","1.865,10"
2017-08-01,"52,270","18,34","2,54","0,94","7,71","1.865,10"
2017-08-02,"51,950","18,34","2,54","0,94","7,71","1.865,10"
2017-08-03,"51,680","18,34","2,54","0,94","7,71","1.865,10"
2017-08-04,"51,880","18,34","2,54","0,94","7,71","1.865,10"
2017-08-07,"51,930","18,34","2,54","0,94","7,71","1.865,10"
2017-08-08,"52,080","18,34","2,54","0,94","7,71","1.865,10"
2017-08-09,"51,850","18,34","2,54","0,94","7,71","1.865,10"
2017-08-10,"51,400","18,34","2,54","0,94","7,71","1.865,10"
2017-08-11,"50,440","18,34","2,54","0,94","7,71","1.865,10"
2017-08-14,"51,200","18,34","2,54","0,94","7,71","1.865,10"
2017-08-15,"51,100","18,34","2,54","0,94","7,71","1.865,10"
2017-08-16,"52,010","18,34","2,54","0,94","7,71","1.865,10"
2017-08-17,"51,830","18,34","2,54","0,94","7,71","1.865,10"
2017-08-18,"51,500","18,34","2,54","0,94","7,71","1.865,10"
2017-08-21,"51,750","18,34","2,54","0,94","7,71","1.865,10"
2017-08-22,"52,060","18,34","2,54","0,94","7,71","1.865,10"
2017-08-23,"51,550","18,34","2,54","0,94","7,71","1.865,10"
2017-08-24,"51,080","18,34","2,54","0,94","7,71","1.865,10"
2017-08-25,"50,510","18,34","2,54","0,94","7,71","1.865,10"
2017-08-28,"50,450","18,34","2,54","0,94","7,71","1.865,10"
2017-08-29,"49,615","18,34","2,54","0,94","7,71","1.865,10"
2017-08-30,"50,070","18,34","2,54","0,94","7,71","1.865,10"
2017-08-31,"52,070","18,34","2,54","0,94","7,71","1.865,10"
2017-09-01,"52,470","18,34","2,54","0,94","7,71","1.865,10"
2017-09-04,"52,310","18,34","2,54","0,94","7,71","1.865,10"
2017-09-05,"52,500","18,34","2,54","0,94","7,71","1.865,10"
2017-09-06,"52,220","18,34","2,54","0,94","7,71","1.865,10"
2017-09-07,"52,570","18,34","2,54","0,94","7,71","1.865,10"
2017-09-08,"52,700","18,34","2,54","0,94","7,71","1.865,10"
2017-09-11,"53,370","18,34","2,54","0,94","7,71","1.865,10"
2017-09-12,"53,300","18,34","2,54","0,94","7,71","1.865,10"
2017-09-13,"54,190","18,34","2,54","0,94","7,71","1.865,10"
2017-09-14,"54,370","18,34","2,54","0,94","7,71","1.865,10"
2017-09-15,"53,970","18,34","2,54","0,94","7,71","1.865,10"
2017-09-18,"54,340","18,34","2,54","0,94","7,71","1.865,10"
2017-09-19,"54,380","18,34","2,54","0,94","7,71","1.865,10"
2017-09-20,"54,470","18,34","2,54","0,94","7,71","1.865,10"
2017-09-21,"54,940","18,34","2,54","0,94","7,71","1.865,10"
2017-09-22,"55,060","18,34","2,54","0,94","7,71","1.865,10"
2017-09-25,"54,740","18,34","2,54","0,94","7,71","1.865,10"
2017-09-26,"54,520","18,34","2,54","0,94","7,71","1.865,10"
2017-09-27,"54,750","18,34","2,54","0,94","7,71","1.865,10"
2017-09-28,"54,420","18,34","2,54","0,94","7,71","1.865,10"
2017-09-29,"54,990","18,34","2,54","0,94","7,71","1.865,10"
2017-10-02,"55,050","18,34","2,54","0,94","7,71","1.865,10"
2017-10-03,"55,250","18,34","2,54","0,94","7,71","1.865,10"
2017-10-04,"53,910","18,34","2,54","0,94","7,71","1.865,10"
2017-10-05,"55,050","18,34","2,54","0,94","7,71","1.865,10"
2017-10-06,"56,070","18,34","2,54","0,94","7,71","1.865,10"
2017-10-09,"56,000","18,34","2,54","0,94","7,71","1.865,10"
2017-10-10,"56,310","18,34","2,54","0,94","7,71","1.865,10"
2017-10-11,"56,770","18,34","2,54","0,94","7,71","1.865,10"
2017-10-12,"57,440","18,34","2,54","0,94","7,71","1.865,10"
2017-10-13,"56,920","18,34","2,54","0,94","7,71","1.865,10"
2017-10-16,"56,840","18,34","2,54","0,94","7,71","1.865,10"
2017-10-17,"56,730","18,34","2,54","0,94","7,71","1.865,10"
2017-10-18,"57,140","18,34","2,54","0,94","7,71","1.865,10"
2017-10-19,"57,060","18,34","2,54","0,94","7,71","1.865,10"
2017-10-20,"56,320","18,34","2,54","0,94","7,71","1.865,10"
2017-10-23,"56,660","18,34","2,54","0,94","7,71","1.865,10"
2017-10-24,"56,200","18,34","2,54","0,94","7,71","1.865,10"
2017-10-25,"56,320","18,34","2,54","0,94","7,71","1.865,10"
2017-10-26,"57,540","18,34","2,54","0,94","7,71","1.865,10"
2017-10-27,"57,060","18,34","2,54","0,94","7,71","1.865,10"
2017-10-30,"57,890","18,34","2,54","0,94","7,71","1.865,10"
2017-10-31,"58,250","18,34","2,54","0,94","7,71","1.865,10"
2017-11-01,"58,440","18,34","2,54","0,94","7,71","1.865,10"
2017-11-02,"58,080","18,34","2,54","0,94","7,71","1.865,10"
2017-11-03,"58,790","18,34","2,54","0,94","7,71","1.865,10"
2017-11-06,"60,200","18,34","2,54","0,94","7,71","1.865,10"
2017-11-07,"60,450","18,34","2,54","0,94","7,71","1.865,10"
2017-11-08,"60,720","18,34","2,54","0,94","7,71","1.865,10"
2017-11-09,"60,120","18,34","2,54","0,94","7,71","1.865,10"
2017-11-10,"59,830","18,34","2,54","0,94","7,71","1.865,10"
2017-11-13,"60,210","18,34","2,54","0,94","7,71","1.865,10"
2017-11-14,"59,900","18,34","2,54","0,94","7,71","1.865,10"
2017-11-15,"59,800","18,34","2,54","0,94","7,71","1.865,10"
2017-11-16,"60,920","18,34","2,54","0,94","7,71","1.865,10"
2017-11-17,"60,400","18,34","2,54","0,94","7,71","1.865,10"
2017-11-20,"60,900","18,34","2,54","0,94","7,71","1.865,10"
2017-11-21,"61,950","18,34","2,54","0,94","7,71","1.865,10"
2017-11-22,"61,190","18,34","2,54","0,94","7,71","1.865,10"
2017-11-23,"61,410","18,34","2,54","0,94","7,71","1.865,10"
2017-11-24,"61,490","18,34","2,54","0,94","7,71","1.865,10"
2017-11-27,"61,650","18,34","2,54","0,94","7,71","1.865,10"
2017-11-28,"61,400","18,34","2,54","0,94","7,71","1.865,10"
2017-11-29,"61,030","18,34","2,54","0,94","7,71","1.865,10"
2017-11-30,"60,570","18,34","2,54","0,94","7,71","1.865,10"
2017-12-01,"60,350","18,34","2,54","0,94","7,71","1.865,10"
2017-12-04,"60,830","18,34","2,54","0,94","7,71","1.865,10"
2017-12-05,"61,480","18,34","2,54","0,94","7,71","1.865,10"
2017-12-06,"61,070","18,34","2,54","0,94","7,71","1.865,10"
2017-12-07,"60,730","18,34","2,54","0,94","7,71","1.865,10"
2017-12-08,"60,790","18,34","2,54","0,94","7,71","1.865,10"
2017-12-11,"60,000","18,34","2,54","0,94","7,71","1.865,10"
2017-12-12,"60,400","18,34","2,54","0,94","7,71","1.865,10"
2017-12-13,"60,440","18,34","2,54","0,94","7,71","1.865,10"
2017-12-14,"60,350","18,34","2,54","0,94","7,71","1.865,10"
2017-12-15,"60,100","18,34","2,54","0,94","7,71","1.865,10"
2017-12-18,"61,040","18,34","2,54","0,94","7,71","1.865,10"
2017-12-19,"61,000","18,34","2,54","0,94","7,71","1.865,10"
2017-12-20,"61,150","18,34","2,54","0,94","7,71","1.865,10"
2017-12-21,"61,150","18,34","2,54","0,94","7,71","1.865,10"
2017-12-22,"60,730","18,34","2,54","0,94","7,71","1.865,10"
2017-12-27,"61,010","18,34","2,54","0,94","7,71","1.865,10"
2017-12-28,"60,620","18,34","2,54","0,94","7,71","1.865,10"
2017-12-29,"60,110","18,34","2,54","0,94","7,71","1.865,10"
2018-01-02,"60,220","17,86","2,61","1,10","6,30","2.014,00"
2018-01-03,"60,500","17,86","2,61","1,10","6,30","2.014,00"
2018-01-04,"61,820","17,86","2,61","1,10","6,30","2.014,00"
2018-01-05,"63,500","17,86","2,61","1,10","6,30","2.014,00"
2018-01-08,"62,960","17,86","2,61","1,10","6,30","2.014,00"
2018-01-09,"63,680","17,86","2,61","1,10","6,30","2.014,00"
2018-01-10,"63,160","17,86","2,61","1,10","6,30","2.014,00"
2018-01-11,"62,880","17,86","2,61","1,10","6,30","2.014,00"
2018-01-12,"62,720","17,86","2,61","1,10","6,30","2.014,00"
2018-01-15,"62,860","17,86","2,61","1,10","6,30","2.014,00"
2018-01-16,"62,840","17,86","2,61","1,10","6,30","2.014,00"
2018-01-17,"62,720","17,86","2,61","1,10","6,30","2.014,00"
2018-01-18,"62,460","17,86","2,61","1,10","6,30","2.014,00"
2018-01-19,"62,980","17,86","2,61","1,10","6,30","2.014,00"
2018-01-22,"63,040","17,86","2,61","1,10","6,30","2.014,00"
2018-01-23,"64,000","17,86","2,61","1,10","6,30","2.014,00"
2018-01-24,"63,640","17,86","2,61","1,10","6,30","2.014,00"
2018-01-25,"62,340","17,86","2,61","1,10","6,30","2.014,00"
2018-01-26,"62,340","17,86","2,61","1,10","6,30","2.014,00"
2018-01-29,"62,040","17,86","2,61","1,10","6,30","2.014,00"
2018-01-30,"61,880","17,86","2,61","1,10","6,30","2.014,00"
2018-01-31,"62,480","17,86","2,61","1,10","6,30","2.014,00"
2018-02-01,"62,020","17,86","2,61","1,10","6,30","2.014,00"
2018-02-02,"60,660","17,86","2,61","1,10","6,30","2.014,00"
2018-02-05,"59,380","17,86","2,61","1,10","6,30","2.014,00"
2018-02-06,"58,600","17,86","2,61","1,10","6,30","2.014,00"
2018-02-07,"59,440","17,86","2,61","1,10","6,30","2.014,00"
2018-02-08,"57,660","17,86","2,61","1,10","6,30","2.014,00"
2018-02-09,"57,380","17,86","2,61","1,10","6,30","2.014,00"
2018-02-12,"57,840","17,86","2,61","1,10","6,30","2.014,00"
2018-02-13,"58,200","17,86","2,61","1,10","6,30","2.014,00"
2018-02-14,"58,560","17,86","2,61","1,10","6,30","2.014,00"
2018-02-15,"58,960","17,86","2,61","1,10","6,30","2.014,00"
2018-02-16,"59,460","17,86","2,61","1,10","6,30","2.014,00"
2018-02-19,"59,220","17,86","2,61","1,10","6,30","2.014,00"
2018-02-20,"59,500","17,86","2,61","1,10","6,30","2.014,00"
2018-02-21,"59,800","17,86","2,61","1,10","6,30","2.014,00"
2018-02-22,"59,620","17,86","2,61","1,10","6,30","2.014,00"
2018-02-23,"59,340","17,86","2,61","1,10","6,30","2.014,00"
2018-02-26,"59,820","17,86","2,61","1,10","6,30","2.014,00"
2018-02-27,"60,020","17,86","2,61","1,10","6,30","2.014,00"
2018-02-28,"60,560","17,86","2,61","1,10","6,30","2.014,00"
2018-03-01,"58,500","17,86","2,61","1,10","6,30","2.014,00"
2018-03-02,"56,900","17,86","2,61","1,10","6,30","2.014,00"
2018-03-05,"57,360","17,86","2,61","1,10","6,30","2.014,00"
2018-03-06,"59,000","17,86","2,61","1,10","6,30","2.014,00"
2018-03-07,"59,220","17,86","2,61","1,10","6,30","2.014,00"
2018-03-08,"59,900","17,86","2,61","1,10","6,30","2.014,00"
2018-03-09,"61,540","17,86","2,61","1,10","6,30","2.014,00"
2018-03-12,"61,840","17,86","2,61","1,10","6,30","2.014,00"
2018-03-13,"62,020","17,86","2,61","1,10","6,30","2.014,00"
2018-03-14,"62,240","17,86","2,61","1,10","6,30","2.014,00"
2018-03-15,"62,280","17,86","2,61","1,10","6,30","2.014,00"
2018-03-16,"62,040","17,86","2,61","1,10","6,30","2.014,00"
2018-03-19,"61,300","17,86","2,61","1,10","6,30","2.014,00"
2018-03-20,"61,600","17,86","2,61","1,10","6,30","2.014,00"
2018-03-21,"61,460","17,86","2,61","1,10","6,30","2.014,00"
2018-03-22,"59,920","17,86","2,61","1,10","6,30","2.014,00"
2018-03-23,"59,460","17,86","2,61","1,10","6,30","2.014,00"
2018-03-26,"58,980","17,86","2,61","1,10","6,30","2.014,00"
2018-03-27,"59,820","17,86","2,61","1,10","6,30","2.014,00"
2018-03-28,"59,720","17,86","2,61","1,10","6,30","2.014,00"
2018-03-29,"59,980","17,86","2,61","1,10","6,30","2.014,00"
2018-04-03,"59,300","17,86","2,61","1,10","6,30","2.014,00"
2018-04-04,"58,640","17,86","2,61","1,10","6,30","2.014,00"
2018-04-05,"60,400","17,86","2,61","1,10","6,30","2.014,00"
2018-04-06,"60,400","17,86","2,61","1,10","6,30","2.014,00"
2018-04-09,"61,000","17,86","2,61","1,10","6,30","2.014,00"
2018-04-10,"62,020","17,86","2,61","1,10","6,30","2.014,00"
2018-04-11,"61,580","17,86","2,61","1,10","6,30","2.014,00"
2018-04-12,"61,520","17,86","2,61","1,10","6,30","2.014,00"
2018-04-13,"61,680","17,86","2,61","1,10","6,30","2.014,00"
2018-04-16,"61,000","17,86","2,61","1,10","6,30","2.014,00"
2018-04-17,"61,240","17,86","2,61","1,10","6,30","2.014,00"
2018-04-18,"61,780","17,86","2,61","1,10","6,30","2.014,00"
2018-04-19,"62,020","17,86","2,61","1,10","6,30","2.014,00"
2018-04-20,"61,460","17,86","2,61","1,10","6,30","2.014,00"
2018-04-23,"61,180","17,86","2,61","1,10","6,30","2.014,00"
2018-04-24,"60,680","17,86","2,61","1,10","6,30","2.014,00"
2018-04-25,"59,180","17,86","2,61","1,10","6,30","2.014,00"
2018-04-26,"59,900","17,86","2,61","1,10","6,30","2.014,00"
2018-04-27,"60,400","17,86","2,61","1,10","6,30","2.014,00"
2018-04-30,"60,700","17,86","2,61","1,10","6,30","2.014,00"
2018-05-02,"62,740","17,86","2,61","1,10","6,30","2.014,00"
2018-05-03,"63,500","17,86","2,61","1,10","6,30","2.014,00"
2018-05-04,"62,720","17,86","2,61","1,10","6,30","2.014,00"
2018-05-07,"63,000","17,86","2,61","1,10","6,30","2.014,00"
2018-05-08,"63,260","17,86","2,61","1,10","6,30","2.014,00"
2018-05-09,"63,080","17,86","2,61","1,10","6,30","2.014,00"
2018-05-10,"64,000","17,86","2,61","1,10","6,30","2.014,00"
2018-05-11,"64,240","17,86","2,61","1,10","6,30","2.014,00"
2018-05-14,"63,800","17,86","2,61","1,10","6,30","2.014,00"
2018-05-15,"64,700","17,86","2,61","1,10","6,30","2.014,00"
2018-05-16,"65,680","17,86","2,61","1,10","6,30","2.014,00"
2018-05-17,"66,720","17,86","2,61","1,10","6,30","2.014,00"
2018-05-18,"66,120","17,86","2,61","1,10","6,30","2.014,00"
2018-05-21,"66,600","17,86","2,61","1,10","6,30","2.014,00"
2018-05-22,"66,440","17,86","2,61","1,10","6,30","2.014,00"
2018-05-23,"66,460","17,86","2,61","1,10","6,30","2.014,00"
2018-05-24,"66,800","17,86","2,61","1,10","6,30","2.014,00"
2018-05-25,"67,380","17,86","2,61","1,10","6,30","2.014,00"
2018-05-28,"68,200","17,86","2,61","1,10","6,30","2.014,00"
2018-05-29,"67,540","17,86","2,61","1,10","6,30","2.014,00"
2018-05-30,"67,460","17,86","2,61","1,10","6,30","2.014,00"
2018-05-31,"67,900","17,86","2,61","1,10","6,30","2.014,00"
2018-06-01,"68,480","17,86","2,61","1,10","6,30","2.014,00"
2018-06-04,"68,960","17,86","2,61","1,10","6,30","2.014,00"
2018-06-05,"69,260","17,86","2,61","1,10","6,30","2.014,00"
2018-06-06,"69,960","17,86","2,61","1,10","6,30","2.014,00"
2018-06-07,"69,920","17,86","2,61","1,10","6,30","2.014,00"
2018-06-08,"70,320","17,86","2,61","1,10","6,30","2.014,00"
2018-06-11,"70,440","17,86","2,61","1,10","6,30","2.014,00"
2018-06-12,"70,440","17,86","2,61","1,10","6,30","2.014,00"
2018-06-13,"71,780","17,86","2,61","1,10","6,30","2.014,00"
2018-06-14,"72,240","17,86","2,61","1,10","6,30","2.014,00"
2018-06-15,"72,440","17,86","2,61","1,10","6,30","2.014,00"
2018-06-18,"72,440","17,86","2,61","1,10","6,30","2.014,00"
2018-06-19,"71,820","17,86","2,61","1,10","6,30","2.014,00"
2018-06-20,"70,380","17,86","2,61","1,10","6,30","2.014,00"
2018-06-21,"69,240","17,86","2,61","1,10","6,30","2.014,00"
2018-06-22,"69,500","17,86","2,61","1,10","6,30","2.014,00"
2018-06-25,"68,000","17,86","2,61","1,10","6,30","2.014,00"
2018-06-26,"67,900","17,86","2,61","1,10","6,30","2.014,00"
2018-06-27,"67,900","17,86","2,61","1,10","6,30","2.014,00"
2018-06-28,"67,000","17,86","2,61","1,10","6,30","2.014,00"
2018-06-29,"67,600","17,86","2,61","1,10","6,30","2.014,00"
2018-07-02,"67,100","17,86","2,61","1,10","6,30","2.014,00"
2018-07-03,"67,500","17,86","2,61","1,10","6,30","2.014,00"
2018-07-04,"67,280","17,86","2,61","1,10","6,30","2.014,00"
2018-07-05,"68,320","17,86","2,61","1,10","6,30","2.014,00"
2018-07-06,"68,320","17,86","2,61","1,10","6,30","2.014,00"
2018-07-09,"68,900","17,86","2,61","1,10","6,30","2.014,00"
2018-07-10,"69,100","17,86","2,61","1,10","6,30","2.014,00"
2018-07-11,"69,560","17,86","2,61","1,10","6,30","2.014,00"
2018-07-12,"71,020","17,86","2,61","1,10","6,30","2.014,00"
2018-07-13,"71,800","17,86","2,61","1,10","6,30","2.014,00"
2018-07-16,"72,220","17,86","2,61","1,10","6,30","2.014,00"
2018-07-17,"72,900","17,86","2,61","1,10","6,30","2.014,00"
2018-07-18,"74,400","17,86","2,61","1,10","6,30","2.014,00"
2018-07-19,"74,420","17,86","2,61","1,10","6,30","2.014,00"
2018-07-20,"73,980","17,86","2,61","1,10","6,30","2.014,00"
2018-07-23,"73,180","17,86","2,61","1,10","6,30","2.014,00"
2018-07-24,"73,060","17,86","2,61","1,10","6,30","2.014,00"
2018-07-25,"73,160","17,86","2,61","1,10","6,30","2.014,00"
2018-07-26,"72,860","17,86","2,61","1,10","6,30","2.014,00"
2018-07-27,"74,640","17,86","2,61","1,10","6,30","2.014,00"
2018-07-30,"74,720","17,86","2,61","1,10","6,30","2.014,00"
2018-07-31,"73,000","17,86","2,61","1,10","6,30","2.014,00"
2018-08-01,"72,380","17,86","2,61","1,10","6,30","2.014,00"
2018-08-02,"71,640","17,86","2,61","1,10","6,30","2.014,00"
2018-08-03,"71,500","17,86","2,61","1,10","6,30","2.014,00"
2018-08-06,"71,580","17,86","2,61","1,10","6,30","2.014,00"
2018-08-07,"71,900","17,86","2,61","1,10","6,30","2.014,00"
2018-08-08,"72,260","17,86","2,61","1,10","6,30","2.014,00"
2018-08-09,"72,560","17,86","2,61","1,10","6,30","2.014,00"
2018-08-10,"72,540","17,86","2,61","1,10","6,30","2.014,00"
2018-08-13,"74,000","17,86","2,61","1,10","6,30","2.014,00"
2018-08-14,"74,400","17,86","2,61","1,10","6,30","2.014,00"
2018-08-15,"74,000","17,86","2,61","1,10","6,30","2.014,00"
2018-08-16,"75,080","17,86","2,61","1,10","6,30","2.014,00"
2018-08-17,"75,840","17,86","2,61","1,10","6,30","2.014,00"
2018-08-20,"77,180","17,86","2,61","1,10","6,30","2.014,00"
2018-08-21,"78,140","17,86","2,61","1,10","6,30","2.014,00"
2018-08-22,"79,320","17,86","2,61","1,10","6,30","2.014,00"
2018-08-23,"79,600","17,86","2,61","1,10","6,30","2.014,00"
2018-08-24,"80,200","17,86","2,61","1,10","6,30","2.014,00"
2018-08-27,"80,960","17,86","2,61","1,10","6,30","2.014,00"
2018-08-28,"80,800","17,86","2,61","1,10","6,30","2.014,00"
2018-08-29,"80,600","17,86","2,61","1,10","6,30","2.014,00"
2018-08-30,"80,780","17,86","2,61","1,10","6,30","2.014,00"
2018-08-31,"79,920","17,86","2,61","1,10","6,30","2.014,00"
2018-09-03,"80,700","17,86","2,61","1,10","6,30","2.014,00"
2018-09-04,"80,300","17,86","2,61","1,10","6,30","2.014,00"
2018-09-05,"76,940","17,86","2,61","1,10","6,30","2.014,00"
2018-09-06,"76,060","17,86","2,61","1,10","6,30","2.014,00"
2018-09-07,"76,560","17,86","2,61","1,10","6,30","2.014,00"
2018-09-10,"77,640","17,86","2,61","1,10","6,30","2.014,00"
2018-09-11,"78,800","17,86","2,61","1,10","6,30","2.014,00"
2018-09-12,"79,280","17,86","2,61","1,10","6,30","2.014,00"
2018-09-13,"78,760","17,86","2,61","1,10","6,30","2.014,00"
2018-09-14,"79,440","17,86","2,61","1,10","6,30","2.014,00"
2018-09-17,"78,940","17,86","2,61","1,10","6,30","2.014,00"
2018-09-18,"78,260","17,86","2,61","1,10","6,30","2.014,00"
2018-09-19,"77,500","17,86","2,61","1,10","6,30","2.014,00"
2018-09-20,"77,800","17,86","2,61","1,10","6,30","2.014,00"
2018-09-21,"78,260","17,86","2,61","1,10","6,30","2.014,00"
2018-09-24,"79,360","17,86","2,61","1,10","6,30","2.014,00"
2018-09-25,"81,480","17,86","2,61","1,10","6,30","2.014,00"
2018-09-26,"81,360","17,86","2,61","1,10","6,30","2.014,00"
2018-09-27,"81,460","17,86","2,61","1,10","6,30","2.014,00"
2018-09-28,"80,020","17,86","2,61","1,10","6,30","2.014,00"
2018-10-01,"82,060","17,86","2,61","1,10","6,30","2.014,00"
2018-10-02,"80,780","17,86","2,61","1,10","6,30","2.014,00"
2018-10-03,"81,240","17,86","2,61","1,10","6,30","2.014,00"
2018-10-04,"80,120","17,86","2,61","1,10","6,30","2.014,00"
2018-10-05,"78,280","17,86","2,61","1,10","6,30","2.014,00"
2018-10-08,"75,360","17,86","2,61","1,10","6,30","2.014,00"
2018-10-09,"74,620","17,86","2,61","1,10","6,30","2.014,00"
2018-10-10,"71,860","17,86","2,61","1,10","6,30","2.014,00"
2018-10-11,"71,560","17,86","2,61","1,10","6,30","2.014,00"
2018-10-12,"71,040","17,86","2,61","1,10","6,30","2.014,00"
2018-10-15,"70,960","17,86","2,61","1,10","6,30","2.014,00"
2018-10-16,"73,120","17,86","2,61","1,10","6,30","2.014,00"
2018-10-17,"72,660","17,86","2,61","1,10","6,30","2.014,00"
2018-10-18,"72,040","17,86","2,61","1,10","6,30","2.014,00"
2018-10-19,"72,880","17,86","2,61","1,10","6,30","2.014,00"
2018-10-22,"72,840","17,86","2,61","1,10","6,30","2.014,00"
2018-10-23,"71,240","17,86","2,61","1,10","6,30","2.014,00"
2018-10-24,"70,920","17,86","2,61","1,10","6,30","2.014,00"
2018-10-25,"72,280","17,86","2,61","1,10","6,30","2.014,00"
2018-10-26,"70,980","17,86","2,61","1,10","6,30","2.014,00"
2018-10-29,"70,060","17,86","2,61","1,10","6,30","2.014,00"
2018-10-30,"69,800","17,86","2,61","1,10","6,30","2.014,00"
2018-10-31,"71,180","17,86","2,61","1,10","6,30","2.014,00"
2018-11-01,"71,000","17,86","2,61","1,10","6,30","2.014,00"
2018-11-02,"71,320","17,86","2,61","1,10","6,30","2.014,00"
2018-11-05,"70,640","17,86","2,61","1,10","6,30","2.014,00"
2018-11-06,"70,820","17,86","2,61","1,10","6,30","2.014,00"
2018-11-07,"69,600","17,86","2,61","1,10","6,30","2.014,00"
2018-11-08,"70,000","17,86","2,61","1,10","6,30","2.014,00"
2018-11-09,"69,860","17,86","2,61","1,10","6,30","2.014,00"
2018-11-12,"68,500","17,86","2,61","1,10","6,30","2.014,00"
2018-11-13,"67,920","17,86","2,61","1,10","6,30","2.014,00"
2018-11-14,"66,900","17,86","2,61","1,10","6,30","2.014,00"
2018-11-15,"66,900","17,86","2,61","1,10","6,30","2.014,00"
2018-11-16,"67,140","17,86","2,61","1,10","6,30","2.014,00"
2018-11-19,"65,860","17,86","2,61","1,10","6,30","2.014,00"
2018-11-20,"63,860","17,86","2,61","1,10","6,30","2.014,00"
2018-11-21,"63,840","17,86","2,61","1,10","6,30","2.014,00"
2018-11-22,"63,500","17,86","2,61","1,10","6,30","2.014,00"
2018-11-23,"62,520","17,86","2,61","1,10","6,30","2.014,00"
2018-11-26,"63,120","17,86","2,61","1,10","6,30","2.014,00"
2018-11-27,"63,500","17,86","2,61","1,10","6,30","2.014,00"
2018-11-28,"64,280","17,86","2,61","1,10","6,30","2.014,00"
2018-11-29,"64,020","17,86","2,61","1,10","6,30","2.014,00"
2018-11-30,"63,260","17,86","2,61","1,10","6,30","2.014,00"
2018-12-03,"64,800","17,86","2,61","1,10","6,30","2.014,00"
2018-12-04,"64,100","17,86","2,61","1,10","6,30","2.014,00"
2018-12-05,"63,300","17,86","2,61","1,10","6,30","2.014,00"
2018-12-06,"61,640","17,86","2,61","1,10","6,30","2.014,00"
2018-12-07,"61,320","17,86","2,61","1,10","6,30","2.014,00"
2018-12-10,"60,260","17,86","2,61","1,10","6,30","2.014,00"
2018-12-11,"61,240","17,86","2,61","1,10","6,30","2.014,00"
2018-12-12,"62,800","17,86","2,61","1,10","6,30","2.014,00"
2018-12-13,"63,520","17,86","2,61","1,10","6,30","2.014,00"
2018-12-14,"62,300","17,86","2,61","1,10","6,30","2.014,00"
2018-12-17,"61,680","17,86","2,61","1,10","6,30","2.014,00"
2018-12-18,"60,680","17,86","2,61","1,10","6,30","2.014,00"
2018-12-19,"61,280","17,86","2,61","1,10","6,30","2.014,00"
2018-12-20,"59,040","17,86","2,61","1,10","6,30","2.014,00"
2018-12-21,"59,840","17,86","2,61","1,10","6,30","2.014,00"
2018-12-24,"59,660","17,86","2,61","1,10","6,30","2.014,00"
2018-12-27,"60,220","17,86","2,61","1,10","6,30","2.014,00"
2018-12-28,"61,240","17,86","2,61","1,10","6,30","2.014,00"
2018-12-31,"60,840","17,86","2,61","1,10","6,30","2.014,00"
2019-01-02,"61,440","15,80","2,95","1,62","5,29","2.245,00"
2019-01-03,"58,060","15,80","2,95","1,62","5,29","2.245,00"
2019-01-04,"60,060","15,80","2,95","1,62","5,29","2.245,00"
2019-01-07,"60,620","15,80","2,95","1,62","5,29","2.245,00"
2019-01-08,"62,160","15,80","2,95","1,62","5,29","2.245,00"
2019-01-09,"62,440","15,80","2,95","1,62","5,29","2.245,00"
2019-01-10,"61,460","15,80","2,95","1,62","5,29","2.245,00"
2019-01-11,"61,880","15,80","2,95","1,62","5,29","2.245,00"
2019-01-14,"60,240","15,80","2,95","1,62","5,29","2.245,00"
2019-01-15,"61,820","15,80","2,95","1,62","5,29","2.245,00"
2019-01-16,"62,200","15,80","2,95","1,62","5,29","2.245,00"
2019-01-17,"62,780","15,80","2,95","1,62","5,29","2.245,00"
2019-01-18,"65,000","15,80","2,95","1,62","5,29","2.245,00"
2019-01-21,"64,500","15,80","2,95","1,62","5,29","2.245,00"
2019-01-22,"64,600","15,80","2,95","1,62","5,29","2.245,00"
2019-01-23,"65,060","15,80","2,95","1,62","5,29","2.245,00"
2019-01-24,"65,400","15,80","2,95","1,62","5,29","2.245,00"
2019-01-25,"65,700","15,80","2,95","1,62","5,29","2.245,00"
2019-01-28,"63,520","15,80","2,95","1,62","5,29","2.245,00"
2019-01-29,"64,380","15,80","2,95","1,62","5,29","2.245,00"
2019-01-30,"63,240","15,80","2,95","1,62","5,29","2.245,00"
2019-01-31,"63,480","15,80","2,95","1,62","5,29","2.245,00"
2019-02-01,"64,000","15,80","2,95","1,62","5,29","2.245,00"
2019-02-04,"64,840","15,80","2,95","1,62","5,29","2.245,00"
2019-02-05,"66,100","15,80","2,95","1,62","5,29","2.245,00"
2019-02-06,"66,700","15,80","2,95","1,62","5,29","2.245,00"
2019-02-07,"65,000","15,80","2,95","1,62","5,29","2.245,00"
2019-02-08,"64,660","15,80","2,95","1,62","5,29","2.245,00"
2019-02-11,"65,300","15,80","2,95","1,62","5,29","2.245,00"
2019-02-12,"65,780","15,80","2,95","1,62","5,29","2.245,00"
2019-02-13,"66,980","15,80","2,95","1,62","5,29","2.245,00"
2019-02-14,"68,460","15,80","2,95","1,62","5,29","2.245,00"
2019-02-15,"68,320","15,80","2,95","1,62","5,29","2.245,00"
2019-02-18,"69,000","15,80","2,95","1,62","5,29","2.245,00"
2019-02-19,"68,740","15,80","2,95","1,62","5,29","2.245,00"
2019-02-20,"68,940","15,80","2,95","1,62","5,29","2.245,00"
2019-02-21,"68,540","15,80","2,95","1,62","5,29","2.245,00"
2019-02-22,"69,320","15,80","2,95","1,62","5,29","2.245,00"
2019-02-25,"69,260","15,80","2,95","1,62","5,29","2.245,00"
2019-02-26,"69,580","15,80","2,95","1,62","5,29","2.245,00"
2019-02-27,"68,620","15,80","2,95","1,62","5,29","2.245,00"
2019-02-28,"66,200","15,80","2,95","1,62","5,29","2.245,00"
2019-03-01,"66,400","15,80","2,95","1,62","5,29","2.245,00"
2019-03-04,"65,860","15,80","2,95","1,62","5,29","2.245,00"
2019-03-05,"65,440","15,80","2,95","1,62","5,29","2.245,00"
2019-03-06,"64,940","15,80","2,95","1,62","5,29","2.245,00"
2019-03-07,"66,020","15,80","2,95","1,62","5,29","2.245,00"
2019-03-08,"66,080","15,80","2,95","1,62","5,29","2.245,00"
2019-03-11,"66,100","15,80","2,95","1,62","5,29","2.245,00"
2019-03-12,"65,360","15,80","2,95","1,62","5,29","2.245,00"
2019-03-13,"65,520","15,80","2,95","1,62","5,29","2.245,00"
2019-03-14,"65,500","15,80","2,95","1,62","5,29","2.245,00"
2019-03-15,"67,500","15,80","2,95","1,62","5,29","2.245,00"
2019-03-18,"67,480","15,80","2,95","1,62","5,29","2.245,00"
2019-03-19,"67,840","15,80","2,95","1,62","5,29","2.245,00"
2019-03-20,"68,520","15,80","2,95","1,62","5,29","2.245,00"
2019-03-21,"68,000","15,80","2,95","1,62","5,29","2.245,00"
2019-03-22,"67,280","15,80","2,95","1,62","5,29","2.245,00"
2019-03-25,"67,280","15,80","2,95","1,62","5,29","2.245,00"
2019-03-26,"68,200","15,80","2,95","1,62","5,29","2.245,00"
2019-03-27,"68,660","15,80","2,95","1,62","5,29","2.245,00"
2019-03-28,"69,680","15,80","2,95","1,62","5,29","2.245,00"
2019-03-29,"71,400","15,80","2,95","1,62","5,29","2.245,00"
2019-04-01,"71,700","15,80","2,95","1,62","5,29","2.245,00"
2019-04-02,"71,180","15,80","2,95","1,62","5,29","2.245,00"
2019-04-03,"71,600","15,80","2,95","1,62","5,29","2.245,00"
2019-04-04,"71,480","15,80","2,95","1,62","5,29","2.245,00"
2019-04-05,"71,520","15,80","2,95","1,62","5,29","2.245,00"
2019-04-08,"71,800","15,80","2,95","1,62","5,29","2.245,00"
2019-04-09,"71,400","15,80","2,95","1,62","5,29","2.245,00"
2019-04-10,"70,700","15,80","2,95","1,62","5,29","2.245,00"
2019-04-11,"69,900","15,80","2,95","1,62","5,29","2.245,00"
2019-04-12,"69,740","15,80","2,95","1,62","5,29","2.245,00"
2019-04-15,"69,700","15,80","2,95","1,62","5,29","2.245,00"
2019-04-16,"69,400","15,80","2,95","1,62","5,29","2.245,00"
2019-04-17,"68,460","15,80","2,95","1,62","5,29","2.245,00"
2019-04-18,"68,860","15,80","2,95","1,62","5,29","2.245,00"
2019-04-23,"70,380","15,80","2,95","1,62","5,29","2.245,00"
2019-04-24,"70,200","15,80","2,95","1,62","5,29","2.245,00"
2019-04-25,"71,000","15,80","2,95","1,62","5,29","2.245,00"
2019-04-26,"70,440","15,80","2,95","1,62","5,29","2.245,00"
2019-04-29,"70,280","15,80","2,95","1,62","5,29","2.245,00"
2019-04-30,"70,920","15,80","2,95","1,62","5,29","2.245,00"
2019-05-02,"67,940","15,80","2,95","1,62","5,29","2.245,00"
2019-05-03,"67,620","15,80","2,95","1,62","5,29","2.245,00"
2019-05-06,"66,500","15,80","2,95","1,62","5,29","2.245,00"
2019-05-07,"65,340","15,80","2,95","1,62","5,29","2.245,00"
2019-05-08,"67,620","15,80","2,95","1,62","5,29","2.245,00"
2019-05-09,"65,940","15,80","2,95","1,62","5,29","2.245,00"
2019-05-10,"66,340","15,80","2,95","1,62","5,29","2.245,00"
2019-05-13,"65,580","15,80","2,95","1,62","5,29","2.245,00"
2019-05-14,"68,080","15,80","2,95","1,62","5,29","2.245,00"
2019-05-15,"68,740","15,80","2,95","1,62","5,29","2.245,00"
2019-05-16,"70,240","15,80","2,95","1,62","5,29","2.245,00"
2019-05-17,"70,820","15,80","2,95","1,62","5,29","2.245,00"
2019-05-20,"69,780","15,80","2,95","1,62","5,29","2.245,00"
2019-05-21,"69,720","15,80","2,95","1,62","5,29","2.245,00"
2019-05-22,"71,220","15,80","2,95","1,62","5,29","2.245,00"
2019-05-23,"70,060","15,80","2,95","1,62","5,29","2.245,00"
2019-05-24,"69,960","15,80","2,95","1,62","5,29","2.245,00"
2019-05-27,"69,900","15,80","2,95","1,62","5,29","2.245,00"
2019-05-28,"68,980","15,80","2,95","1,62","5,29","2.245,00"
2019-05-29,"67,460","15,80","2,95","1,62","5,29","2.245,00"
2019-05-30,"68,940","15,80","2,95","1,62","5,29","2.245,00"
2019-05-31,"68,360","15,80","2,95","1,62","5,29","2.245,00"
2019-06-03,"68,160","15,80","2,95","1,62","5,29","2.245,00"
2019-06-04,"68,000","15,80","2,95","1,62","5,29","2.245,00"
2019-06-05,"68,580","15,80","2,95","1,62","5,29","2.245,00"
2019-06-06,"69,400","15,80","2,95","1,62","5,29","2.245,00"
2019-06-07,"71,400","15,80","2,95","1,62","5,29","2.245,00"
2019-06-10,"71,360","15,80","2,95","1,62","5,29","2.245,00"
2019-06-11,"71,300","15,80","2,95","1,62","5,29","2.245,00"
2019-06-12,"69,340","15,80","2,95","1,62","5,29","2.245,00"
2019-06-13,"69,680","15,80","2,95","1,62","5,29","2.245,00"
2019-06-14,"68,100","15,80","2,95","1,62","5,29","2.245,00"
2019-06-17,"67,280","15,80","2,95","1,62","5,29","2.245,00"
2019-06-18,"68,940","15,80","2,95","1,62","5,29","2.245,00"
2019-06-19,"68,480","15,80","2,95","1,62","5,29","2.245,00"
2019-06-20,"69,660","15,80","2,95","1,62","5,29","2.245,00"
2019-06-21,"69,580","15,80","2,95","1,62","5,29","2.245,00"
2019-06-24,"68,340","15,80","2,95","1,62","5,29","2.245,00"
2019-06-25,"67,980","15,80","2,95","1,62","5,29","2.245,00"
2019-06-26,"68,260","15,80","2,95","1,62","5,29","2.245,00"
2019-06-27,"68,700","15,80","2,95","1,62","5,29","2.245,00"
2019-06-28,"69,660","15,80","2,95","1,62","5,29","2.245,00"
2019-07-01,"71,440","15,80","2,95","1,62","5,29","2.245,00"
2019-07-02,"71,140","15,80","2,95","1,62","5,29","2.245,00"
2019-07-03,"71,280","15,80","2,95","1,62","5,29","2.245,00"
2019-07-04,"71,400","15,80","2,95","1,62","5,29","2.245,00"
2019-07-05,"70,720","15,80","2,95","1,62","5,29","2.245,00"
2019-07-08,"71,440","15,80","2,95","1,62","5,29","2.245,00"
2019-07-09,"72,080","15,80","2,95","1,62","5,29","2.245,00"
2019-07-10,"70,860","15,80","2,95","1,62","5,29","2.245,00"
2019-07-11,"71,640","15,80","2,95","1,62","5,29","2.245,00"
2019-07-12,"71,720","15,80","2,95","1,62","5,29","2.245,00"
2019-07-15,"72,440","15,80","2,95","1,62","5,29","2.245,00"
2019-07-16,"73,600","15,80","2,95","1,62","5,29","2.245,00"
2019-07-17,"73,540","15,80","2,95","1,62","5,29","2.245,00"
2019-07-18,"72,040","15,80","2,95","1,62","5,29","2.245,00"
2019-07-19,"72,020","15,80","2,95","1,62","5,29","2.245,00"
2019-07-22,"73,340","15,80","2,95","1,62","5,29","2.245,00"
2019-07-23,"73,340","15,80","2,95","1,62","5,29","2.245,00"
2019-07-24,"73,880","15,80","2,95","1,62","5,29","2.245,00"
2019-07-25,"72,960","15,80","2,95","1,62","5,29","2.245,00"
2019-07-26,"73,140","15,80","2,95","1,62","5,29","2.245,00"
2019-07-29,"72,920","15,80","2,95","1,62","5,29","2.245,00"
2019-07-30,"71,420","15,80","2,95","1,62","5,29","2.245,00"
2019-07-31,"71,360","15,80","2,95","1,62","5,29","2.245,00"
2019-08-01,"72,060","15,80","2,95","1,62","5,29","2.245,00"
2019-08-02,"69,940","15,80","2,95","1,62","5,29","2.245,00"
2019-08-05,"68,740","15,80","2,95","1,62","5,29","2.245,00"
2019-08-06,"67,580","15,80","2,95","1,62","5,29","2.245,00"
2019-08-07,"68,180","15,80","2,95","1,62","5,29","2.245,00"
2019-08-08,"69,800","15,80","2,95","1,62","5,29","2.245,00"
2019-08-09,"68,940","15,80","2,95","1,62","5,29","2.245,00"
2019-08-12,"68,740","15,80","2,95","1,62","5,29","2.245,00"
2019-08-13,"67,940","15,80","2,95","1,62","5,29","2.245,00"
2019-08-14,"66,240","15,80","2,95","1,62","5,29","2.245,00"
2019-08-15,"66,160","15,80","2,95","1,62","5,29","2.245,00"
2019-08-16,"67,240","15,80","2,95","1,62","5,29","2.245,00"
2019-08-19,"68,280","15,80","2,95","1,62","5,29","2.245,00"
2019-08-20,"67,180","15,80","2,95","1,62","5,29","2.245,00"
2019-08-21,"68,540","15,80","2,95","1,62","5,29","2.245,00"
2019-08-22,"67,240","15,80","2,95","1,62","5,29","2.245,00"
2019-08-23,"66,900","15,80","2,95","1,62","5,29","2.245,00"
2019-08-26,"66,420","15,80","2,95","1,62","5,29","2.245,00"
2019-08-27,"67,040","15,80","2,95","1,62","5,29","2.245,00"
2019-08-28,"66,620","15,80","2,95","1,62","5,29","2.245,00"
2019-08-29,"67,160","15,80","2,95","1,62","5,29","2.245,00"
2019-08-30,"67,760","15,80","2,95","1,62","5,29","2.245,00"
2019-09-02,"67,180","15,80","2,95","1,62","5,29","2.245,00"
2019-09-03,"67,000","15,80","2,95","1,62","5,29","2.245,00"
2019-09-04,"67,400","15,80","2,95","1,62","5,29","2.245,00"
2019-09-05,"68,080","15,80","2,95","1,62","5,29","2.245,00"
2019-09-06,"68,520","15,80","2,95","1,62","5,29","2.245,00"
2019-09-09,"67,460","15,80","2,95","1,62","5,29","2.245,00"
2019-09-10,"67,180","15,80","2,95","1,62","5,29","2.245,00"
2019-09-11,"67,340","15,80","2,95","1,62","5,29","2.245,00"
2019-09-12,"67,500","15,80","2,95","1,62","5,29","2.245,00"
2019-09-13,"67,200","15,80","2,95","1,62","5,29","2.245,00"
2019-09-16,"66,180","15,80","2,95","1,62","5,29","2.245,00"
2019-09-17,"66,500","15,80","2,95","1,62","5,29","2.245,00"
2019-09-18,"66,800","15,80","2,95","1,62","5,29","2.245,00"
2019-09-19,"66,600","15,80","2,95","1,62","5,29","2.245,00"
2019-09-20,"68,000","15,80","2,95","1,62","5,29","2.245,00"
2019-09-23,"65,480","15,80","2,95","1,62","5,29","2.245,00"
2019-09-24,"66,300","15,80","2,95","1,62","5,29","2.245,00"
2019-09-25,"65,280","15,80","2,95","1,62","5,29","2.245,00"
2019-09-26,"65,280","15,80","2,95","1,62","5,29","2.245,00"
2019-09-27,"65,800","15,80","2,95","1,62","5,29","2.245,00"
2019-09-30,"65,720","15,80","2,95","1,62","5,29","2.245,00"
2019-10-01,"64,720","15,80","2,95","1,62","5,29","2.245,00"
2019-10-02,"61,940","15,80","2,95","1,62","5,29","2.245,00"
2019-10-03,"62,580","15,80","2,95","1,62","5,29","2.245,00"
2019-10-04,"63,520","15,80","2,95","1,62","5,29","2.245,00"
2019-10-07,"64,300","15,80","2,95","1,62","5,29","2.245,00"
2019-10-08,"64,060","15,80","2,95","1,62","5,29","2.245,00"
2019-10-09,"64,760","15,80","2,95","1,62","5,29","2.245,00"
2019-10-10,"65,840","15,80","2,95","1,62","5,29","2.245,00"
2019-10-11,"66,820","15,80","2,95","1,62","5,29","2.245,00"
2019-10-14,"65,940","15,80","2,95","1,62","5,29","2.245,00"
2019-10-15,"66,880","15,80","2,95","1,62","5,29","2.245,00"
2019-10-16,"67,100","15,80","2,95","1,62","5,29","2.245,00"
2019-10-17,"66,740","15,80","2,95","1,62","5,29","2.245,00"
2019-10-18,"65,500","15,80","2,95","1,62","5,29","2.245,00"
2019-10-21,"66,180","15,80","2,95","1,62","5,29","2.245,00"
2019-10-22,"65,400","15,80","2,95","1,62","5,29","2.245,00"
2019-10-23,"65,360","15,80","2,95","1,62","5,29","2.245,00"
2019-10-24,"66,320","15,80","2,95","1,62","5,29","2.245,00"
2019-10-25,"67,060","15,80","2,95","1,62","5,29","2.245,00"
2019-10-28,"67,120","15,80","2,95","1,62","5,29","2.245,00"
2019-10-29,"66,540","15,80","2,95","1,62","5,29","2.245,00"
2019-10-30,"66,020","15,80","2,95","1,62","5,29","2.245,00"
2019-10-31,"66,340","15,80","2,95","1,62","5,29","2.245,00"
2019-11-01,"67,180","15,80","2,95","1,62","5,29","2.245,00"
2019-11-04,"67,640","15,80","2,95","1,62","5,29","2.245,00"
2019-11-05,"66,980","15,80","2,95","1,62","5,29","2.245,00"
2019-11-06,"68,580","15,80","2,95","1,62","5,29","2.245,00"
2019-11-07,"71,080","15,80","2,95","1,62","5,29","2.245,00"
2019-11-08,"71,460","15,80","2,95","1,62","5,29","2.245,00"
2019-11-11,"71,540","15,80","2,95","1,62","5,29","2.245,00"
2019-11-12,"71,080","15,80","2,95","1,62","5,29","2.245,00"
2019-11-13,"71,800","15,80","2,95","1,62","5,29","2.245,00"
2019-11-14,"71,820","15,80","2,95","1,62","5,29","2.245,00"
2019-11-15,"71,980","15,80","2,95","1,62","5,29","2.245,00"
2019-11-18,"71,700","15,80","2,95","1,62","5,29","2.245,00"
2019-11-19,"71,880","15,80","2,95","1,62","5,29","2.245,00"
2019-11-20,"71,560","15,80","2,95","1,62","5,29","2.245,00"
2019-11-21,"70,960","15,80","2,95","1,62","5,29","2.245,00"
2019-11-22,"70,960","15,80","2,95","1,62","5,29","2.245,00"
2019-11-25,"71,460","15,80","2,95","1,62","5,29","2.245,00"
2019-11-26,"71,900","15,80","2,95","1,62","5,29","2.245,00"
2019-11-27,"72,160","15,80","2,95","1,62","5,29","2.245,00"
2019-11-28,"72,040","15,80","2,95","1,62","5,29","2.245,00"
2019-11-29,"72,300","15,80","2,95","1,62","5,29","2.245,00"
2019-12-02,"71,420","15,80","2,95","1,62","5,29","2.245,00"
2019-12-03,"71,860","15,80","2,95","1,62","5,29","2.245,00"
2019-12-04,"72,300","15,80","2,95","1,62","5,29","2.245,00"
2019-12-05,"72,160","15,80","2,95","1,62","5,29","2.245,00"
2019-12-06,"72,760","15,80","2,95","1,62","5,29","2.245,00"
2019-12-09,"72,480","15,80","2,95","1,62","5,29","2.245,00"
2019-12-10,"72,180","15,80","2,95","1,62","5,29","2.245,00"
2019-12-11,"71,760","15,80","2,95","1,62","5,29","2.245,00"
2019-12-12,"71,520","15,80","2,95","1,62","5,29","2.245,00"
2019-12-13,"72,660","15,80","2,95","1,62","5,29","2.245,00"
2019-12-16,"72,780","15,80","2,95","1,62","5,29","2.245,00"
2019-12-17,"73,140","15,80","2,95","1,62","5,29","2.245,00"
2019-12-18,"72,860","15,80","2,95","1,62","5,29","2.245,00"
2019-12-19,"72,480","15,80","2,95","1,62","5,29","2.245,00"
2019-12-20,"72,200","15,80","2,95","1,62","5,29","2.245,00"
2019-12-23,"72,760","15,80","2,95","1,62","5,29","2.245,00"
2019-12-24,"73,700","15,80","2,95","1,62","5,29","2.245,00"
2019-12-27,"73,640","15,80","2,95","1,62","5,29","2.245,00"
2019-12-30,"72,920","15,80","2,95","1,62","5,29","2.245,00"
2019-12-31,"72,800","15,80","2,95","1,62","5,29","2.245,00"
2020-01-02,"72,900","215,51","0,22","2,61","4,75","794,00"
2020-01-03,"73,260","215,51","0,22","2,61","4,75","794,00"
2020-01-06,"72,600","215,51","0,22","2,61","4,75","794,00"
2020-01-07,"73,280","215,51","0,22","2,61","4,75","794,00"
2020-01-08,"73,080","215,51","0,22","2,61","4,75","794,00"
2020-01-09,"74,300","215,51","0,22","2,61","4,75","794,00"
2020-01-10,"74,120","215,51","0,22","2,61","4,75","794,00"
2020-01-13,"74,440","215,51","0,22","2,61","4,75","794,00"
2020-01-14,"75,540","215,51","0,22","2,61","4,75","794,00"
2020-01-15,"76,100","215,51","0,22","2,61","4,75","794,00"
2020-01-16,"76,700","215,51","0,22","2,61","4,75","794,00"
2020-01-17,"78,600","215,51","0,22","2,61","4,75","794,00"
2020-01-20,"78,080","215,51","0,22","2,61","4,75","794,00"
2020-01-21,"77,720","215,51","0,22","2,61","4,75","794,00"
2020-01-22,"77,520","215,51","0,22","2,61","4,75","794,00"
2020-01-23,"75,600","215,51","0,22","2,61","4,75","794,00"
2020-01-24,"77,700","215,51","0,22","2,61","4,75","794,00"
2020-01-27,"72,940","215,51","0,22","2,61","4,75","794,00"
2020-01-28,"73,940","215,51","0,22","2,61","4,75","794,00"
2020-01-29,"73,700","215,51","0,22","2,61","4,75","794,00"
2020-01-30,"71,680","215,51","0,22","2,61","4,75","794,00"
2020-01-31,"70,820","215,51","0,22","2,61","4,75","794,00"
2020-02-03,"72,180","215,51","0,22","2,61","4,75","794,00"
2020-02-04,"74,420","215,51","0,22","2,61","4,75","794,00"
2020-02-05,"73,940","215,51","0,22","2,61","4,75","794,00"
2020-02-06,"74,660","215,51","0,22","2,61","4,75","794,00"
2020-02-07,"73,320","215,51","0,22","2,61","4,75","794,00"
2020-02-10,"73,880","215,51","0,22","2,61","4,75","794,00"
2020-02-11,"74,040","215,51","0,22","2,61","4,75","794,00"
2020-02-12,"74,000","215,51","0,22","2,61","4,75","794,00"
2020-02-13,"73,240","215,51","0,22","2,61","4,75","794,00"
2020-02-14,"72,840","215,51","0,22","2,61","4,75","794,00"
2020-02-17,"72,960","215,51","0,22","2,61","4,75","794,00"
2020-02-18,"72,900","215,51","0,22","2,61","4,75","794,00"
2020-02-19,"73,320","215,51","0,22","2,61","4,75","794,00"
2020-02-20,"71,620","215,51","0,22","2,61","4,75","794,00"
2020-02-21,"70,960","215,51","0,22","2,61","4,75","794,00"
2020-02-24,"67,140","215,51","0,22","2,61","4,75","794,00"
2020-02-25,"64,340","215,51","0,22","2,61","4,75","794,00"
2020-02-26,"64,100","215,51","0,22","2,61","4,75","794,00"
2020-02-27,"61,480","215,51","0,22","2,61","4,75","794,00"
2020-02-28,"63,500","215,51","0,22","2,61","4,75","794,00"
2020-03-02,"62,500","215,51","0,22","2,61","4,75","794,00"
2020-03-03,"63,040","215,51","0,22","2,61","4,75","794,00"
2020-03-04,"60,560","215,51","0,22","2,61","4,75","794,00"
2020-03-05,"59,000","215,51","0,22","2,61","4,75","794,00"
2020-03-06,"55,940","215,51","0,22","2,61","4,75","794,00"
2020-03-09,"54,380","215,51","0,22","2,61","4,75","794,00"
2020-03-10,"51,940","215,51","0,22","2,61","4,75","794,00"
2020-03-11,"51,240","215,51","0,22","2,61","4,75","794,00"
2020-03-12,"42,990","215,51","0,22","2,61","4,75","794,00"
2020-03-13,"47,750","215,51","0,22","2,61","4,75","794,00"
2020-03-16,"44,200","215,51","0,22","2,61","4,75","794,00"
2020-03-17,"43,510","215,51","0,22","2,61","4,75","794,00"
2020-03-18,"39,140","215,51","0,22","2,61","4,75","794,00"
2020-03-19,"43,030","215,51","0,22","2,61","4,75","794,00"
2020-03-20,"40,760","215,51","0,22","2,61","4,75","794,00"
2020-03-23,"40,000","215,51","0,22","2,61","4,75","794,00"
2020-03-24,"41,840","215,51","0,22","2,61","4,75","794,00"
2020-03-25,"47,180","215,51","0,22","2,61","4,75","794,00"
2020-03-26,"46,520","215,51","0,22","2,61","4,75","794,00"
2020-03-27,"44,200","215,51","0,22","2,61","4,75","794,00"
2020-03-30,"43,630","215,51","0,22","2,61","4,75","794,00"
2020-03-31,"43,200","215,51","0,22","2,61","4,75","794,00"
2020-04-01,"42,670","215,51","0,22","2,61","4,75","794,00"
2020-04-02,"41,390","17,22","2,57","2,96","4,46","2.068,83"
2020-04-03,"42,000","17,22","2,57","2,92","4,46","2.068,83"
2020-04-06,"44,310","26,28","1,6","2,76","4,18","1.500,32"
2020-04-07,"49,000","26,28","1,6","2,50","4,18","1.500,32"
2020-04-08,"48,370","26,28","1,6","2,53","4,18","1.500,32"
2020-04-09,"49,700","53,29","0,93","2,46","5,04","1.144,05"
2020-04-14,"50,940","53,29","0,93","2,40","5,04","1.144,05"
2020-04-15,"45,840","53,29","0,93","2,67","5,04","1.144,05"
2020-04-16,"45,670","53,29","0,93","2,68","5,04","1.144,05"
2020-04-17,"46,140","53,29","0,93","2,65","5,04","1.144,05"
2020-04-20,"46,660","215,51","0,22","2,61","4,75","794,00"
2020-04-21,"43,410","45,79","1,01","2,82","4,68","1.242,49"
2020-04-22,"43,240","45,79","1,01","2,83","4,68","1.242,49"
2020-04-23,"43,000","45,79","1,01","2,85","4,68","1.242,49"
2020-04-24,"42,730","45,79","1,01","2,87","4,68","1.242,49"
2020-04-27,"43,000","42,41","1,01","2,85","4,33","1.242,49"
2020-04-28,"43,110","42,41","1,01","2,84","4,33","1.242,49"
2020-04-29,"43,580","42,41","1,01","2,81","4,33","1.242,49"
2020-04-30,"43,920","42,41","1,01","2,79","4,33","1.242,49"
2020-05-04,"41,900","47,09","0,93","2,92","4,45","1.242,49"
2020-05-05,"41,000","47,09","0,93","2,99","4,45","1.242,49"
2020-05-06,"39,520","47,09","0,93","3,10","4,45","1.242,49"
2020-05-07,"39,940","47,09","0,93","3,07","4,45","1.242,49"
2020-05-08,"40,690","215,51","0,22","2,61","4,75","794,00"
2020-05-11,"39,160","215,51","0,22","2,61","4,75","794,00"
2020-05-12,"38,520","44,23","0,92","3,18","4,13","1.175,55"
2020-05-13,"37,400","44,23","0,92","3,28","4,13","1.175,55"
2020-05-14,"37,120","44,23","0,92","3,30","4,13","1.175,55"
2020-05-15,"35,220","44,23","0,92","3,48","4,13","1.175,55"
2020-05-18,"40,480","44,23","0,92","3,03","4,13","1.175,55"
2020-05-19,"42,980","44,23","0,92","2,85","4,13","1.175,55"
2020-05-20,"43,520","44,23","0,92","2,81","4,13","1.175,55"
2020-05-21,"44,000","44,23","0,92","2,78","4,13","1.175,55"
2020-05-22,"43,740","44,23","0,92","2,80","4,13","1.175,55"
2020-05-25,"45,810","215,51","0,22","2,61","4,75","794,00"
2020-05-26,"47,240","85,29","0,51","2,59","4,46","946,04"
2020-05-27,"50,100","85,29","0,51","2,45","4,46","946,04"
2020-05-28,"48,370","85,29","0,51","2,53","4,46","946,04"
2020-05-29,"46,940","85,29","0,51","2,61","4,46","946,04"
2020-06-02,"48,760","127,79","0,37","2,51","4,79","837,48"
2020-06-03,"50,260","127,79","0,37","2,44","4,79","837,48"
2020-06-04,"49,730","127,79","0,37","2,46","4,79","837,48"
2020-06-05,"53,580","127,79","0,37","2,29","4,79","837,48"
2020-06-08,"53,800","185,57","0,29","2,28","5,47","833,59"
2020-06-09,"52,540","185,57","0,29","2,33","5,47","833,59"
2020-06-10,"51,280","185,57","0,29","2,39","5,47","833,59"
2020-06-11,"48,070","185,57","0,29","2,55","5,47","833,59"
2020-06-12,"48,400","185,57","0,29","2,53","5,47","833,59"
2020-06-15,"48,300","215,51","0,22","2,54","4,75","794,00"
2020-06-16,"50,220","190,85","0,25","2,44","4,94","795,6"
2020-06-17,"50,920","190,85","0,25","2,41","4,94","795,6"
2020-06-18,"50,500","190,85","0,25","2,43","4,94","795,6"
2020-06-19,"50,340","190,85","0,25","2,43","4,94","795,6"
2020-06-22,"48,910","198,5","0,25","2,50","5,14","795,6"
2020-06-23,"49,680","198,5","0,25","2,47","5,14","795,6"
2020-06-24,"46,560","198,5","0,25","2,63","5,14","795,6"
2020-06-25,"46,720","198,5","0,25","2,62","5,14","795,6"
2020-06-26,"46,610","198,5","0,25","2,63","5,14","795,6"
2020-06-29,"47,030","215,51","0,22","2,60","4,75",794
2020-06-30,"46,380","215,51","0,22","2,64","4,75",794
2020-07-01,"46,970","215,51","0,22","2,61","4,75",794
2020-07-02,"49,500","215,51","0,22","2,47","4,75",794
2020-07-03,"48,270","215,51","0,22","2,61","4,75","794,00"
2020-07-06,"48,780","215,51","0,22","2,61","4,75","794,00"
2020-07-07,"48,550","273,02","0,18","2,52","4,92","770,33"
2020-07-08,"47,050","273,02","0,18","2,60","4,92","770,33"
2020-07-09,"45,070","273,02","0,18","2,72","4,92","770,33"
2020-07-10,"45,740","273,02","0,18","2,68","4,92","770,33"
2020-07-13,"48,500","215,51","0,22","2,61","4,75","794,00"
2020-07-14,"46,540","538,12","0,09","1,20","4,67",748
2020-07-15,"49,390","538,12","0,09","1,13","4,67",748
2020-07-16,"47,460","215,51","0,22","2,61","4,75","794,00"
2020-07-17,"47,560","215,51","0,22","2,61","4,75","794,00"
2020-07-20,"47,770","998,85","0,05","1,17","4,91","720,32"
2020-07-21,"48,100","998,85","0,05","1,16","4,91","720,32"
2020-07-22,"46,490","998,85","0,05","1,20","4,91","720,32"
2020-07-23,"46,350","998,85","0,05","1,21","4,91","720,32"
2020-07-24,"46,230","215,51","0,22","2,61","4,75","794,00"
2020-07-27,"45,000",1.541,"0,03","1,24","4,78","656,82"
2020-07-28,"45,850",1.541,"0,03","1,22","4,78","656,82"
2020-07-29,"45,120",1.541,"0,03","1,24","4,78","656,82"
2020-07-30,"43,380","215,51","0,22","2,61","4,75","794,00"
2020-07-31,"42,810",1.541,"0,03","1,32","4,78","656,82"
2020-08-03,"43,080","14,36","- 0,01","1,30","4,6",602
2020-08-04,"42,260","14,36","- 0,01","1,33","4,6",602
2020-08-05,"44,380","215,51","0,22","2,61","4,75","794,00"
2020-08-06,"45,100","14,36","- 0,01","1,24","4,6",602
2020-08-07,"44,980","215,51","0,22","2,61","4,75","794,00"
2020-08-10,"45,530","15,25","- 0,1","1,23","4,89",585
2020-08-11,"48,850","15,25","- 0,1","1,15","4,89",585
2020-08-12,"47,910","15,25","- 0,1","1,17","4,89",585
2020-08-13,"47,940","215,51","0,22","2,61","4,75","794,00"
2020-08-14,"46,300","215,51","0,22","2,61","4,75","794,00"
2020-08-17,"45,230","215,51","0,22","2,61","4,75","794,00"
2020-08-18,"45,000","215,51","0,22","2,61","4,75","794,00"
2020-08-19,"44,210","15,69","- 0,1","1,27","5,03",585
2020-08-20,"44,000","215,51","0,22","2,61","4,75","794,00"
2020-08-21,"44,630","215,51","0,22","2,61","4,75","794,00"
2020-08-24,"45,250","15,13","- 0,1","1,24","4,85",585
2020-08-25,"47,540","15,13","- 0,1","1,18","4,85",585
2020-08-26,"48,120","15,13","- 0,1","1,16","4,85",585
2020-08-27,"48,640","15,13","- 0,1","1,15","4,85",585
