fecha,AENA_ultimo,AENA_per,AENA_bpa,AENA_rentabilidad_por_dividendo,AENA_precio_valor_contable,AENA_ebitda
2015-02-12,"70,00",,,,,
2015-02-13,"74,00",,,,,
2015-02-16,"72,50",,,,,
2015-02-17,"74,90",,,,,
2015-02-18,"76,87",,,,,
2015-02-19,"77,15",,,,,
2015-02-20,"78,00",,,,,
2015-02-23,"77,77",,,,,
2015-02-24,"77,50",,,,,
2015-02-25,"78,13",,,,,
2015-02-26,"80,64",,,,,
2015-02-27,"83,06",,,,,
2015-03-02,"82,50",,,,,
2015-03-03,"82,00",,,,,
2015-03-04,"83,48",,,,,
2015-03-05,"84,61",,,,,
2015-03-06,"84,90",,,,,
2015-03-09,"85,05",,,,,
2015-03-10,"83,00",,,,,
2015-03-11,"80,44",,,,,
2015-03-12,"81,30",,,,,
2015-03-13,"81,50",,,,,
2015-03-16,"80,50",,,,,
2015-03-17,"80,00",,,,,
2015-03-18,"79,94",,,,,
2015-03-19,"79,10",,,,,
2015-03-20,"80,25",,,,,
2015-03-23,"80,80",,,,,
2015-03-24,"81,95",,,,,
2015-03-25,"80,35",,,,,
2015-03-26,"80,66",,,,,
2015-03-27,"84,00",,,,,
2015-03-30,"89,50",,,,,
2015-03-31,"93,51",,,,,
2015-04-01,"97,49",,,,,
2015-04-02,"99,60",,,,,
2015-04-07,"97,95",,,,,
2015-04-08,"94,90",,,,,
2015-04-09,"94,50",,,,,
2015-04-10,"99,42",,,,,
2015-04-13,"98,50",,,,,
2015-04-14,"92,61",,,,,
2015-04-15,"90,37",,,,,
2015-04-16,"90,20",,,,,
2015-04-17,"90,50",,,,,
2015-04-20,"88,50",,,,,
2015-04-21,"89,70",,,,,
2015-04-22,"88,50",,,,,
2015-04-23,"86,65",,,,,
2015-04-24,"86,10",,,,,
2015-04-27,"88,95",,,,,
2015-04-28,"86,80",,,,,
2015-04-29,"82,55",,,,,
2015-04-30,"83,91",,,,,
2015-05-04,"88,52",,,,,
2015-05-05,"86,45",,,,,
2015-05-06,"86,97",,,,,
2015-05-07,"85,76",,,,,
2015-05-08,"87,50",,,,,
2015-05-11,"88,35",,,,,
2015-05-12,"88,60",,,,,
2015-05-13,"89,16",,,,,
2015-05-14,"93,76",,,,,
2015-05-15,"94,30",,,,,
2015-05-18,"94,70",,,,,
2015-05-19,"94,35",,,,,
2015-05-20,"93,28",,,,,
2015-05-21,"93,30",,,,,
2015-05-22,"92,25",,,,,
2015-05-25,"90,30",,,,,
2015-05-26,"91,51",,,,,
2015-05-27,"94,79",,,,,
2015-05-28,"96,75",,,,,
2015-05-29,"95,40",,,,,
2015-06-01,"95,40",,,,,
2015-06-02,"94,00",,,,,
2015-06-03,"95,27",,,,,
2015-06-04,"94,36",,,,,
2015-06-05,"94,21",,,,,
2015-06-08,"93,98",,,,,
2015-06-09,"95,02",,,,,
2015-06-10,"95,49",,,,,
2015-06-11,"95,90",,,,,
2015-06-12,"94,69",,,,,
2015-06-15,"93,15",,,,,
2015-06-16,"95,75",,,,,
2015-06-17,"93,77",,,,,
2015-06-18,"92,35",,,,,
2015-06-19,"94,75",,,,,
2015-06-22,"95,90",,,,,
2015-06-23,"95,55",,,,,
2015-06-24,"95,25",,,,,
2015-06-25,"93,10",,,,,
2015-06-26,"94,40",,,,,
2015-06-29,"92,50",,,,,
2015-06-30,"93,74",,,,,
2015-07-01,"93,05",,,,,
2015-07-02,"90,78",,,,,
2015-07-03,"94,09",,,,,
2015-07-06,"94,50",,,,,
2015-07-07,"92,24",,,,,
2015-07-08,"93,76",,,,,
2015-07-09,"94,05",,,,,
2015-07-10,"95,70",,,,,
2015-07-13,"98,17",,,,,
2015-07-14,"98,92",,,,,
2015-07-15,"100,35",,,,,
2015-07-16,"99,80",,,,,
2015-07-17,"99,23",,,,,
2015-07-20,"98,40",,,,,
2015-07-21,"98,00",,,,,
2015-07-22,"98,00",,,,,
2015-07-23,"97,75",,,,,
2015-07-24,"99,50",,,,,
2015-07-27,"101,55",,,,,
2015-07-28,"103,30",,,,,
2015-07-29,"100,80",,,,,
2015-07-30,"100,30",,,,,
2015-07-31,"100,40",,,,,
2015-08-03,"104,00",,,,,
2015-08-04,"104,70",,,,,
2015-08-05,"104,10",,,,,
2015-08-06,"104,25",,,,,
2015-08-07,"103,40",,,,,
2015-08-10,"104,35",,,,,
2015-08-11,"103,65",,,,,
2015-08-12,"103,50",,,,,
2015-08-13,"103,40",,,,,
2015-08-14,"106,15",,,,,
2015-08-17,"105,90",,,,,
2015-08-18,"106,55",,,,,
2015-08-19,"105,05",,,,,
2015-08-20,"102,05",,,,,
2015-08-21,"99,34",,,,,
2015-08-24,"97,56",,,,,
2015-08-25,"100,00",,,,,
2015-08-26,"99,78",,,,,
2015-08-27,"101,35",,,,,
2015-08-28,"101,90",,,,,
2015-08-31,"102,50",,,,,
2015-09-01,"100,00",,,,,
2015-09-02,"100,00",,,,,
2015-09-03,"100,35",,,,,
2015-09-04,"99,95",,,,,
2015-09-07,"99,03",,,,,
2015-09-08,"98,89",,,,,
2015-09-09,"98,90",,,,,
2015-09-10,"98,43",,,,,
2015-09-11,"98,84",,,,,
2015-09-14,"100,00",,,,,
2015-09-15,"99,79",,,,,
2015-09-16,"99,75",,,,,
2015-09-17,"102,25",,,,,
2015-09-18,"101,15",,,,,
2015-09-21,"101,05",,,,,
2015-09-22,"99,10",,,,,
2015-09-23,"97,33",,,,,
2015-09-24,"96,75",,,,,
2015-09-25,"98,90",,,,,
2015-09-28,"98,85",,,,,
2015-09-29,"97,30",,,,,
2015-09-30,"98,75",,,,,
2015-10-01,"100,45",,,,,
2015-10-02,"100,00",,,,,
2015-10-05,"103,05",,,,,
2015-10-06,"103,00",,,,,
2015-10-07,"102,95",,,,,
2015-10-08,"105,00",,,,,
2015-10-09,"101,20",,,,,
2015-10-12,"101,10",,,,,
2015-10-13,"102,20",,,,,
2015-10-14,"101,95",,,,,
2015-10-15,"103,25",,,,,
2015-10-16,"104,00",,,,,
2015-10-19,"103,75",,,,,
2015-10-20,"103,50",,,,,
2015-10-21,"103,50",,,,,
2015-10-22,"102,75",,,,,
2015-10-23,"102,65",,,,,
2015-10-26,"102,60",,,,,
2015-10-27,"102,25",,,,,
2015-10-28,"101,05",,,,,
2015-10-29,"101,45",,,,,
2015-10-30,"101,50",,,,,
2015-11-02,"100,55",,,,,
2015-11-03,"100,25",,,,,
2015-11-04,"98,90",,,,,
2015-11-05,"100,20",,,,,
2015-11-06,"101,35",,,,,
2015-11-09,"99,55",,,,,
2015-11-10,"100,00",,,,,
2015-11-11,"100,40",,,,,
2015-11-12,"100,35",,,,,
2015-11-13,"100,95",,,,,
2015-11-16,"101,80",,,,,
2015-11-17,"104,50",,,,,
2015-11-18,"104,00",,,,,
2015-11-19,"104,45",,,,,
2015-11-20,"105,35",,,,,
2015-11-23,"106,55",,,,,
2015-11-24,"103,30",,,,,
2015-11-25,"103,00",,,,,
2015-11-26,"104,45",,,,,
2015-11-27,"104,15",,,,,
2015-11-30,"107,35",,,,,
2015-12-01,"105,80",,,,,
2015-12-02,"104,70",,,,,
2015-12-03,"104,05",,,,,
2015-12-04,"104,65",,,,,
2015-12-07,"105,10",,,,,
2015-12-08,"105,00",,,,,
2015-12-09,"105,50",,,,,
2015-12-10,"106,20",,,,,
2015-12-11,"104,70",,,,,
2015-12-14,"105,10",,,,,
2015-12-15,"106,60",,,,,
2015-12-16,"107,95",,,,,
2015-12-17,"110,10",,,,,
2015-12-18,"108,95",,,,,
2015-12-21,"101,30",,,,,
2015-12-22,"101,35",,,,,
2015-12-23,"104,20",,,,,
2015-12-24,"104,50",,,,,
2015-12-28,"104,00",,,,,
2015-12-29,"105,25",,,,,
2015-12-30,"105,80",,,,,
2015-12-31,"105,40",,,,,
2016-01-04,"104,15",,,,,
2016-01-05,"104,75",,,,,
2016-01-06,"104,20",,,,,
2016-01-07,"102,35",,,,,
2016-01-08,"103,30",,,,,
2016-01-11,"102,80",,,,,
2016-01-12,"103,15",,,,,
2016-01-13,"102,75",,,,,
2016-01-14,"101,20",,,,,
2016-01-15,"98,74",,,,,
2016-01-18,"98,85",,,,,
2016-01-19,"101,15",,,,,
2016-01-20,"96,64",,,,,
2016-01-21,"99,13",,,,,
2016-01-22,"101,25",,,,,
2016-01-25,"101,10",,,,,
2016-01-26,"100,45",,,,,
2016-01-27,"101,20",,,,,
2016-01-28,"99,41",,,,,
2016-01-29,"102,25",,,,,
2016-02-01,"103,55",,,,,
2016-02-02,"103,40",,,,,
2016-02-03,"101,60",,,,,
2016-02-04,"101,75",,,,,
2016-02-05,"101,15",,,,,
2016-02-08,"97,84",,,,,
2016-02-09,"95,63",,,,,
2016-02-10,"97,64",,,,,
2016-02-11,"94,07",,,,,
2016-02-12,"95,56",,,,,
2016-02-15,"97,99",,,,,
2016-02-16,"98,45",,,,,
2016-02-17,"100,10",,,,,
2016-02-18,"102,15",,,,,
2016-02-19,"103,35",,,,,
2016-02-22,"105,30",,,,,
2016-02-23,"104,75",,,,,
2016-02-24,"103,15",,,,,
2016-02-25,"104,40",,,,,
2016-02-26,"104,25",,,,,
2016-02-29,"104,70",,,,,
2016-03-01,"105,65",,,,,
2016-03-02,"104,80",,,,,
2016-03-03,"103,80",,,,,
2016-03-04,"103,85",,,,,
2016-03-07,"103,55",,,,,
2016-03-08,"102,50",,,,,
2016-03-09,"104,00",,,,,
2016-03-10,"103,60",,,,,
2016-03-11,"105,55",,,,,
2016-03-14,"108,05",,,,,
2016-03-15,"108,95",,,,,
2016-03-16,"109,45",,,,,
2016-03-17,"111,05",,,,,
2016-03-18,"112,80",,,,,
2016-03-21,"113,05",,,,,
2016-03-22,"113,50",,,,,
2016-03-23,"114,60",,,,,
2016-03-24,"114,40",,,,,
2016-03-29,"113,95",,,,,
2016-03-30,"114,25",,,,,
2016-03-31,"113,45",,,,,
2016-04-01,"112,85",,,,,
2016-04-04,"113,10",,,,,
2016-04-05,"114,40",,,,,
2016-04-06,"116,85",,,,,
2016-04-07,"115,00",,,,,
2016-04-08,"117,50",,,,,
2016-04-11,"118,20",,,,,
2016-04-12,"118,50",,,,,
2016-04-13,"121,05",,,,,
2016-04-14,"120,35",,,,,
2016-04-15,"120,55",,,,,
2016-04-18,"120,35",,,,,
2016-04-19,"121,05",,,,,
2016-04-20,"121,20",,,,,
2016-04-21,"120,55",,,,,
2016-04-22,"119,40",,,,,
2016-04-25,"120,70",,,,,
2016-04-26,"120,90",,,,,
2016-04-27,"122,95",,,,,
2016-04-28,"125,25",,,,,
2016-04-29,"124,55",,,,,
2016-05-02,"124,65",,,,,
2016-05-03,"124,30",,,,,
2016-05-04,"123,40",,,,,
2016-05-05,"123,75",,,,,
2016-05-06,"122,65",,,,,
2016-05-09,"123,10",,,,,
2016-05-10,"123,70",,,,,
2016-05-11,"121,90",,,,,
2016-05-12,"121,75",,,,,
2016-05-13,"121,65",,,,,
2016-05-16,"122,05",,,,,
2016-05-17,"121,40",,,,,
2016-05-18,"122,25",,,,,
2016-05-19,"121,05",,,,,
2016-05-20,"122,50",,,,,
2016-05-23,"123,30",,,,,
2016-05-24,"124,60",,,,,
2016-05-25,"119,75",,,,,
2016-05-26,"121,05",,,,,
2016-05-27,"122,00",,,,,
2016-05-30,"121,00",,,,,
2016-05-31,"121,35",,,,,
2016-06-01,"120,50",,,,,
2016-06-02,"120,15",,,,,
2016-06-03,"120,25",,,,,
2016-06-06,"120,00",,,,,
2016-06-07,"121,50",,,,,
2016-06-08,"121,40",,,,,
2016-06-09,"121,95",,,,,
2016-06-10,"119,25",,,,,
2016-06-13,"116,20",,,,,
2016-06-14,"115,15",,,,,
2016-06-15,"115,95",,,,,
2016-06-16,"115,05",,,,,
2016-06-17,"117,55",,,,,
2016-06-20,"119,80",,,,,
2016-06-21,"119,05",,,,,
2016-06-22,"119,10",,,,,
2016-06-23,"119,45",,,,,
2016-06-24,"110,00",,,,,
2016-06-27,"107,50",,,,,
2016-06-28,"114,60",,,,,
2016-06-29,"118,85",,,,,
2016-06-30,"118,25",,,,,
2016-07-01,"118,90",,,,,
2016-07-04,"118,95",,,,,
2016-07-05,"119,05",,,,,
2016-07-06,"118,40",,,,,
2016-07-07,"120,20",,,,,
2016-07-08,"123,40",,,,,
2016-07-11,"125,50",,,,,
2016-07-12,"124,05",,,,,
2016-07-13,"124,25",,,,,
2016-07-14,"124,35",,,,,
2016-07-15,"124,80",,,,,
2016-07-18,"125,35",,,,,
2016-07-19,"127,30",,,,,
2016-07-20,"128,40",,,,,
2016-07-21,"128,25",,,,,
2016-07-22,"127,55",,,,,
2016-07-25,"128,20",,,,,
2016-07-26,"127,35",,,,,
2016-07-27,"127,50",,,,,
2016-07-28,"126,80",,,,,
2016-07-29,"129,00",,,,,
2016-08-01,"128,85",,,,,
2016-08-02,"127,70",,,,,
2016-08-03,"127,20",,,,,
2016-08-04,"127,60",,,,,
2016-08-05,"129,00",,,,,
2016-08-08,"127,95",,,,,
2016-08-09,"129,70",,,,,
2016-08-10,"128,25",,,,,
2016-08-11,"128,65",,,,,
2016-08-12,"128,90",,,,,
2016-08-15,"129,00",,,,,
2016-08-16,"126,40",,,,,
2016-08-17,"125,70",,,,,
2016-08-18,"126,85",,,,,
2016-08-19,"127,30",,,,,
2016-08-22,"127,35",,,,,
2016-08-23,"127,40",,,,,
2016-08-24,"127,55",,,,,
2016-08-25,"127,50",,,,,
2016-08-26,"126,60",,,,,
2016-08-29,"127,30",,,,,
2016-08-30,"127,10",,,,,
2016-08-31,"126,75",,,,,
2016-09-01,"127,00",,,,,
2016-09-02,"128,55",,,,,
2016-09-05,"129,35",,,,,
2016-09-06,"130,75",,,,,
2016-09-07,"132,00",,,,,
2016-09-08,"132,80",,,,,
2016-09-09,"130,05",,,,,
2016-09-12,"129,15",,,,,
2016-09-13,"128,55",,,,,
2016-09-14,"129,40",,,,,
2016-09-15,"130,70",,,,,
2016-09-16,"128,10",,,,,
2016-09-19,"129,60",,,,,
2016-09-20,"128,85",,,,,
2016-09-21,"128,65",,,,,
2016-09-22,"131,85",,,,,
2016-09-23,"131,15",,,,,
2016-09-26,"130,55",,,,,
2016-09-27,"131,45",,,,,
2016-09-28,"129,70",,,,,
2016-09-29,"131,85",,,,,
2016-09-30,"131,30",,,,,
2016-10-03,"131,90",,,,,
2016-10-04,"132,65",,,,,
2016-10-05,"130,55",,,,,
2016-10-06,"127,20",,,,,
2016-10-07,"125,85",,,,,
2016-10-10,"127,10",,,,,
2016-10-11,"126,80",,,,,
2016-10-12,"127,15",,,,,
2016-10-13,"127,55",,,,,
2016-10-14,"129,25",,,,,
2016-10-17,"130,45",,,,,
2016-10-18,"130,85",,,,,
2016-10-19,"133,00",,,,,
2016-10-20,"131,50",,,,,
2016-10-21,"132,75",,,,,
2016-10-24,"136,00",,,,,
2016-10-25,"135,95",,,,,
2016-10-26,"132,65",,,,,
2016-10-27,"134,35",,,,,
2016-10-28,"134,95",,,,,
2016-10-31,"133,75",,,,,
2016-11-01,"133,00",,,,,
2016-11-02,"132,20",,,,,
2016-11-03,"129,70",,,,,
2016-11-04,"128,90",,,,,
2016-11-07,"130,60",,,,,
2016-11-08,"129,85",,,,,
2016-11-09,"130,70",,,,,
2016-11-10,"124,45",,,,,
2016-11-11,"124,50",,,,,
2016-11-14,"120,30",,,,,
2016-11-15,"121,20",,,,,
2016-11-16,"122,15",,,,,
2016-11-17,"124,90",,,,,
2016-11-18,"125,10",,,,,
2016-11-21,"125,15",,,,,
2016-11-22,"124,80",,,,,
2016-11-23,"126,15",,,,,
2016-11-24,"126,00",,,,,
2016-11-25,"127,00",,,,,
2016-11-28,"129,20",,,,,
2016-11-29,"127,30",,,,,
2016-11-30,"125,10",,,,,
2016-12-01,"125,40",,,,,
2016-12-02,"125,10",,,,,
2016-12-05,"125,65",,,,,
2016-12-06,"125,95",,,,,
2016-12-07,"127,75",,,,,
2016-12-08,"126,40",,,,,
2016-12-09,"128,70",,,,,
2016-12-12,"130,00",,,,,
2016-12-13,"130,90",,,,,
2016-12-14,"130,90",,,,,
2016-12-15,"132,10",,,,,
2016-12-16,"132,60",,,,,
2016-12-19,"132,35",,,,,
2016-12-20,"131,55",,,,,
2016-12-21,"132,55",,,,,
2016-12-22,"131,40",,,,,
2016-12-23,"132,20",,,,,
2016-12-27,"132,35",,,,,
2016-12-28,"130,00",,,,,
2016-12-29,"130,00",,,,,
2016-12-30,"129,65",,,,,
2017-01-02,"130,85","14,54","8,21","2,46","3,15","2.517,20"
2017-01-03,"131,20","14,54","8,21","2,46","3,15","2.517,20"
2017-01-04,"129,70","14,54","8,21","2,46","3,15","2.517,20"
2017-01-05,"131,60","14,54","8,21","2,46","3,15","2.517,20"
2017-01-06,"131,00","14,54","8,21","2,46","3,15","2.517,20"
2017-01-09,"132,50","14,54","8,21","2,46","3,15","2.517,20"
2017-01-10,"132,80","14,54","8,21","2,46","3,15","2.517,20"
2017-01-11,"134,70","14,54","8,21","2,46","3,15","2.517,20"
2017-01-12,"135,00","14,54","8,21","2,46","3,15","2.517,20"
2017-01-13,"137,20","14,54","8,21","2,46","3,15","2.517,20"
2017-01-16,"136,50","14,54","8,21","2,46","3,15","2.517,20"
2017-01-17,"135,50","14,54","8,21","2,46","3,15","2.517,20"
2017-01-18,"135,00","14,54","8,21","2,46","3,15","2.517,20"
2017-01-19,"134,45","14,54","8,21","2,46","3,15","2.517,20"
2017-01-20,"134,10","14,54","8,21","2,46","3,15","2.517,20"
2017-01-23,"134,30","14,54","8,21","2,46","3,15","2.517,20"
2017-01-24,"134,20","14,54","8,21","2,46","3,15","2.517,20"
2017-01-25,"133,85","14,54","8,21","2,46","3,15","2.517,20"
2017-01-26,"135,35","14,54","8,21","2,46","3,15","2.517,20"
2017-01-27,"137,70","14,54","8,21","2,46","3,15","2.517,20"
2017-01-30,"135,75","14,54","8,21","2,46","3,15","2.517,20"
2017-01-31,"134,35","14,54","8,21","2,46","3,15","2.517,20"
2017-02-01,"133,60","14,54","8,21","2,46","3,15","2.517,20"
2017-02-02,"133,75","14,54","8,21","2,46","3,15","2.517,20"
2017-02-03,"133,35","14,54","8,21","2,46","3,15","2.517,20"
2017-02-06,"132,80","14,54","8,21","2,46","3,15","2.517,20"
2017-02-07,"133,00","14,54","8,21","2,46","3,15","2.517,20"
2017-02-08,"133,50","14,54","8,21","2,46","3,15","2.517,20"
2017-02-09,"134,05","14,54","8,21","2,46","3,15","2.517,20"
2017-02-10,"134,25","14,54","8,21","2,46","3,15","2.517,20"
2017-02-13,"134,85","14,54","8,21","2,46","3,15","2.517,20"
2017-02-14,"134,45","14,54","8,21","2,46","3,15","2.517,20"
2017-02-15,"134,80","14,54","8,21","2,46","3,15","2.517,20"
2017-02-16,"135,00","14,54","8,21","2,46","3,15","2.517,20"
2017-02-17,"135,00","14,54","8,21","2,46","3,15","2.517,20"
2017-02-20,"136,00","14,54","8,21","2,46","3,15","2.517,20"
2017-02-21,"137,75","14,54","8,21","2,46","3,15","2.517,20"
2017-02-22,"133,70","14,54","8,21","2,46","3,15","2.517,20"
2017-02-23,"135,50","14,54","8,21","2,46","3,15","2.517,20"
2017-02-24,"134,95","14,54","8,21","2,46","3,15","2.517,20"
2017-02-27,"135,15","14,54","8,21","2,46","3,15","2.517,20"
2017-02-28,"135,00","14,54","8,21","2,46","3,15","2.517,20"
2017-03-01,"135,45","14,54","8,21","2,46","3,15","2.517,20"
2017-03-02,"135,50","14,54","8,21","2,46","3,15","2.517,20"
2017-03-03,"134,85","14,54","8,21","2,46","3,15","2.517,20"
2017-03-06,"134,90","14,54","8,21","2,46","3,15","2.517,20"
2017-03-07,"134,95","14,54","8,21","2,46","3,15","2.517,20"
2017-03-08,"134,60","14,54","8,21","2,46","3,15","2.517,20"
2017-03-09,"136,30","14,54","8,21","2,46","3,15","2.517,20"
2017-03-10,"135,60","14,54","8,21","2,46","3,15","2.517,20"
2017-03-13,"136,20","14,54","8,21","2,46","3,15","2.517,20"
2017-03-14,"135,50","14,54","8,21","2,46","3,15","2.517,20"
2017-03-15,"136,65","14,54","8,21","2,46","3,15","2.517,20"
2017-03-16,"138,00","14,54","8,21","2,46","3,15","2.517,20"
2017-03-17,"139,10","14,54","8,21","2,46","3,15","2.517,20"
2017-03-20,"139,50","14,54","8,21","2,46","3,15","2.517,20"
2017-03-21,"139,25","14,54","8,21","2,46","3,15","2.517,20"
2017-03-22,"140,25","14,54","8,21","2,46","3,15","2.517,20"
2017-03-23,"141,05","14,54","8,21","2,46","3,15","2.517,20"
2017-03-24,"142,45","14,54","8,21","2,46","3,15","2.517,20"
2017-03-27,"142,80","14,54","8,21","2,46","3,15","2.517,20"
2017-03-28,"144,45","14,54","8,21","2,46","3,15","2.517,20"
2017-03-29,"145,55","14,54","8,21","2,46","3,15","2.517,20"
2017-03-30,"147,00","14,54","8,21","2,46","3,15","2.517,20"
2017-03-31,"148,30","14,54","8,21","2,46","3,15","2.517,20"
2017-04-03,"150,00","14,54","8,21","2,46","3,15","2.517,20"
2017-04-04,"150,25","14,54","8,21","2,46","3,15","2.517,20"
2017-04-05,"151,75","14,54","8,21","2,46","3,15","2.517,20"
2017-04-06,"153,65","14,54","8,21","2,46","3,15","2.517,20"
2017-04-07,"152,60","14,54","8,21","2,46","3,15","2.517,20"
2017-04-10,"151,55","14,54","8,21","2,46","3,15","2.517,20"
2017-04-11,"153,20","14,54","8,21","2,46","3,15","2.517,20"
2017-04-12,"151,65","14,54","8,21","2,46","3,15","2.517,20"
2017-04-13,"152,80","14,54","8,21","2,46","3,15","2.517,20"
2017-04-18,"151,25","14,54","8,21","2,46","3,15","2.517,20"
2017-04-19,"155,40","14,54","8,21","2,46","3,15","2.517,20"
2017-04-20,"154,00","14,54","8,21","2,46","3,15","2.517,20"
2017-04-21,"151,90","14,54","8,21","2,46","3,15","2.517,20"
2017-04-24,"154,90","14,54","8,21","2,46","3,15","2.517,20"
2017-04-25,"154,80","14,54","8,21","2,46","3,15","2.517,20"
2017-04-26,"159,20","14,54","8,21","2,46","3,15","2.517,20"
2017-04-27,"162,00","14,54","8,21","2,46","3,15","2.517,20"
2017-04-28,"162,00","14,54","8,21","2,46","3,15","2.517,20"
2017-05-02,"161,60","14,54","8,21","2,46","3,15","2.517,20"
2017-05-03,"161,85","14,54","8,21","2,46","3,15","2.517,20"
2017-05-04,"163,30","14,54","8,21","2,46","3,15","2.517,20"
2017-05-05,"164,35","14,54","8,21","2,46","3,15","2.517,20"
2017-05-08,"164,35","14,54","8,21","2,46","3,15","2.517,20"
2017-05-09,"164,00","14,54","8,21","2,46","3,15","2.517,20"
2017-05-10,"165,10","14,54","8,21","2,46","3,15","2.517,20"
2017-05-11,"165,60","14,54","8,21","2,46","3,15","2.517,20"
2017-05-12,"167,20","14,54","8,21","2,46","3,15","2.517,20"
2017-05-15,"167,65","14,54","8,21","2,46","3,15","2.517,20"
2017-05-16,"168,00","14,54","8,21","2,46","3,15","2.517,20"
2017-05-17,"167,95","14,54","8,21","2,46","3,15","2.517,20"
2017-05-18,"168,35","14,54","8,21","2,46","3,15","2.517,20"
2017-05-19,"170,30","14,54","8,21","2,46","3,15","2.517,20"
2017-05-22,"170,80","14,54","8,21","2,46","3,15","2.517,20"
2017-05-23,"171,70","14,54","8,21","2,46","3,15","2.517,20"
2017-05-24,"169,75","14,54","8,21","2,46","3,15","2.517,20"
2017-05-25,"172,25","14,54","8,21","2,46","3,15","2.517,20"
2017-05-26,"172,10","14,54","8,21","2,46","3,15","2.517,20"
2017-05-29,"171,60","14,54","8,21","2,46","3,15","2.517,20"
2017-05-30,"176,40","14,54","8,21","2,46","3,15","2.517,20"
2017-05-31,"179,70","14,54","8,21","2,46","3,15","2.517,20"
2017-06-01,"181,40","14,54","8,21","2,46","3,15","2.517,20"
2017-06-02,"182,55","14,54","8,21","2,46","3,15","2.517,20"
2017-06-05,"182,85","14,54","8,21","2,46","3,15","2.517,20"
2017-06-06,"182,30","14,54","8,21","2,46","3,15","2.517,20"
2017-06-07,"182,55","14,54","8,21","2,46","3,15","2.517,20"
2017-06-08,"182,25","14,54","8,21","2,46","3,15","2.517,20"
2017-06-09,"183,70","14,54","8,21","2,46","3,15","2.517,20"
2017-06-12,"178,65","14,54","8,21","2,46","3,15","2.517,20"
2017-06-13,"177,80","14,54","8,21","2,46","3,15","2.517,20"
2017-06-14,"180,80","14,54","8,21","2,46","3,15","2.517,20"
2017-06-15,"178,70","14,54","8,21","2,46","3,15","2.517,20"
2017-06-16,"181,85","14,54","8,21","2,46","3,15","2.517,20"
2017-06-19,"181,60","14,54","8,21","2,46","3,15","2.517,20"
2017-06-20,"180,20","14,54","8,21","2,46","3,15","2.517,20"
2017-06-21,"178,30","14,54","8,21","2,46","3,15","2.517,20"
2017-06-22,"176,75","14,54","8,21","2,46","3,15","2.517,20"
2017-06-23,"174,90","14,54","8,21","2,46","3,15","2.517,20"
2017-06-26,"174,10","14,54","8,21","2,46","3,15","2.517,20"
2017-06-27,"171,50","14,54","8,21","2,46","3,15","2.517,20"
2017-06-28,"173,60","14,54","8,21","2,46","3,15","2.517,20"
2017-06-29,"169,30","14,54","8,21","2,46","3,15","2.517,20"
2017-06-30,"170,85","14,54","8,21","2,46","3,15","2.517,20"
2017-07-03,"169,10","14,54","8,21","2,46","3,15","2.517,20"
2017-07-04,"167,50","14,54","8,21","2,46","3,15","2.517,20"
2017-07-05,"167,05","14,54","8,21","2,46","3,15","2.517,20"
2017-07-06,"164,70","14,54","8,21","2,46","3,15","2.517,20"
2017-07-07,"166,65","14,54","8,21","2,46","3,15","2.517,20"
2017-07-10,"167,30","14,54","8,21","2,46","3,15","2.517,20"
2017-07-11,"166,60","14,54","8,21","2,46","3,15","2.517,20"
2017-07-12,"168,80","14,54","8,21","2,46","3,15","2.517,20"
2017-07-13,"168,70","14,54","8,21","2,46","3,15","2.517,20"
2017-07-14,"170,65","14,54","8,21","2,46","3,15","2.517,20"
2017-07-17,"170,00","14,54","8,21","2,46","3,15","2.517,20"
2017-07-18,"168,10","14,54","8,21","2,46","3,15","2.517,20"
2017-07-19,"171,95","14,54","8,21","2,46","3,15","2.517,20"
2017-07-20,"167,65","14,54","8,21","2,46","3,15","2.517,20"
2017-07-21,"166,40","14,54","8,21","2,46","3,15","2.517,20"
2017-07-24,"165,85","14,54","8,21","2,46","3,15","2.517,20"
2017-07-25,"166,45","14,54","8,21","2,46","3,15","2.517,20"
2017-07-26,"167,85","14,54","8,21","2,46","3,15","2.517,20"
2017-07-27,"166,10","14,54","8,21","2,46","3,15","2.517,20"
2017-07-28,"163,25","14,54","8,21","2,46","3,15","2.517,20"
2017-07-31,"165,25","14,54","8,21","2,46","3,15","2.517,20"
2017-08-01,"165,95","14,54","8,21","2,46","3,15","2.517,20"
2017-08-02,"164,40","14,54","8,21","2,46","3,15","2.517,20"
2017-08-03,"164,30","14,54","8,21","2,46","3,15","2.517,20"
2017-08-04,"165,30","14,54","8,21","2,46","3,15","2.517,20"
2017-08-07,"166,95","14,54","8,21","2,46","3,15","2.517,20"
2017-08-08,"166,65","14,54","8,21","2,46","3,15","2.517,20"
2017-08-09,"166,60","14,54","8,21","2,46","3,15","2.517,20"
2017-08-10,"165,65","14,54","8,21","2,46","3,15","2.517,20"
2017-08-11,"164,35","14,54","8,21","2,46","3,15","2.517,20"
2017-08-14,"166,00","14,54","8,21","2,46","3,15","2.517,20"
2017-08-15,"165,00","14,54","8,21","2,46","3,15","2.517,20"
2017-08-16,"165,00","14,54","8,21","2,46","3,15","2.517,20"
2017-08-17,"165,00","14,54","8,21","2,46","3,15","2.517,20"
2017-08-18,"161,80","14,54","8,21","2,46","3,15","2.517,20"
2017-08-21,"162,20","14,54","8,21","2,46","3,15","2.517,20"
2017-08-22,"163,35","14,54","8,21","2,46","3,15","2.517,20"
2017-08-23,"162,90","14,54","8,21","2,46","3,15","2.517,20"
2017-08-24,"161,70","14,54","8,21","2,46","3,15","2.517,20"
2017-08-25,"162,20","14,54","8,21","2,46","3,15","2.517,20"
2017-08-28,"161,00","14,54","8,21","2,46","3,15","2.517,20"
2017-08-29,"159,95","14,54","8,21","2,46","3,15","2.517,20"
2017-08-30,"161,85","14,54","8,21","2,46","3,15","2.517,20"
2017-08-31,"164,05","14,54","8,21","2,46","3,15","2.517,20"
2017-09-01,"164,00","14,54","8,21","2,46","3,15","2.517,20"
2017-09-04,"163,05","14,54","8,21","2,46","3,15","2.517,20"
2017-09-05,"163,80","14,54","8,21","2,46","3,15","2.517,20"
2017-09-06,"159,20","14,54","8,21","2,46","3,15","2.517,20"
2017-09-07,"158,90","14,54","8,21","2,46","3,15","2.517,20"
2017-09-08,"158,45","14,54","8,21","2,46","3,15","2.517,20"
2017-09-11,"161,05","14,54","8,21","2,46","3,15","2.517,20"
2017-09-12,"158,70","14,54","8,21","2,46","3,15","2.517,20"
2017-09-13,"156,55","14,54","8,21","2,46","3,15","2.517,20"
2017-09-14,"156,75","14,54","8,21","2,46","3,15","2.517,20"
2017-09-15,"156,00","14,54","8,21","2,46","3,15","2.517,20"
2017-09-18,"158,45","14,54","8,21","2,46","3,15","2.517,20"
2017-09-19,"156,00","14,54","8,21","2,46","3,15","2.517,20"
2017-09-20,"155,25","14,54","8,21","2,46","3,15","2.517,20"
2017-09-21,"154,70","14,54","8,21","2,46","3,15","2.517,20"
2017-09-22,"155,30","14,54","8,21","2,46","3,15","2.517,20"
2017-09-25,"154,55","14,54","8,21","2,46","3,15","2.517,20"
2017-09-26,"151,00","14,54","8,21","2,46","3,15","2.517,20"
2017-09-27,"153,85","14,54","8,21","2,46","3,15","2.517,20"
2017-09-28,"153,05","14,54","8,21","2,46","3,15","2.517,20"
2017-09-29,"152,75","14,54","8,21","2,46","3,15","2.517,20"
2017-10-02,"151,70","14,54","8,21","2,46","3,15","2.517,20"
2017-10-03,"151,30","14,54","8,21","2,46","3,15","2.517,20"
2017-10-04,"147,75","14,54","8,21","2,46","3,15","2.517,20"
2017-10-05,"151,45","14,54","8,21","2,46","3,15","2.517,20"
2017-10-06,"151,50","14,54","8,21","2,46","3,15","2.517,20"
2017-10-09,"150,95","14,54","8,21","2,46","3,15","2.517,20"
2017-10-10,"151,00","14,54","8,21","2,46","3,15","2.517,20"
2017-10-11,"151,15","14,54","8,21","2,46","3,15","2.517,20"
2017-10-12,"151,80","14,54","8,21","2,46","3,15","2.517,20"
2017-10-13,"152,10","14,54","8,21","2,46","3,15","2.517,20"
2017-10-16,"151,15","14,54","8,21","2,46","3,15","2.517,20"
2017-10-17,"152,10","14,54","8,21","2,46","3,15","2.517,20"
2017-10-18,"153,70","14,54","8,21","2,46","3,15","2.517,20"
2017-10-19,"153,15","14,54","8,21","2,46","3,15","2.517,20"
2017-10-20,"153,65","14,54","8,21","2,46","3,15","2.517,20"
2017-10-23,"151,60","14,54","8,21","2,46","3,15","2.517,20"
2017-10-24,"153,00","14,54","8,21","2,46","3,15","2.517,20"
2017-10-25,"150,05","14,54","8,21","2,46","3,15","2.517,20"
2017-10-26,"154,00","14,54","8,21","2,46","3,15","2.517,20"
2017-10-27,"151,55","14,54","8,21","2,46","3,15","2.517,20"
2017-10-30,"153,95","14,54","8,21","2,46","3,15","2.517,20"
2017-10-31,"157,50","14,54","8,21","2,46","3,15","2.517,20"
2017-11-01,"158,65","14,54","8,21","2,46","3,15","2.517,20"
2017-11-02,"159,00","14,54","8,21","2,46","3,15","2.517,20"
2017-11-03,"159,90","14,54","8,21","2,46","3,15","2.517,20"
2017-11-06,"160,65","14,54","8,21","2,46","3,15","2.517,20"
2017-11-07,"159,60","14,54","8,21","2,46","3,15","2.517,20"
2017-11-08,"162,50","14,54","8,21","2,46","3,15","2.517,20"
2017-11-09,"162,85","14,54","8,21","2,46","3,15","2.517,20"
2017-11-10,"160,00","14,54","8,21","2,46","3,15","2.517,20"
2017-11-13,"159,80","14,54","8,21","2,46","3,15","2.517,20"
2017-11-14,"159,40","14,54","8,21","2,46","3,15","2.517,20"
2017-11-15,"158,55","14,54","8,21","2,46","3,15","2.517,20"
2017-11-16,"160,85","14,54","8,21","2,46","3,15","2.517,20"
2017-11-17,"160,30","14,54","8,21","2,46","3,15","2.517,20"
2017-11-20,"159,90","14,54","8,21","2,46","3,15","2.517,20"
2017-11-21,"160,50","14,54","8,21","2,46","3,15","2.517,20"
2017-11-22,"161,05","14,54","8,21","2,46","3,15","2.517,20"
2017-11-23,"161,50","14,54","8,21","2,46","3,15","2.517,20"
2017-11-24,"161,45","14,54","8,21","2,46","3,15","2.517,20"
2017-11-27,"161,90","14,54","8,21","2,46","3,15","2.517,20"
2017-11-28,"164,00","14,54","8,21","2,46","3,15","2.517,20"
2017-11-29,"169,40","14,54","8,21","2,46","3,15","2.517,20"
2017-11-30,"167,15","14,54","8,21","2,46","3,15","2.517,20"
2017-12-01,"166,50","14,54","8,21","2,46","3,15","2.517,20"
2017-12-04,"169,40","14,54","8,21","2,46","3,15","2.517,20"
2017-12-05,"168,55","14,54","8,21","2,46","3,15","2.517,20"
2017-12-06,"170,00","14,54","8,21","2,46","3,15","2.517,20"
2017-12-07,"169,30","14,54","8,21","2,46","3,15","2.517,20"
2017-12-08,"168,70","14,54","8,21","2,46","3,15","2.517,20"
2017-12-11,"168,00","14,54","8,21","2,46","3,15","2.517,20"
2017-12-12,"170,00","14,54","8,21","2,46","3,15","2.517,20"
2017-12-13,"169,60","14,54","8,21","2,46","3,15","2.517,20"
2017-12-14,"169,25","14,54","8,21","2,46","3,15","2.517,20"
2017-12-15,"169,85","14,54","8,21","2,46","3,15","2.517,20"
2017-12-18,"170,70","14,54","8,21","2,46","3,15","2.517,20"
2017-12-19,"171,60","14,54","8,21","2,46","3,15","2.517,20"
2017-12-20,"171,90","14,54","8,21","2,46","3,15","2.517,20"
2017-12-21,"172,75","14,54","8,21","2,46","3,15","2.517,20"
2017-12-22,"169,45","14,54","8,21","2,46","3,15","2.517,20"
2017-12-27,"170,05","14,54","8,21","2,46","3,15","2.517,20"
2017-12-28,"170,60","14,54","8,21","2,46","3,15","2.517,20"
2017-12-29,"169,00","14,54","8,21","2,46","3,15","2.517,20"
2018-01-02,"170,50","13,49","8,85","4,99","2,97","2.656,59"
2018-01-03,"172,40","13,49","8,85","4,99","2,97","2.656,59"
2018-01-04,"175,40","13,49","8,85","4,99","2,97","2.656,59"
2018-01-05,"177,35","13,49","8,85","4,99","2,97","2.656,59"
2018-01-08,"178,25","13,49","8,85","4,99","2,97","2.656,59"
2018-01-09,"179,15","13,49","8,85","4,99","2,97","2.656,59"
2018-01-10,"175,50","13,49","8,85","4,99","2,97","2.656,59"
2018-01-11,"175,50","13,49","8,85","4,99","2,97","2.656,59"
2018-01-12,"174,70","13,49","8,85","4,99","2,97","2.656,59"
2018-01-15,"173,70","13,49","8,85","4,99","2,97","2.656,59"
2018-01-16,"177,90","13,49","8,85","4,99","2,97","2.656,59"
2018-01-17,"177,30","13,49","8,85","4,99","2,97","2.656,59"
2018-01-18,"175,55","13,49","8,85","4,99","2,97","2.656,59"
2018-01-19,"177,10","13,49","8,85","4,99","2,97","2.656,59"
2018-01-22,"179,10","13,49","8,85","4,99","2,97","2.656,59"
2018-01-23,"178,10","13,49","8,85","4,99","2,97","2.656,59"
2018-01-24,"177,60","13,49","8,85","4,99","2,97","2.656,59"
2018-01-25,"178,60","13,49","8,85","4,99","2,97","2.656,59"
2018-01-26,"176,35","13,49","8,85","4,99","2,97","2.656,59"
2018-01-29,"174,15","13,49","8,85","4,99","2,97","2.656,59"
2018-01-30,"174,25","13,49","8,85","4,99","2,97","2.656,59"
2018-01-31,"175,45","13,49","8,85","4,99","2,97","2.656,59"
2018-02-01,"175,00","13,49","8,85","4,99","2,97","2.656,59"
2018-02-02,"172,50","13,49","8,85","4,99","2,97","2.656,59"
2018-02-05,"169,00","13,49","8,85","4,99","2,97","2.656,59"
2018-02-06,"164,30","13,49","8,85","4,99","2,97","2.656,59"
2018-02-07,"167,35","13,49","8,85","4,99","2,97","2.656,59"
2018-02-08,"162,15","13,49","8,85","4,99","2,97","2.656,59"
2018-02-09,"160,50","13,49","8,85","4,99","2,97","2.656,59"
2018-02-12,"163,30","13,49","8,85","4,99","2,97","2.656,59"
2018-02-13,"162,55","13,49","8,85","4,99","2,97","2.656,59"
2018-02-14,"165,65","13,49","8,85","4,99","2,97","2.656,59"
2018-02-15,"165,65","13,49","8,85","4,99","2,97","2.656,59"
2018-02-16,"167,50","13,49","8,85","4,99","2,97","2.656,59"
2018-02-19,"165,95","13,49","8,85","4,99","2,97","2.656,59"
2018-02-20,"166,90","13,49","8,85","4,99","2,97","2.656,59"
2018-02-21,"165,50","13,49","8,85","4,99","2,97","2.656,59"
2018-02-22,"166,50","13,49","8,85","4,99","2,97","2.656,59"
2018-02-23,"167,25","13,49","8,85","4,99","2,97","2.656,59"
2018-02-26,"169,95","13,49","8,85","4,99","2,97","2.656,59"
2018-02-27,"168,95","13,49","8,85","4,99","2,97","2.656,59"
2018-02-28,"167,65","13,49","8,85","4,99","2,97","2.656,59"
2018-03-01,"171,15","13,49","8,85","4,99","2,97","2.656,59"
2018-03-02,"167,05","13,49","8,85","4,99","2,97","2.656,59"
2018-03-05,"167,00","13,49","8,85","4,99","2,97","2.656,59"
2018-03-06,"165,55","13,49","8,85","4,99","2,97","2.656,59"
2018-03-07,"169,50","13,49","8,85","4,99","2,97","2.656,59"
2018-03-08,"170,75","13,49","8,85","4,99","2,97","2.656,59"
2018-03-09,"170,55","13,49","8,85","4,99","2,97","2.656,59"
2018-03-12,"170,45","13,49","8,85","4,99","2,97","2.656,59"
2018-03-13,"171,35","13,49","8,85","4,99","2,97","2.656,59"
2018-03-14,"170,85","13,49","8,85","4,99","2,97","2.656,59"
2018-03-15,"170,45","13,49","8,85","4,99","2,97","2.656,59"
2018-03-16,"171,00","13,49","8,85","4,99","2,97","2.656,59"
2018-03-19,"169,95","13,49","8,85","4,99","2,97","2.656,59"
2018-03-20,"169,75","13,49","8,85","4,99","2,97","2.656,59"
2018-03-21,"167,45","13,49","8,85","4,99","2,97","2.656,59"
2018-03-22,"164,75","13,49","8,85","4,99","2,97","2.656,59"
2018-03-23,"162,35","13,49","8,85","4,99","2,97","2.656,59"
2018-03-26,"161,55","13,49","8,85","4,99","2,97","2.656,59"
2018-03-27,"163,00","13,49","8,85","4,99","2,97","2.656,59"
2018-03-28,"163,95","13,49","8,85","4,99","2,97","2.656,59"
2018-03-29,"163,65","13,49","8,85","4,99","2,97","2.656,59"
2018-04-03,"164,90","13,49","8,85","4,99","2,97","2.656,59"
2018-04-04,"164,75","13,49","8,85","4,99","2,97","2.656,59"
2018-04-05,"167,45","13,49","8,85","4,99","2,97","2.656,59"
2018-04-06,"167,60","13,49","8,85","4,99","2,97","2.656,59"
2018-04-09,"170,95","13,49","8,85","4,99","2,97","2.656,59"
2018-04-10,"170,10","13,49","8,85","4,99","2,97","2.656,59"
2018-04-11,"171,65","13,49","8,85","4,99","2,97","2.656,59"
2018-04-12,"169,70","13,49","8,85","4,99","2,97","2.656,59"
2018-04-13,"171,90","13,49","8,85","4,99","2,97","2.656,59"
2018-04-16,"173,85","13,49","8,85","4,99","2,97","2.656,59"
2018-04-17,"166,70","13,49","8,85","4,99","2,97","2.656,59"
2018-04-18,"168,20","13,49","8,85","4,99","2,97","2.656,59"
2018-04-19,"166,90","13,49","8,85","4,99","2,97","2.656,59"
2018-04-20,"168,30","13,49","8,85","4,99","2,97","2.656,59"
2018-04-23,"169,00","13,49","8,85","4,99","2,97","2.656,59"
2018-04-24,"170,55","13,49","8,85","4,99","2,97","2.656,59"
2018-04-25,"168,80","13,49","8,85","4,99","2,97","2.656,59"
2018-04-26,"171,65","13,49","8,85","4,99","2,97","2.656,59"
2018-04-27,"171,55","13,49","8,85","4,99","2,97","2.656,59"
2018-04-30,"171,10","13,49","8,85","4,99","2,97","2.656,59"
2018-05-02,"173,90","13,49","8,85","4,99","2,97","2.656,59"
2018-05-03,"174,00","13,49","8,85","4,99","2,97","2.656,59"
2018-05-04,"174,40","13,49","8,85","4,99","2,97","2.656,59"
2018-05-07,"176,75","13,49","8,85","4,99","2,97","2.656,59"
2018-05-08,"177,35","13,49","8,85","4,99","2,97","2.656,59"
2018-05-09,"177,95","13,49","8,85","4,99","2,97","2.656,59"
2018-05-10,"178,10","13,49","8,85","4,99","2,97","2.656,59"
2018-05-11,"177,50","13,49","8,85","4,99","2,97","2.656,59"
2018-05-14,"179,05","13,49","8,85","4,99","2,97","2.656,59"
2018-05-15,"179,50","13,49","8,85","4,99","2,97","2.656,59"
2018-05-16,"172,80","13,49","8,85","4,99","2,97","2.656,59"
2018-05-17,"173,25","13,49","8,85","4,99","2,97","2.656,59"
2018-05-18,"171,55","13,49","8,85","4,99","2,97","2.656,59"
2018-05-21,"171,00","13,49","8,85","4,99","2,97","2.656,59"
2018-05-22,"170,90","13,49","8,85","4,99","2,97","2.656,59"
2018-05-23,"169,45","13,49","8,85","4,99","2,97","2.656,59"
2018-05-24,"169,05","13,49","8,85","4,99","2,97","2.656,59"
2018-05-25,"165,55","13,49","8,85","4,99","2,97","2.656,59"
2018-05-28,"165,95","13,49","8,85","4,99","2,97","2.656,59"
2018-05-29,"163,45","13,49","8,85","4,99","2,97","2.656,59"
2018-05-30,"164,90","13,49","8,85","4,99","2,97","2.656,59"
2018-05-31,"164,30","13,49","8,85","4,99","2,97","2.656,59"
2018-06-01,"162,50","13,49","8,85","4,99","2,97","2.656,59"
2018-06-04,"165,20","13,49","8,85","4,99","2,97","2.656,59"
2018-06-05,"165,15","13,49","8,85","4,99","2,97","2.656,59"
2018-06-06,"166,15","13,49","8,85","4,99","2,97","2.656,59"
2018-06-07,"165,05","13,49","8,85","4,99","2,97","2.656,59"
2018-06-08,"159,00","13,49","8,85","4,99","2,97","2.656,59"
2018-06-11,"158,35","13,49","8,85","4,99","2,97","2.656,59"
2018-06-12,"158,80","13,49","8,85","4,99","2,97","2.656,59"
2018-06-13,"159,55","13,49","8,85","4,99","2,97","2.656,59"
2018-06-14,"160,05","13,49","8,85","4,99","2,97","2.656,59"
2018-06-15,"157,95","13,49","8,85","4,99","2,97","2.656,59"
2018-06-18,"157,30","13,49","8,85","4,99","2,97","2.656,59"
2018-06-19,"155,45","13,49","8,85","4,99","2,97","2.656,59"
2018-06-20,"157,25","13,49","8,85","4,99","2,97","2.656,59"
2018-06-21,"156,65","13,49","8,85","4,99","2,97","2.656,59"
2018-06-22,"156,75","13,49","8,85","4,99","2,97","2.656,59"
2018-06-25,"155,00","13,49","8,85","4,99","2,97","2.656,59"
2018-06-26,"156,65","13,49","8,85","4,99","2,97","2.656,59"
2018-06-27,"156,35","13,49","8,85","4,99","2,97","2.656,59"
2018-06-28,"154,95","13,49","8,85","4,99","2,97","2.656,59"
2018-06-29,"155,50","13,49","8,85","4,99","2,97","2.656,59"
2018-07-02,"152,45","13,49","8,85","4,99","2,97","2.656,59"
2018-07-03,"153,40","13,49","8,85","4,99","2,97","2.656,59"
2018-07-04,"153,20","13,49","8,85","4,99","2,97","2.656,59"
2018-07-05,"154,10","13,49","8,85","4,99","2,97","2.656,59"
2018-07-06,"156,45","13,49","8,85","4,99","2,97","2.656,59"
2018-07-09,"156,95","13,49","8,85","4,99","2,97","2.656,59"
2018-07-10,"158,75","13,49","8,85","4,99","2,97","2.656,59"
2018-07-11,"156,50","13,49","8,85","4,99","2,97","2.656,59"
2018-07-12,"158,00","13,49","8,85","4,99","2,97","2.656,59"
2018-07-13,"157,90","13,49","8,85","4,99","2,97","2.656,59"
2018-07-16,"155,35","13,49","8,85","4,99","2,97","2.656,59"
2018-07-17,"157,00","13,49","8,85","4,99","2,97","2.656,59"
2018-07-18,"157,20","13,49","8,85","4,99","2,97","2.656,59"
2018-07-19,"156,65","13,49","8,85","4,99","2,97","2.656,59"
2018-07-20,"158,85","13,49","8,85","4,99","2,97","2.656,59"
2018-07-23,"157,25","13,49","8,85","4,99","2,97","2.656,59"
2018-07-24,"158,55","13,49","8,85","4,99","2,97","2.656,59"
2018-07-25,"153,80","13,49","8,85","4,99","2,97","2.656,59"
2018-07-26,"153,50","13,49","8,85","4,99","2,97","2.656,59"
2018-07-27,"156,50","13,49","8,85","4,99","2,97","2.656,59"
2018-07-30,"155,05","13,49","8,85","4,99","2,97","2.656,59"
2018-07-31,"155,40","13,49","8,85","4,99","2,97","2.656,59"
2018-08-01,"154,10","13,49","8,85","4,99","2,97","2.656,59"
2018-08-02,"153,80","13,49","8,85","4,99","2,97","2.656,59"
2018-08-03,"156,00","13,49","8,85","4,99","2,97","2.656,59"
2018-08-06,"156,25","13,49","8,85","4,99","2,97","2.656,59"
2018-08-07,"156,70","13,49","8,85","4,99","2,97","2.656,59"
2018-08-08,"157,20","13,49","8,85","4,99","2,97","2.656,59"
2018-08-09,"157,20","13,49","8,85","4,99","2,97","2.656,59"
2018-08-10,"156,25","13,49","8,85","4,99","2,97","2.656,59"
2018-08-13,"156,00","13,49","8,85","4,99","2,97","2.656,59"
2018-08-14,"155,40","13,49","8,85","4,99","2,97","2.656,59"
2018-08-15,"154,15","13,49","8,85","4,99","2,97","2.656,59"
2018-08-16,"153,50","13,49","8,85","4,99","2,97","2.656,59"
2018-08-17,"152,60","13,49","8,85","4,99","2,97","2.656,59"
2018-08-20,"153,90","13,49","8,85","4,99","2,97","2.656,59"
2018-08-21,"154,80","13,49","8,85","4,99","2,97","2.656,59"
2018-08-22,"155,00","13,49","8,85","4,99","2,97","2.656,59"
2018-08-23,"152,75","13,49","8,85","4,99","2,97","2.656,59"
2018-08-24,"152,20","13,49","8,85","4,99","2,97","2.656,59"
2018-08-27,"153,70","13,49","8,85","4,99","2,97","2.656,59"
2018-08-28,"152,55","13,49","8,85","4,99","2,97","2.656,59"
2018-08-29,"153,35","13,49","8,85","4,99","2,97","2.656,59"
2018-08-30,"153,35","13,49","8,85","4,99","2,97","2.656,59"
2018-08-31,"152,50","13,49","8,85","4,99","2,97","2.656,59"
2018-09-03,"151,55","13,49","8,85","4,99","2,97","2.656,59"
2018-09-04,"150,60","13,49","8,85","4,99","2,97","2.656,59"
2018-09-05,"150,65","13,49","8,85","4,99","2,97","2.656,59"
2018-09-06,"147,60","13,49","8,85","4,99","2,97","2.656,59"
2018-09-07,"142,05","13,49","8,85","4,99","2,97","2.656,59"
2018-09-10,"146,20","13,49","8,85","4,99","2,97","2.656,59"
2018-09-11,"145,00","13,49","8,85","4,99","2,97","2.656,59"
2018-09-12,"146,40","13,49","8,85","4,99","2,97","2.656,59"
2018-09-13,"147,00","13,49","8,85","4,99","2,97","2.656,59"
2018-09-14,"147,40","13,49","8,85","4,99","2,97","2.656,59"
2018-09-17,"148,50","13,49","8,85","4,99","2,97","2.656,59"
2018-09-18,"148,00","13,49","8,85","4,99","2,97","2.656,59"
2018-09-19,"145,05","13,49","8,85","4,99","2,97","2.656,59"
2018-09-20,"145,70","13,49","8,85","4,99","2,97","2.656,59"
2018-09-21,"150,45","13,49","8,85","4,99","2,97","2.656,59"
2018-09-24,"149,50","13,49","8,85","4,99","2,97","2.656,59"
2018-09-25,"148,40","13,49","8,85","4,99","2,97","2.656,59"
2018-09-26,"148,35","13,49","8,85","4,99","2,97","2.656,59"
2018-09-27,"148,00","13,49","8,85","4,99","2,97","2.656,59"
2018-09-28,"149,50","13,49","8,85","4,99","2,97","2.656,59"
2018-10-01,"147,20","13,49","8,85","4,99","2,97","2.656,59"
2018-10-02,"146,20","13,49","8,85","4,99","2,97","2.656,59"
2018-10-03,"144,95","13,49","8,85","4,99","2,97","2.656,59"
2018-10-04,"142,20","13,49","8,85","4,99","2,97","2.656,59"
2018-10-05,"144,50","13,49","8,85","4,99","2,97","2.656,59"
2018-10-08,"145,05","13,49","8,85","4,99","2,97","2.656,59"
2018-10-09,"146,70","13,49","8,85","4,99","2,97","2.656,59"
2018-10-10,"139,75","13,49","8,85","4,99","2,97","2.656,59"
2018-10-11,"138,00","13,49","8,85","4,99","2,97","2.656,59"
2018-10-12,"138,20","13,49","8,85","4,99","2,97","2.656,59"
2018-10-15,"138,90","13,49","8,85","4,99","2,97","2.656,59"
2018-10-16,"140,65","13,49","8,85","4,99","2,97","2.656,59"
2018-10-17,"139,75","13,49","8,85","4,99","2,97","2.656,59"
2018-10-18,"140,55","13,49","8,85","4,99","2,97","2.656,59"
2018-10-19,"141,60","13,49","8,85","4,99","2,97","2.656,59"
2018-10-22,"140,50","13,49","8,85","4,99","2,97","2.656,59"
2018-10-23,"138,55","13,49","8,85","4,99","2,97","2.656,59"
2018-10-24,"138,05","13,49","8,85","4,99","2,97","2.656,59"
2018-10-25,"140,55","13,49","8,85","4,99","2,97","2.656,59"
2018-10-26,"139,75","13,49","8,85","4,99","2,97","2.656,59"
2018-10-29,"138,95","13,49","8,85","4,99","2,97","2.656,59"
2018-10-30,"140,00","13,49","8,85","4,99","2,97","2.656,59"
2018-10-31,"141,15","13,49","8,85","4,99","2,97","2.656,59"
2018-11-01,"139,50","13,49","8,85","4,99","2,97","2.656,59"
2018-11-02,"137,85","13,49","8,85","4,99","2,97","2.656,59"
2018-11-05,"138,25","13,49","8,85","4,99","2,97","2.656,59"
2018-11-06,"138,35","13,49","8,85","4,99","2,97","2.656,59"
2018-11-07,"139,20","13,49","8,85","4,99","2,97","2.656,59"
2018-11-08,"139,00","13,49","8,85","4,99","2,97","2.656,59"
2018-11-09,"139,40","13,49","8,85","4,99","2,97","2.656,59"
2018-11-12,"137,00","13,49","8,85","4,99","2,97","2.656,59"
2018-11-13,"137,10","13,49","8,85","4,99","2,97","2.656,59"
2018-11-14,"135,50","13,49","8,85","4,99","2,97","2.656,59"
2018-11-15,"134,50","13,49","8,85","4,99","2,97","2.656,59"
2018-11-16,"133,95","13,49","8,85","4,99","2,97","2.656,59"
2018-11-19,"133,00","13,49","8,85","4,99","2,97","2.656,59"
2018-11-20,"132,95","13,49","8,85","4,99","2,97","2.656,59"
2018-11-21,"135,95","13,49","8,85","4,99","2,97","2.656,59"
2018-11-22,"136,00","13,49","8,85","4,99","2,97","2.656,59"
2018-11-23,"136,45","13,49","8,85","4,99","2,97","2.656,59"
2018-11-26,"139,55","13,49","8,85","4,99","2,97","2.656,59"
2018-11-27,"141,45","13,49","8,85","4,99","2,97","2.656,59"
2018-11-28,"142,15","13,49","8,85","4,99","2,97","2.656,59"
2018-11-29,"142,05","13,49","8,85","4,99","2,97","2.656,59"
2018-11-30,"140,20","13,49","8,85","4,99","2,97","2.656,59"
2018-12-03,"140,30","13,49","8,85","4,99","2,97","2.656,59"
2018-12-04,"140,80","13,49","8,85","4,99","2,97","2.656,59"
2018-12-05,"140,15","13,49","8,85","4,99","2,97","2.656,59"
2018-12-06,"140,50","13,49","8,85","4,99","2,97","2.656,59"
2018-12-07,"140,00","13,49","8,85","4,99","2,97","2.656,59"
2018-12-10,"139,60","13,49","8,85","4,99","2,97","2.656,59"
2018-12-11,"142,70","13,49","8,85","4,99","2,97","2.656,59"
2018-12-12,"143,10","13,49","8,85","4,99","2,97","2.656,59"
2018-12-13,"141,35","13,49","8,85","4,99","2,97","2.656,59"
2018-12-14,"140,55","13,49","8,85","4,99","2,97","2.656,59"
2018-12-17,"138,45","13,49","8,85","4,99","2,97","2.656,59"
2018-12-18,"136,80","13,49","8,85","4,99","2,97","2.656,59"
2018-12-19,"136,40","13,49","8,85","4,99","2,97","2.656,59"
2018-12-20,"135,00","13,49","8,85","4,99","2,97","2.656,59"
2018-12-21,"135,95","13,49","8,85","4,99","2,97","2.656,59"
2018-12-24,"135,10","13,49","8,85","4,99","2,97","2.656,59"
2018-12-27,"133,65","13,49","8,85","4,99","2,97","2.656,59"
2018-12-28,"136,00","13,49","8,85","4,99","2,97","2.656,59"
2018-12-31,"135,75","13,49","8,85","4,99","2,97","2.656,59"
2019-01-02,"137,00","12,42","9,61","4,00","2,80","2.772,00"
2019-01-03,"137,05","12,42","9,61","4,00","2,80","2.772,00"
2019-01-04,"140,50","12,42","9,61","4,00","2,80","2.772,00"
2019-01-07,"139,15","12,42","9,61","4,00","2,80","2.772,00"
2019-01-08,"140,00","12,42","9,61","4,00","2,80","2.772,00"
2019-01-09,"138,50","12,42","9,61","4,00","2,80","2.772,00"
2019-01-10,"139,25","12,42","9,61","4,00","2,80","2.772,00"
2019-01-11,"139,45","12,42","9,61","4,00","2,80","2.772,00"
2019-01-14,"138,50","12,42","9,61","4,00","2,80","2.772,00"
2019-01-15,"138,95","12,42","9,61","4,00","2,80","2.772,00"
2019-01-16,"142,50","12,42","9,61","4,00","2,80","2.772,00"
2019-01-17,"141,35","12,42","9,61","4,00","2,80","2.772,00"
2019-01-18,"142,90","12,42","9,61","4,00","2,80","2.772,00"
2019-01-21,"144,75","12,42","9,61","4,00","2,80","2.772,00"
2019-01-22,"147,05","12,42","9,61","4,00","2,80","2.772,00"
2019-01-23,"148,75","12,42","9,61","4,00","2,80","2.772,00"
2019-01-24,"150,60","12,42","9,61","4,00","2,80","2.772,00"
2019-01-25,"150,30","12,42","9,61","4,00","2,80","2.772,00"
2019-01-28,"147,40","12,42","9,61","4,00","2,80","2.772,00"
2019-01-29,"147,75","12,42","9,61","4,00","2,80","2.772,00"
2019-01-30,"148,75","12,42","9,61","4,00","2,80","2.772,00"
2019-01-31,"150,80","12,42","9,61","4,00","2,80","2.772,00"
2019-02-01,"151,05","12,42","9,61","4,00","2,80","2.772,00"
2019-02-04,"150,20","12,42","9,61","4,00","2,80","2.772,00"
2019-02-05,"151,80","12,42","9,61","4,00","2,80","2.772,00"
2019-02-06,"150,25","12,42","9,61","4,00","2,80","2.772,00"
2019-02-07,"149,25","12,42","9,61","4,00","2,80","2.772,00"
2019-02-08,"147,70","12,42","9,61","4,00","2,80","2.772,00"
2019-02-11,"147,80","12,42","9,61","4,00","2,80","2.772,00"
2019-02-12,"149,60","12,42","9,61","4,00","2,80","2.772,00"
2019-02-13,"149,35","12,42","9,61","4,00","2,80","2.772,00"
2019-02-14,"150,35","12,42","9,61","4,00","2,80","2.772,00"
2019-02-15,"153,55","12,42","9,61","4,00","2,80","2.772,00"
2019-02-18,"153,85","12,42","9,61","4,00","2,80","2.772,00"
2019-02-19,"153,90","12,42","9,61","4,00","2,80","2.772,00"
2019-02-20,"154,00","12,42","9,61","4,00","2,80","2.772,00"
2019-02-21,"155,40","12,42","9,61","4,00","2,80","2.772,00"
2019-02-22,"155,80","12,42","9,61","4,00","2,80","2.772,00"
2019-02-25,"156,00","12,42","9,61","4,00","2,80","2.772,00"
2019-02-26,"157,80","12,42","9,61","4,00","2,80","2.772,00"
2019-02-27,"155,50","12,42","9,61","4,00","2,80","2.772,00"
2019-02-28,"156,90","12,42","9,61","4,00","2,80","2.772,00"
2019-03-01,"155,95","12,42","9,61","4,00","2,80","2.772,00"
2019-03-04,"157,35","12,42","9,61","4,00","2,80","2.772,00"
2019-03-05,"159,30","12,42","9,61","4,00","2,80","2.772,00"
2019-03-06,"158,80","12,42","9,61","4,00","2,80","2.772,00"
2019-03-07,"158,50","12,42","9,61","4,00","2,80","2.772,00"
2019-03-08,"158,50","12,42","9,61","4,00","2,80","2.772,00"
2019-03-11,"157,80","12,42","9,61","4,00","2,80","2.772,00"
2019-03-12,"158,95","12,42","9,61","4,00","2,80","2.772,00"
2019-03-13,"158,50","12,42","9,61","4,00","2,80","2.772,00"
2019-03-14,"159,50","12,42","9,61","4,00","2,80","2.772,00"
2019-03-15,"161,90","12,42","9,61","4,00","2,80","2.772,00"
2019-03-18,"163,55","12,42","9,61","4,00","2,80","2.772,00"
2019-03-19,"166,15","12,42","9,61","4,00","2,80","2.772,00"
2019-03-20,"162,05","12,42","9,61","4,00","2,80","2.772,00"
2019-03-21,"161,90","12,42","9,61","4,00","2,80","2.772,00"
2019-03-22,"159,45","12,42","9,61","4,00","2,80","2.772,00"
2019-03-25,"159,75","12,42","9,61","4,00","2,80","2.772,00"
2019-03-26,"160,10","12,42","9,61","4,00","2,80","2.772,00"
2019-03-27,"162,85","12,42","9,61","4,00","2,80","2.772,00"
2019-03-28,"163,20","12,42","9,61","4,00","2,80","2.772,00"
2019-03-29,"160,50","12,42","9,61","4,00","2,80","2.772,00"
2019-04-01,"160,70","12,42","9,61","4,00","2,80","2.772,00"
2019-04-02,"161,65","12,42","9,61","4,00","2,80","2.772,00"
2019-04-03,"163,75","12,42","9,61","4,00","2,80","2.772,00"
2019-04-04,"162,15","12,42","9,61","4,00","2,80","2.772,00"
2019-04-05,"162,40","12,42","9,61","4,00","2,80","2.772,00"
2019-04-08,"159,00","12,42","9,61","4,00","2,80","2.772,00"
2019-04-09,"159,00","12,42","9,61","4,00","2,80","2.772,00"
2019-04-10,"162,35","12,42","9,61","4,00","2,80","2.772,00"
2019-04-11,"163,50","12,42","9,61","4,00","2,80","2.772,00"
2019-04-12,"163,40","12,42","9,61","4,00","2,80","2.772,00"
2019-04-15,"165,00","12,42","9,61","4,00","2,80","2.772,00"
2019-04-16,"164,00","12,42","9,61","4,00","2,80","2.772,00"
2019-04-17,"158,40","12,42","9,61","4,00","2,80","2.772,00"
2019-04-18,"158,90","12,42","9,61","4,00","2,80","2.772,00"
2019-04-23,"159,00","12,42","9,61","4,00","2,80","2.772,00"
2019-04-24,"160,25","12,42","9,61","4,00","2,80","2.772,00"
2019-04-25,"160,80","12,42","9,61","4,00","2,80","2.772,00"
2019-04-26,"162,75","12,42","9,61","4,00","2,80","2.772,00"
2019-04-29,"162,80","12,42","9,61","4,00","2,80","2.772,00"
2019-04-30,"165,35","12,42","9,61","4,00","2,80","2.772,00"
2019-05-02,"165,75","12,42","9,61","4,00","2,80","2.772,00"
2019-05-03,"165,25","12,42","9,61","4,00","2,80","2.772,00"
2019-05-06,"164,90","12,42","9,61","4,00","2,80","2.772,00"
2019-05-07,"164,40","12,42","9,61","4,00","2,80","2.772,00"
2019-05-08,"164,55","12,42","9,61","4,00","2,80","2.772,00"
2019-05-09,"165,10","12,42","9,61","4,00","2,80","2.772,00"
2019-05-10,"163,85","12,42","9,61","4,00","2,80","2.772,00"
2019-05-13,"163,70","12,42","9,61","4,00","2,80","2.772,00"
2019-05-14,"165,55","12,42","9,61","4,00","2,80","2.772,00"
2019-05-15,"167,00","12,42","9,61","4,00","2,80","2.772,00"
2019-05-16,"168,10","12,42","9,61","4,00","2,80","2.772,00"
2019-05-17,"166,75","12,42","9,61","4,00","2,80","2.772,00"
2019-05-20,"165,00","12,42","9,61","4,00","2,80","2.772,00"
2019-05-21,"167,75","12,42","9,61","4,00","2,80","2.772,00"
2019-05-22,"168,00","12,42","9,61","4,00","2,80","2.772,00"
2019-05-23,"165,75","12,42","9,61","4,00","2,80","2.772,00"
2019-05-24,"167,10","12,42","9,61","4,00","2,80","2.772,00"
2019-05-27,"167,20","12,42","9,61","4,00","2,80","2.772,00"
2019-05-28,"167,60","12,42","9,61","4,00","2,80","2.772,00"
2019-05-29,"165,15","12,42","9,61","4,00","2,80","2.772,00"
2019-05-30,"167,30","12,42","9,61","4,00","2,80","2.772,00"
2019-05-31,"164,90","12,42","9,61","4,00","2,80","2.772,00"
2019-06-03,"166,95","12,42","9,61","4,00","2,80","2.772,00"
2019-06-04,"166,50","12,42","9,61","4,00","2,80","2.772,00"
2019-06-05,"169,75","12,42","9,61","4,00","2,80","2.772,00"
2019-06-06,"170,65","12,42","9,61","4,00","2,80","2.772,00"
2019-06-07,"172,50","12,42","9,61","4,00","2,80","2.772,00"
2019-06-10,"172,70","12,42","9,61","4,00","2,80","2.772,00"
2019-06-11,"173,50","12,42","9,61","4,00","2,80","2.772,00"
2019-06-12,"174,90","12,42","9,61","4,00","2,80","2.772,00"
2019-06-13,"174,50","12,42","9,61","4,00","2,80","2.772,00"
2019-06-14,"173,20","12,42","9,61","4,00","2,80","2.772,00"
2019-06-17,"172,95","12,42","9,61","4,00","2,80","2.772,00"
2019-06-18,"177,60","12,42","9,61","4,00","2,80","2.772,00"
2019-06-19,"178,05","12,42","9,61","4,00","2,80","2.772,00"
2019-06-20,"176,50","12,42","9,61","4,00","2,80","2.772,00"
2019-06-21,"175,10","12,42","9,61","4,00","2,80","2.772,00"
2019-06-24,"177,35","12,42","9,61","4,00","2,80","2.772,00"
2019-06-25,"177,30","12,42","9,61","4,00","2,80","2.772,00"
2019-06-26,"172,65","12,42","9,61","4,00","2,80","2.772,00"
2019-06-27,"172,05","12,42","9,61","4,00","2,80","2.772,00"
2019-06-28,"174,30","12,42","9,61","4,00","2,80","2.772,00"
2019-07-01,"174,60","12,42","9,61","4,00","2,80","2.772,00"
2019-07-02,"176,25","12,42","9,61","4,00","2,80","2.772,00"
2019-07-03,"177,15","12,42","9,61","4,00","2,80","2.772,00"
2019-07-04,"177,55","12,42","9,61","4,00","2,80","2.772,00"
2019-07-05,"173,35","12,42","9,61","4,00","2,80","2.772,00"
2019-07-08,"173,50","12,42","9,61","4,00","2,80","2.772,00"
2019-07-09,"173,80","12,42","9,61","4,00","2,80","2.772,00"
2019-07-10,"173,10","12,42","9,61","4,00","2,80","2.772,00"
2019-07-11,"171,95","12,42","9,61","4,00","2,80","2.772,00"
2019-07-12,"173,20","12,42","9,61","4,00","2,80","2.772,00"
2019-07-15,"175,00","12,42","9,61","4,00","2,80","2.772,00"
2019-07-16,"175,55","12,42","9,61","4,00","2,80","2.772,00"
2019-07-17,"175,60","12,42","9,61","4,00","2,80","2.772,00"
2019-07-18,"174,10","12,42","9,61","4,00","2,80","2.772,00"
2019-07-19,"173,50","12,42","9,61","4,00","2,80","2.772,00"
2019-07-22,"174,00","12,42","9,61","4,00","2,80","2.772,00"
2019-07-23,"174,35","12,42","9,61","4,00","2,80","2.772,00"
2019-07-24,"174,00","12,42","9,61","4,00","2,80","2.772,00"
2019-07-25,"171,45","12,42","9,61","4,00","2,80","2.772,00"
2019-07-26,"171,00","12,42","9,61","4,00","2,80","2.772,00"
2019-07-29,"171,40","12,42","9,61","4,00","2,80","2.772,00"
2019-07-30,"169,60","12,42","9,61","4,00","2,80","2.772,00"
2019-07-31,"164,10","12,42","9,61","4,00","2,80","2.772,00"
2019-08-01,"167,45","12,42","9,61","4,00","2,80","2.772,00"
2019-08-02,"164,95","12,42","9,61","4,00","2,80","2.772,00"
2019-08-05,"161,05","12,42","9,61","4,00","2,80","2.772,00"
2019-08-06,"161,00","12,42","9,61","4,00","2,80","2.772,00"
2019-08-07,"162,40","12,42","9,61","4,00","2,80","2.772,00"
2019-08-08,"163,85","12,42","9,61","4,00","2,80","2.772,00"
2019-08-09,"162,85","12,42","9,61","4,00","2,80","2.772,00"
2019-08-12,"164,30","12,42","9,61","4,00","2,80","2.772,00"
2019-08-13,"161,75","12,42","9,61","4,00","2,80","2.772,00"
2019-08-14,"160,70","12,42","9,61","4,00","2,80","2.772,00"
2019-08-15,"161,20","12,42","9,61","4,00","2,80","2.772,00"
2019-08-16,"162,85","12,42","9,61","4,00","2,80","2.772,00"
2019-08-19,"163,90","12,42","9,61","4,00","2,80","2.772,00"
2019-08-20,"162,40","12,42","9,61","4,00","2,80","2.772,00"
2019-08-21,"163,50","12,42","9,61","4,00","2,80","2.772,00"
2019-08-22,"162,65","12,42","9,61","4,00","2,80","2.772,00"
2019-08-23,"161,40","12,42","9,61","4,00","2,80","2.772,00"
2019-08-26,"162,50","12,42","9,61","4,00","2,80","2.772,00"
2019-08-27,"164,25","12,42","9,61","4,00","2,80","2.772,00"
2019-08-28,"163,40","12,42","9,61","4,00","2,80","2.772,00"
2019-08-29,"164,05","12,42","9,61","4,00","2,80","2.772,00"
2019-08-30,"164,00","12,42","9,61","4,00","2,80","2.772,00"
2019-09-02,"165,45","12,42","9,61","4,00","2,80","2.772,00"
2019-09-03,"165,30","12,42","9,61","4,00","2,80","2.772,00"
2019-09-04,"165,85","12,42","9,61","4,00","2,80","2.772,00"
2019-09-05,"167,10","12,42","9,61","4,00","2,80","2.772,00"
2019-09-06,"167,20","12,42","9,61","4,00","2,80","2.772,00"
2019-09-09,"164,55","12,42","9,61","4,00","2,80","2.772,00"
2019-09-10,"166,00","12,42","9,61","4,00","2,80","2.772,00"
2019-09-11,"166,00","12,42","9,61","4,00","2,80","2.772,00"
2019-09-12,"165,85","12,42","9,61","4,00","2,80","2.772,00"
2019-09-13,"164,40","12,42","9,61","4,00","2,80","2.772,00"
2019-09-16,"161,30","12,42","9,61","4,00","2,80","2.772,00"
2019-09-17,"162,15","12,42","9,61","4,00","2,80","2.772,00"
2019-09-18,"163,50","12,42","9,61","4,00","2,80","2.772,00"
2019-09-19,"163,45","12,42","9,61","4,00","2,80","2.772,00"
2019-09-20,"163,95","12,42","9,61","4,00","2,80","2.772,00"
2019-09-23,"161,85","12,42","9,61","4,00","2,80","2.772,00"
2019-09-24,"164,15","12,42","9,61","4,00","2,80","2.772,00"
2019-09-25,"165,05","12,42","9,61","4,00","2,80","2.772,00"
2019-09-26,"165,45","12,42","9,61","4,00","2,80","2.772,00"
2019-09-27,"167,10","12,42","9,61","4,00","2,80","2.772,00"
2019-09-30,"168,00","12,42","9,61","4,00","2,80","2.772,00"
2019-10-01,"169,35","12,42","9,61","4,00","2,80","2.772,00"
2019-10-02,"166,50","12,42","9,61","4,00","2,80","2.772,00"
2019-10-03,"165,85","12,42","9,61","4,00","2,80","2.772,00"
2019-10-04,"166,70","12,42","9,61","4,00","2,80","2.772,00"
2019-10-07,"165,55","12,42","9,61","4,00","2,80","2.772,00"
2019-10-08,"164,45","12,42","9,61","4,00","2,80","2.772,00"
2019-10-09,"166,40","12,42","9,61","4,00","2,80","2.772,00"
2019-10-10,"167,15","12,42","9,61","4,00","2,80","2.772,00"
2019-10-11,"168,75","12,42","9,61","4,00","2,80","2.772,00"
2019-10-14,"167,95","12,42","9,61","4,00","2,80","2.772,00"
2019-10-15,"168,65","12,42","9,61","4,00","2,80","2.772,00"
2019-10-16,"167,50","12,42","9,61","4,00","2,80","2.772,00"
2019-10-17,"171,00","12,42","9,61","4,00","2,80","2.772,00"
2019-10-18,"167,95","12,42","9,61","4,00","2,80","2.772,00"
2019-10-21,"167,70","12,42","9,61","4,00","2,80","2.772,00"
2019-10-22,"167,40","12,42","9,61","4,00","2,80","2.772,00"
2019-10-23,"164,65","12,42","9,61","4,00","2,80","2.772,00"
2019-10-24,"164,10","12,42","9,61","4,00","2,80","2.772,00"
2019-10-25,"165,00","12,42","9,61","4,00","2,80","2.772,00"
2019-10-28,"166,80","12,42","9,61","4,00","2,80","2.772,00"
2019-10-29,"168,00","12,42","9,61","4,00","2,80","2.772,00"
2019-10-30,"164,00","12,42","9,61","4,00","2,80","2.772,00"
2019-10-31,"164,50","12,42","9,61","4,00","2,80","2.772,00"
2019-11-01,"167,40","12,42","9,61","4,00","2,80","2.772,00"
2019-11-04,"167,65","12,42","9,61","4,00","2,80","2.772,00"
2019-11-05,"167,40","12,42","9,61","4,00","2,80","2.772,00"
2019-11-06,"166,40","12,42","9,61","4,00","2,80","2.772,00"
2019-11-07,"167,80","12,42","9,61","4,00","2,80","2.772,00"
2019-11-08,"167,50","12,42","9,61","4,00","2,80","2.772,00"
2019-11-11,"168,50","12,42","9,61","4,00","2,80","2.772,00"
2019-11-12,"165,90","12,42","9,61","4,00","2,80","2.772,00"
2019-11-13,"163,35","12,42","9,61","4,00","2,80","2.772,00"
2019-11-14,"162,95","12,42","9,61","4,00","2,80","2.772,00"
2019-11-15,"166,60","12,42","9,61","4,00","2,80","2.772,00"
2019-11-18,"167,15","12,42","9,61","4,00","2,80","2.772,00"
2019-11-19,"168,35","12,42","9,61","4,00","2,80","2.772,00"
2019-11-20,"167,50","12,42","9,61","4,00","2,80","2.772,00"
2019-11-21,"165,70","12,42","9,61","4,00","2,80","2.772,00"
2019-11-22,"166,30","12,42","9,61","4,00","2,80","2.772,00"
2019-11-25,"166,50","12,42","9,61","4,00","2,80","2.772,00"
2019-11-26,"168,95","12,42","9,61","4,00","2,80","2.772,00"
2019-11-27,"169,00","12,42","9,61","4,00","2,80","2.772,00"
2019-11-28,"167,60","12,42","9,61","4,00","2,80","2.772,00"
2019-11-29,"166,70","12,42","9,61","4,00","2,80","2.772,00"
2019-12-02,"163,35","12,42","9,61","4,00","2,80","2.772,00"
2019-12-03,"163,00","12,42","9,61","4,00","2,80","2.772,00"
2019-12-04,"164,55","12,42","9,61","4,00","2,80","2.772,00"
2019-12-05,"163,50","12,42","9,61","4,00","2,80","2.772,00"
2019-12-06,"165,60","12,42","9,61","4,00","2,80","2.772,00"
2019-12-09,"166,30","12,42","9,61","4,00","2,80","2.772,00"
2019-12-10,"166,35","12,42","9,61","4,00","2,80","2.772,00"
2019-12-11,"170,25","12,42","9,61","4,00","2,80","2.772,00"
2019-12-12,"171,40","12,42","9,61","4,00","2,80","2.772,00"
2019-12-13,"174,95","12,42","9,61","4,00","2,80","2.772,00"
2019-12-16,"174,50","12,42","9,61","4,00","2,80","2.772,00"
2019-12-17,"175,00","12,42","9,61","4,00","2,80","2.772,00"
2019-12-18,"174,40","12,42","9,61","4,00","2,80","2.772,00"
2019-12-19,"171,25","12,42","9,61","4,00","2,80","2.772,00"
2019-12-20,"172,10","12,42","9,61","4,00","2,80","2.772,00"
2019-12-23,"173,35","12,42","9,61","4,00","2,80","2.772,00"
2019-12-24,"173,85","12,42","9,61","4,00","2,80","2.772,00"
2019-12-27,"175,05","12,42","9,61","4,00","2,80","2.772,00"
2019-12-30,"173,05","12,42","9,61","4,00","2,80","2.772,00"
2019-12-31,"170,50","12,42","9,61","4,00","2,80","2.772,00"
2020-01-02,"171,30","351,18","0,34",,"2,89","930,00"
2020-01-03,"170,10","351,18","0,34",,"2,89","930,00"
2020-01-06,"169,00","351,18","0,34",,"2,89","930,00"
2020-01-07,"168,25","351,18","0,34",,"2,89","930,00"
2020-01-08,"168,60","351,18","0,34",,"2,89","930,00"
2020-01-09,"170,00","351,18","0,34",,"2,89","930,00"
2020-01-10,"171,60","351,18","0,34",,"2,89","930,00"
2020-01-13,"172,00","351,18","0,34",,"2,89","930,00"
2020-01-14,"174,10","351,18","0,34",,"2,89","930,00"
2020-01-15,"174,10","351,18","0,34",,"2,89","930,00"
2020-01-16,"174,50","351,18","0,34",,"2,89","930,00"
2020-01-17,"172,95","351,18","0,34",,"2,89","930,00"
2020-01-20,"173,05","351,18","0,34",,"2,89","930,00"
2020-01-21,"170,00","351,18","0,34",,"2,89","930,00"
2020-01-22,"169,75","351,18","0,34",,"2,89","930,00"
2020-01-23,"168,50","351,18","0,34",,"2,89","930,00"
2020-01-24,"168,50","351,18","0,34",,"2,89","930,00"
2020-01-27,"165,50","351,18","0,34",,"2,89","930,00"
2020-01-28,"167,15","351,18","0,34",,"2,89","930,00"
2020-01-29,"167,40","351,18","0,34",,"2,89","930,00"
2020-01-30,"167,40","351,18","0,34",,"2,89","930,00"
2020-01-31,"167,15","351,18","0,34",,"2,89","930,00"
2020-02-03,"168,50","351,18","0,34",,"2,89","930,00"
2020-02-04,"169,00","351,18","0,34",,"2,89","930,00"
2020-02-05,"171,10","351,18","0,34",,"2,89","930,00"
2020-02-06,"170,00","351,18","0,34",,"2,89","930,00"
2020-02-07,"169,15","351,18","0,34",,"2,89","930,00"
2020-02-10,"168,55","351,18","0,34",,"2,89","930,00"
2020-02-11,"169,00","351,18","0,34",,"2,89","930,00"
2020-02-12,"168,70","351,18","0,34",,"2,89","930,00"
2020-02-13,"166,50","351,18","0,34",,"2,89","930,00"
2020-02-14,"168,35","351,18","0,34",,"2,89","930,00"
2020-02-17,"167,85","351,18","0,34",,"2,89","930,00"
2020-02-18,"168,15","351,18","0,34",,"2,89","930,00"
2020-02-19,"169,45","351,18","0,34",,"2,89","930,00"
2020-02-20,"167,95","351,18","0,34",,"2,89","930,00"
2020-02-21,"167,60","351,18","0,34",,"2,89","930,00"
2020-02-24,"158,45","351,18","0,34",,"2,89","930,00"
2020-02-25,"155,10","351,18","0,34",,"2,89","930,00"
2020-02-26,"154,00","351,18","0,34",,"2,89","930,00"
2020-02-27,"150,75","351,18","0,34",,"2,89","930,00"
2020-02-28,"145,00","351,18","0,34",,"2,89","930,00"
2020-03-02,"142,25","351,18","0,34",,"2,89","930,00"
2020-03-03,"143,00","351,18","0,34",,"2,89","930,00"
2020-03-04,"145,15","351,18","0,34",,"2,89","930,00"
2020-03-05,"142,95","351,18","0,34",,"2,89","930,00"
2020-03-06,"135,85","351,18","0,34",,"2,89","930,00"
2020-03-09,"126,90","351,18","0,34",,"2,89","930,00"
2020-03-10,"122,15","351,18","0,34",,"2,89","930,00"
2020-03-11,"122,55","351,18","0,34",,"2,89","930,00"
2020-03-12,"103,75","351,18","0,34",,"2,89","930,00"
2020-03-13,"108,15","351,18","0,34",,"2,89","930,00"
2020-03-16,"91,90","351,18","0,34",,"2,89","930,00"
2020-03-17,"98,54","351,18","0,34",,"2,89","930,00"
2020-03-18,"106,25","351,18","0,34",,"2,89","930,00"
2020-03-19,"105,30","351,18","0,34",,"2,89","930,00"
2020-03-20,"126,00","351,18","0,34",,"2,89","930,00"
2020-03-23,"102,15","351,18","0,34",,"2,89","930,00"
2020-03-24,"106,70","351,18","0,34",,"2,89","930,00"
2020-03-25,"110,05","351,18","0,34",,"2,89","930,00"
2020-03-26,"113,60","351,18","0,34",,"2,89","930,00"
2020-03-27,"105,85","351,18","0,34",,"2,89","930,00"
2020-03-30,"100,30","351,18","0,34",,"2,89","930,00"
2020-03-31,"99,52","351,18","0,34",,"2,89","930,00"
2020-04-01,"98,00","351,18","0,34",,"2,89","930,00"
2020-04-02,"100,50","11,76",9,"6,90","2,42",2.725
2020-04-03,"102,50","11,76",9,"6,76","2,42",2.725
2020-04-06,"109,90","14,62","7,01","6,31","2,31","2.102,59"
2020-04-07,"114,90","14,62","7,01","6,03","2,31","2.102,59"
2020-04-08,"114,80","14,62","7,01","6,04","2,31","2.102,59"
2020-04-09,"121,50","19,45","6,25","5,70","2,78","2.087,96"
2020-04-14,"125,00","19,45","6,25","5,54","2,78","2.087,96"
2020-04-15,"120,20","19,45","6,25","5,77","2,78","2.087,96"
2020-04-16,"121,50","19,45","6,25","5,70","2,78","2.087,96"
2020-04-17,"122,40","19,45","6,25","5,66","2,78","2.087,96"
2020-04-20,"118,50","351,18","0,34",,"2,89","930,00"
2020-04-21,"112,10","28,94","4,23","6,18","2,8",1.714
2020-04-22,"113,90","28,94","4,23",,"2,8",1.714
2020-04-23,"115,80","28,94","4,23",,"2,8",1.714
2020-04-24,"113,60","28,94","4,23",,"2,8",1.714
2020-04-27,"114,80","31,91","3,56",,"2,59",1.615
2020-04-28,"115,90","31,91","3,56",,"2,59",1.615
2020-04-29,"114,40","31,91","3,56",,"2,59",1.615
2020-04-30,"115,50","31,91","3,56",,"2,59",1.615
2020-05-04,"109,50","32,44","3,56",,"2,64","1.600,59"
2020-05-05,"108,60","32,44","3,56",,"2,64","1.600,59"
2020-05-06,"108,30","32,44","3,56",,"2,64","1.600,59"
2020-05-07,"108,90","32,44","3,56",,"2,64","1.600,59"
2020-05-08,"107,90","351,18","0,34",,"2,89","930,00"
2020-05-11,"105,70","351,18","0,34",,"2,89","930,00"
2020-05-12,"104,60","32,6","3,31",,"2,46",1.508
2020-05-13,"102,00","32,6","3,31",,"2,46",1.508
2020-05-14,"102,80","32,6","3,31",,"2,46",1.508
2020-05-15,"104,20","32,6","3,31",,"2,46",1.508
2020-05-18,"112,20","32,6","3,31",,"2,46",1.508
2020-05-19,"112,00","32,6","3,31",,"2,46",1.508
2020-05-20,"112,10","32,6","3,31",,"2,46",1.508
2020-05-21,"114,40","32,6","3,31",,"2,46",1.508
2020-05-22,"116,10","32,6","3,31",,"2,46",1.508
2020-05-25,"121,80","351,18","0,34",,"2,89","930,00"
2020-05-26,"128,50","56,24","2,06",,"2,65","1.283,49"
2020-05-27,"133,50","56,24","2,06",,"2,65","1.283,49"
2020-05-28,"132,00","56,24","2,06",,"2,65","1.283,49"
2020-05-29,"128,20","56,24","2,06",,"2,65","1.283,49"
2020-06-02,"137,00","98,23","1,31",,"3,03",1.218
2020-06-03,"144,70","98,23","1,31",,"3,03",1.218
2020-06-04,"137,20","98,23","1,31",,"3,03",1.218
2020-06-05,"143,60","98,23","1,31",,"3,03",1.218
2020-06-08,"140,60","154,91","0,93",,"3,48","1.084,34"
2020-06-09,"135,30","154,91","0,93",,"3,48","1.084,34"
2020-06-10,"131,50","154,91","0,93",,"3,48","1.084,34"
2020-06-11,"123,80","154,91","0,93",,"3,48","1.084,34"
2020-06-12,"124,00","154,91","0,93",,"3,48","1.084,34"
2020-06-15,"125,60","351,18","0,34",,"2,89","930,00"
2020-06-16,"127,40","233,96","0,53",,3,"1.048,5"
2020-06-17,"128,60","233,96","0,53",,3,"1.048,5"
2020-06-18,"127,10","233,96","0,53",,3,"1.048,5"
2020-06-19,"124,80","233,96","0,53",,3,"1.048,5"
2020-06-22,"126,00","367,06","0,34",,"3,02",930
2020-06-23,"123,10","367,06","0,34",,"3,02",930
2020-06-24,"120,30","367,06","0,34",,"3,02",930
2020-06-25,"121,40","367,06","0,34",,"3,02",930
2020-06-26,"119,40","367,06","0,34",,"3,02",930
2020-06-29,"120,00","351,18","0,34",,"2,89",930
2020-06-30,"118,70","351,18","0,34",,"2,89",930
2020-07-01,"121,00","351,18","0,34",,"2,89",930
2020-07-02,"124,60","351,18","0,34",,"2,89",930
2020-07-03,"124,40","351,18","0,34",,"2,89","930,00"
2020-07-06,"126,60","351,18","0,34",,"2,89","930,00"
2020-07-07,"124,40","365,88","0,34",,"2,98",930
2020-07-08,"122,20","365,88","0,34",,"2,98",930
2020-07-09,"120,00","365,88","0,34",,"2,98",930
2020-07-10,"120,00","365,88","0,34",,"2,98",930
2020-07-13,"121,80","351,18","0,34",,"2,89","930,00"
2020-07-14,"118,90","352,94","0,34",,"2,87",930
2020-07-15,"124,10","352,94","0,34",,"2,87",930
2020-07-16,"122,50","351,18","0,34",,"2,89","930,00"
2020-07-17,"121,00","351,18","0,34",,"2,89","930,00"
2020-07-20,"120,30","590,24","0,21",,"2,85","954,54"
2020-07-21,"120,20","590,24","0,21",,"2,85","954,54"
2020-07-22,"118,90","590,24","0,21",,"2,85","954,54"
2020-07-23,"117,60","590,24","0,21",,"2,85","954,54"
2020-07-24,"116,00","351,18","0,34",,"2,89","930,00"
2020-07-27,"113,90","565,85","0,21",,"2,74","954,54"
2020-07-28,"116,70","565,85","0,21",,"2,74","954,54"
2020-07-29,"115,30","565,85","0,21",,"2,74","954,54"
2020-07-30,"113,90","351,18","0,34",,"2,89","930,00"
2020-07-31,"110,80","565,85","0,21",,"2,74","954,54"
2020-08-03,"112,90","11,48","- 0,32",,"2,68",797
2020-08-04,"115,70","11,48","- 0,32",,"2,68",797
2020-08-05,"118,10","351,18","0,34",,"2,89","930,00"
2020-08-06,"118,50","11,48","- 0,32",,"2,68",797
2020-08-07,"116,00","351,18","0,34",,"2,89","930,00"
2020-08-10,"117,90","12,07","- 0,3",,"2,83",784
2020-08-11,"123,60","12,07","- 0,3",,"2,83",784
2020-08-12,"122,80","12,07","- 0,3",,"2,83",784
2020-08-13,"121,20","351,18","0,34",,"2,89","930,00"
2020-08-14,"120,00","351,18","0,34",,"2,89","930,00"
2020-08-17,"115,30","351,18","0,34",,"2,89","930,00"
2020-08-18,"117,90","351,18","0,34",,"2,89","930,00"
2020-08-19,"118,00","12,49","- 0,31",,"2,99",797
2020-08-20,"116,90","351,18","0,34",,"2,89","930,00"
2020-08-21,"118,60","351,18","0,34",,"2,89","930,00"
2020-08-24,"122,00","12,34","- 0,31",,"2,94",797
2020-08-25,"122,50","12,34","- 0,31",,"2,94",797
2020-08-26,"124,20","12,34","- 0,31",,"2,94",797
2020-08-27,"123,50","12,34","- 0,31",,"2,94",797
