fecha,ITX_ultimo,ITX_per,ITX_bpa,ITX_rentabilidad_por_dividendo,ITX_precio_valor_contable,ITX_ebitda
2015-02-12,"26,320",,,,,
2015-02-13,"26,645",,,,,
2015-02-16,"26,400",,,,,
2015-02-17,"26,410",,,,,
2015-02-18,"26,890",,,,,
2015-02-19,"27,580",,,,,
2015-02-20,"27,300",,,,,
2015-02-23,"27,790",,,,,
2015-02-24,"28,145",,,,,
2015-02-25,"27,915",,,,,
2015-02-26,"28,040",,,,,
2015-02-27,"28,085",,,,,
2015-03-02,"28,395",,,,,
2015-03-03,"28,175",,,,,
2015-03-04,"27,770",,,,,
2015-03-05,"27,875",,,,,
2015-03-06,"28,060",,,,,
2015-03-09,"27,785",,,,,
2015-03-10,"27,360",,,,,
2015-03-11,"27,650",,,,,
2015-03-12,"27,625",,,,,
2015-03-13,"28,160",,,,,
2015-03-16,"28,810",,,,,
2015-03-17,"28,170",,,,,
2015-03-18,"29,150",,,,,
2015-03-19,"29,595",,,,,
2015-03-20,"30,210",,,,,
2015-03-23,"30,040",,,,,
2015-03-24,"30,245",,,,,
2015-03-25,"29,705",,,,,
2015-03-26,"29,615",,,,,
2015-03-27,"29,645",,,,,
2015-03-30,"29,820",,,,,
2015-03-31,"29,880",,,,,
2015-04-01,"29,705",,,,,
2015-04-02,"30,190",,,,,
2015-04-07,"30,535",,,,,
2015-04-08,"30,350",,,,,
2015-04-09,"30,685",,,,,
2015-04-10,"30,880",,,,,
2015-04-13,"30,975",,,,,
2015-04-14,"30,610",,,,,
2015-04-15,"30,910",,,,,
2015-04-16,"30,340",,,,,
2015-04-17,"29,425",,,,,
2015-04-20,"29,350",,,,,
2015-04-21,"29,490",,,,,
2015-04-22,"29,155",,,,,
2015-04-23,"29,075",,,,,
2015-04-24,"29,280",,,,,
2015-04-27,"29,925",,,,,
2015-04-28,"29,515",,,,,
2015-04-29,"28,710",,,,,
2015-04-30,"28,675",,,,,
2015-05-04,"28,605",,,,,
2015-05-05,"27,710",,,,,
2015-05-06,"27,855",,,,,
2015-05-07,"28,030",,,,,
2015-05-08,"29,045",,,,,
2015-05-11,"28,920",,,,,
2015-05-12,"28,795",,,,,
2015-05-13,"28,595",,,,,
2015-05-14,"28,945",,,,,
2015-05-15,"28,655",,,,,
2015-05-18,"29,000",,,,,
2015-05-19,"29,700",,,,,
2015-05-20,"30,220",,,,,
2015-05-21,"30,475",,,,,
2015-05-22,"30,475",,,,,
2015-05-25,"30,050",,,,,
2015-05-26,"30,070",,,,,
2015-05-27,"30,900",,,,,
2015-05-28,"30,735",,,,,
2015-05-29,"30,160",,,,,
2015-06-01,"30,805",,,,,
2015-06-02,"30,660",,,,,
2015-06-03,"30,575",,,,,
2015-06-04,"30,355",,,,,
2015-06-05,"30,005",,,,,
2015-06-08,"29,640",,,,,
2015-06-09,"29,995",,,,,
2015-06-10,"29,855",,,,,
2015-06-11,"30,230",,,,,
2015-06-12,"29,405",,,,,
2015-06-15,"29,060",,,,,
2015-06-16,"29,095",,,,,
2015-06-17,"28,935",,,,,
2015-06-18,"29,125",,,,,
2015-06-19,"29,465",,,,,
2015-06-22,"30,620",,,,,
2015-06-23,"30,955",,,,,
2015-06-24,"30,690",,,,,
2015-06-25,"30,385",,,,,
2015-06-26,"30,715",,,,,
2015-06-29,"29,425",,,,,
2015-06-30,"29,155",,,,,
2015-07-01,"29,360",,,,,
2015-07-02,"28,960",,,,,
2015-07-03,"28,835",,,,,
2015-07-06,"28,335",,,,,
2015-07-07,"27,850",,,,,
2015-07-08,"27,975",,,,,
2015-07-09,"28,600",,,,,
2015-07-10,"29,675",,,,,
2015-07-13,"30,095",,,,,
2015-07-14,"30,465",,,,,
2015-07-15,"30,480",,,,,
2015-07-16,"31,090",,,,,
2015-07-17,"31,090",,,,,
2015-07-20,"31,140",,,,,
2015-07-21,"30,960",,,,,
2015-07-22,"30,950",,,,,
2015-07-23,"30,920",,,,,
2015-07-24,"30,700",,,,,
2015-07-27,"30,220",,,,,
2015-07-28,"30,385",,,,,
2015-07-29,"30,760",,,,,
2015-07-30,"30,800",,,,,
2015-07-31,"31,175",,,,,
2015-08-03,"31,875",,,,,
2015-08-04,"31,870",,,,,
2015-08-05,"32,150",,,,,
2015-08-06,"32,275",,,,,
2015-08-07,"31,885",,,,,
2015-08-10,"32,450",,,,,
2015-08-11,"31,595",,,,,
2015-08-12,"30,265",,,,,
2015-08-13,"30,820",,,,,
2015-08-14,"30,735",,,,,
2015-08-17,"31,085",,,,,
2015-08-18,"31,165",,,,,
2015-08-19,"30,830",,,,,
2015-08-20,"30,025",,,,,
2015-08-21,"29,010",,,,,
2015-08-24,"27,810",,,,,
2015-08-25,"29,250",,,,,
2015-08-26,"28,705",,,,,
2015-08-27,"29,755",,,,,
2015-08-28,"29,870",,,,,
2015-08-31,"29,740",,,,,
2015-09-01,"28,985",,,,,
2015-09-02,"28,945",,,,,
2015-09-03,"29,475",,,,,
2015-09-04,"28,580",,,,,
2015-09-07,"28,515",,,,,
2015-09-08,"28,755",,,,,
2015-09-09,"29,125",,,,,
2015-09-10,"28,840",,,,,
2015-09-11,"28,510",,,,,
2015-09-14,"28,425",,,,,
2015-09-15,"28,600",,,,,
2015-09-16,"30,290",,,,,
2015-09-17,"30,740",,,,,
2015-09-18,"29,885",,,,,
2015-09-21,"30,275",,,,,
2015-09-22,"29,375",,,,,
2015-09-23,"29,300",,,,,
2015-09-24,"28,400",,,,,
2015-09-25,"29,500",,,,,
2015-09-28,"29,190",,,,,
2015-09-29,"28,935",,,,,
2015-09-30,"29,930",,,,,
2015-10-01,"30,155",,,,,
2015-10-02,"30,195",,,,,
2015-10-05,"31,395",,,,,
2015-10-06,"31,775",,,,,
2015-10-07,"31,315",,,,,
2015-10-08,"31,170",,,,,
2015-10-09,"31,125",,,,,
2015-10-12,"31,200",,,,,
2015-10-13,"30,900",,,,,
2015-10-14,"30,480",,,,,
2015-10-15,"30,820",,,,,
2015-10-16,"31,020",,,,,
2015-10-19,"31,385",,,,,
2015-10-20,"31,440",,,,,
2015-10-21,"31,755",,,,,
2015-10-22,"32,750",,,,,
2015-10-23,"33,755",,,,,
2015-10-26,"33,610",,,,,
2015-10-27,"33,510",,,,,
2015-10-28,"33,900",,,,,
2015-10-29,"34,285",,,,,
2015-10-30,"34,105",,,,,
2015-11-02,"34,095",,,,,
2015-11-03,"33,810",,,,,
2015-11-04,"33,710",,,,,
2015-11-05,"34,350",,,,,
2015-11-06,"32,935",,,,,
2015-11-09,"32,935",,,,,
2015-11-10,"33,170",,,,,
2015-11-11,"33,415",,,,,
2015-11-12,"32,945",,,,,
2015-11-13,"32,540",,,,,
2015-11-16,"32,705",,,,,
2015-11-17,"33,345",,,,,
2015-11-18,"32,655",,,,,
2015-11-19,"32,720",,,,,
2015-11-20,"33,125",,,,,
2015-11-23,"33,115",,,,,
2015-11-24,"32,300",,,,,
2015-11-25,"33,175",,,,,
2015-11-26,"33,280",,,,,
2015-11-27,"33,465",,,,,
2015-11-30,"34,060",,,,,
2015-12-01,"33,965",,,,,
2015-12-02,"34,585",,,,,
2015-12-03,"33,385",,,,,
2015-12-04,"33,250",,,,,
2015-12-07,"33,875",,,,,
2015-12-08,"32,915",,,,,
2015-12-09,"32,545",,,,,
2015-12-10,"32,105",,,,,
2015-12-11,"32,035",,,,,
2015-12-14,"31,420",,,,,
2015-12-15,"32,400",,,,,
2015-12-16,"32,290",,,,,
2015-12-17,"33,075",,,,,
2015-12-18,"32,215",,,,,
2015-12-21,"31,450",,,,,
2015-12-22,"31,640",,,,,
2015-12-23,"31,900",,,,,
2015-12-24,"31,790",,,,,
2015-12-28,"31,490",,,,,
2015-12-29,"32,255",,,,,
2015-12-30,"32,010",,,,,
2015-12-31,"31,690",,,,,
2016-01-04,"30,580",,,,,
2016-01-05,"30,370",,,,,
2016-01-06,"30,175",,,,,
2016-01-07,"30,070",,,,,
2016-01-08,"29,645",,,,,
2016-01-11,"29,435",,,,,
2016-01-12,"30,105",,,,,
2016-01-13,"30,005",,,,,
2016-01-14,"29,240",,,,,
2016-01-15,"28,540",,,,,
2016-01-18,"28,440",,,,,
2016-01-19,"29,035",,,,,
2016-01-20,"28,205",,,,,
2016-01-21,"28,830",,,,,
2016-01-22,"29,555",,,,,
2016-01-25,"29,290",,,,,
2016-01-26,"29,425",,,,,
2016-01-27,"30,000",,,,,
2016-01-28,"29,560",,,,,
2016-01-29,"30,185",,,,,
2016-02-01,"30,465",,,,,
2016-02-02,"29,840",,,,,
2016-02-03,"29,190",,,,,
2016-02-04,"28,930",,,,,
2016-02-05,"28,400",,,,,
2016-02-08,"27,555",,,,,
2016-02-09,"27,375",,,,,
2016-02-10,"28,085",,,,,
2016-02-11,"26,755",,,,,
2016-02-12,"27,110",,,,,
2016-02-15,"27,555",,,,,
2016-02-16,"27,220",,,,,
2016-02-17,"28,015",,,,,
2016-02-18,"28,210",,,,,
2016-02-19,"28,255",,,,,
2016-02-22,"28,585",,,,,
2016-02-23,"28,005",,,,,
2016-02-24,"27,195",,,,,
2016-02-25,"27,960",,,,,
2016-02-26,"28,505",,,,,
2016-02-29,"28,620",,,,,
2016-03-01,"29,785",,,,,
2016-03-02,"29,660",,,,,
2016-03-03,"29,330",,,,,
2016-03-04,"29,700",,,,,
2016-03-07,"29,695",,,,,
2016-03-08,"29,410",,,,,
2016-03-09,"29,920",,,,,
2016-03-10,"29,680",,,,,
2016-03-11,"29,610",,,,,
2016-03-14,"29,855",,,,,
2016-03-15,"29,675",,,,,
2016-03-16,"29,905",,,,,
2016-03-17,"29,790",,,,,
2016-03-18,"29,750",,,,,
2016-03-21,"29,875",,,,,
2016-03-22,"30,045",,,,,
2016-03-23,"30,145",,,,,
2016-03-24,"29,545",,,,,
2016-03-29,"29,780",,,,,
2016-03-30,"30,110",,,,,
2016-03-31,"29,565",,,,,
2016-04-01,"29,105",,,,,
2016-04-04,"29,295",,,,,
2016-04-05,"28,450",,,,,
2016-04-06,"28,630",,,,,
2016-04-07,"28,415",,,,,
2016-04-08,"28,570",,,,,
2016-04-11,"28,530",,,,,
2016-04-12,"28,735",,,,,
2016-04-13,"28,980",,,,,
2016-04-14,"28,905",,,,,
2016-04-15,"28,770",,,,,
2016-04-18,"28,900",,,,,
2016-04-19,"29,525",,,,,
2016-04-20,"29,795",,,,,
2016-04-21,"29,450",,,,,
2016-04-22,"29,500",,,,,
2016-04-25,"29,220",,,,,
2016-04-26,"28,975",,,,,
2016-04-27,"29,165",,,,,
2016-04-28,"28,645",,,,,
2016-04-29,"28,035",,,,,
2016-05-02,"28,490",,,,,
2016-05-03,"27,785",,,,,
2016-05-04,"27,470",,,,,
2016-05-05,"27,720",,,,,
2016-05-06,"27,530",,,,,
2016-05-09,"28,170",,,,,
2016-05-10,"28,540",,,,,
2016-05-11,"27,995",,,,,
2016-05-12,"27,815",,,,,
2016-05-13,"28,125",,,,,
2016-05-16,"28,075",,,,,
2016-05-17,"27,890",,,,,
2016-05-18,"28,370",,,,,
2016-05-19,"28,200",,,,,
2016-05-20,"28,800",,,,,
2016-05-23,"28,690",,,,,
2016-05-24,"29,505",,,,,
2016-05-25,"29,320",,,,,
2016-05-26,"29,570",,,,,
2016-05-27,"30,100",,,,,
2016-05-30,"30,235",,,,,
2016-05-31,"30,360",,,,,
2016-06-01,"30,210",,,,,
2016-06-02,"30,180",,,,,
2016-06-03,"29,900",,,,,
2016-06-06,"29,770",,,,,
2016-06-07,"29,745",,,,,
2016-06-08,"29,675",,,,,
2016-06-09,"29,555",,,,,
2016-06-10,"28,910",,,,,
2016-06-13,"28,485",,,,,
2016-06-14,"27,980",,,,,
2016-06-15,"29,520",,,,,
2016-06-16,"29,700",,,,,
2016-06-17,"29,265",,,,,
2016-06-20,"30,130",,,,,
2016-06-21,"30,370",,,,,
2016-06-22,"30,445",,,,,
2016-06-23,"31,010",,,,,
2016-06-24,"28,900",,,,,
2016-06-27,"28,415",,,,,
2016-06-28,"28,920",,,,,
2016-06-29,"29,810",,,,,
2016-06-30,"29,910",,,,,
2016-07-01,"29,985",,,,,
2016-07-04,"30,005",,,,,
2016-07-05,"29,810",,,,,
2016-07-06,"29,515",,,,,
2016-07-07,"29,500",,,,,
2016-07-08,"29,795",,,,,
2016-07-11,"30,400",,,,,
2016-07-12,"30,930",,,,,
2016-07-13,"30,930",,,,,
2016-07-14,"30,870",,,,,
2016-07-15,"30,725",,,,,
2016-07-18,"30,750",,,,,
2016-07-19,"30,720",,,,,
2016-07-20,"30,980",,,,,
2016-07-21,"30,755",,,,,
2016-07-22,"30,925",,,,,
2016-07-25,"30,980",,,,,
2016-07-26,"30,900",,,,,
2016-07-27,"30,875",,,,,
2016-07-28,"30,645",,,,,
2016-07-29,"30,940",,,,,
2016-08-01,"31,150",,,,,
2016-08-02,"30,610",,,,,
2016-08-03,"30,570",,,,,
2016-08-04,"30,845",,,,,
2016-08-05,"32,060",,,,,
2016-08-08,"31,625",,,,,
2016-08-09,"32,115",,,,,
2016-08-10,"31,815",,,,,
2016-08-11,"32,000",,,,,
2016-08-12,"31,930",,,,,
2016-08-15,"31,950",,,,,
2016-08-16,"31,195",,,,,
2016-08-17,"30,930",,,,,
2016-08-18,"31,420",,,,,
2016-08-19,"31,365",,,,,
2016-08-22,"31,145",,,,,
2016-08-23,"31,955",,,,,
2016-08-24,"32,070",,,,,
2016-08-25,"31,710",,,,,
2016-08-26,"31,830",,,,,
2016-08-29,"31,700",,,,,
2016-08-30,"31,875",,,,,
2016-08-31,"31,765",,,,,
2016-09-01,"31,810",,,,,
2016-09-02,"32,370",,,,,
2016-09-05,"32,395",,,,,
2016-09-06,"32,295",,,,,
2016-09-07,"33,105",,,,,
2016-09-08,"32,885",,,,,
2016-09-09,"32,255",,,,,
2016-09-12,"31,995",,,,,
2016-09-13,"31,620",,,,,
2016-09-14,"31,825",,,,,
2016-09-15,"31,925",,,,,
2016-09-16,"31,745",,,,,
2016-09-19,"32,390",,,,,
2016-09-20,"32,680",,,,,
2016-09-21,"32,165",,,,,
2016-09-22,"33,370",,,,,
2016-09-23,"32,960",,,,,
2016-09-26,"32,815",,,,,
2016-09-27,"32,980",,,,,
2016-09-28,"33,055",,,,,
2016-09-29,"33,125",,,,,
2016-09-30,"33,000",,,,,
2016-10-03,"32,765",,,,,
2016-10-04,"32,915",,,,,
2016-10-05,"32,855",,,,,
2016-10-06,"32,730",,,,,
2016-10-07,"32,055",,,,,
2016-10-10,"32,655",,,,,
2016-10-11,"32,345",,,,,
2016-10-12,"32,160",,,,,
2016-10-13,"31,975",,,,,
2016-10-14,"32,400",,,,,
2016-10-17,"32,040",,,,,
2016-10-18,"32,220",,,,,
2016-10-19,"32,600",,,,,
2016-10-20,"32,925",,,,,
2016-10-21,"33,225",,,,,
2016-10-24,"32,930",,,,,
2016-10-25,"32,570",,,,,
2016-10-26,"32,735",,,,,
2016-10-27,"32,650",,,,,
2016-10-28,"32,335",,,,,
2016-10-31,"31,845",,,,,
2016-11-01,"31,610",,,,,
2016-11-02,"31,290",,,,,
2016-11-03,"31,120",,,,,
2016-11-04,"30,760",,,,,
2016-11-07,"31,125",,,,,
2016-11-08,"31,175",,,,,
2016-11-09,"31,175",,,,,
2016-11-10,"30,485",,,,,
2016-11-11,"30,490",,,,,
2016-11-14,"30,905",,,,,
2016-11-15,"31,285",,,,,
2016-11-16,"31,060",,,,,
2016-11-17,"31,450",,,,,
2016-11-18,"31,490",,,,,
2016-11-21,"31,440",,,,,
2016-11-22,"31,395",,,,,
2016-11-23,"31,215",,,,,
2016-11-24,"32,050",,,,,
2016-11-25,"32,395",,,,,
2016-11-28,"32,240",,,,,
2016-11-29,"32,455",,,,,
2016-11-30,"32,275",,,,,
2016-12-01,"31,795",,,,,
2016-12-02,"31,640",,,,,
2016-12-05,"31,980",,,,,
2016-12-06,"32,295",,,,,
2016-12-07,"32,225",,,,,
2016-12-08,"31,900",,,,,
2016-12-09,"32,305",,,,,
2016-12-12,"32,235",,,,,
2016-12-13,"32,990",,,,,
2016-12-14,"32,000",,,,,
2016-12-15,"32,015",,,,,
2016-12-16,"32,450",,,,,
2016-12-19,"32,070",,,,,
2016-12-20,"32,115",,,,,
2016-12-21,"32,020",,,,,
2016-12-22,"32,130",,,,,
2016-12-23,"32,190",,,,,
2016-12-27,"32,245",,,,,
2016-12-28,"32,395",,,,,
2016-12-29,"32,350",,,,,
2016-12-30,"32,430",,,,,
2017-01-02,"32,600","21,95","1,08","2,49","5,48","5.277,00"
2017-01-03,"32,275","21,95","1,08","2,49","5,48","5.277,00"
2017-01-04,"31,970","21,95","1,08","2,49","5,48","5.277,00"
2017-01-05,"31,450","21,95","1,08","2,49","5,48","5.277,00"
2017-01-06,"31,675","21,95","1,08","2,49","5,48","5.277,00"
2017-01-09,"31,865","21,95","1,08","2,49","5,48","5.277,00"
2017-01-10,"31,630","21,95","1,08","2,49","5,48","5.277,00"
2017-01-11,"31,380","21,95","1,08","2,49","5,48","5.277,00"
2017-01-12,"31,620","21,95","1,08","2,49","5,48","5.277,00"
2017-01-13,"31,930","21,95","1,08","2,49","5,48","5.277,00"
2017-01-16,"31,585","21,95","1,08","2,49","5,48","5.277,00"
2017-01-17,"31,395","21,95","1,08","2,49","5,48","5.277,00"
2017-01-18,"31,350","21,95","1,08","2,49","5,48","5.277,00"
2017-01-19,"31,225","21,95","1,08","2,49","5,48","5.277,00"
2017-01-20,"31,000","21,95","1,08","2,49","5,48","5.277,00"
2017-01-23,"31,065","21,95","1,08","2,49","5,48","5.277,00"
2017-01-24,"31,020","21,95","1,08","2,49","5,48","5.277,00"
2017-01-25,"31,120","21,95","1,08","2,49","5,48","5.277,00"
2017-01-26,"30,840","21,95","1,08","2,49","5,48","5.277,00"
2017-01-27,"30,850","21,95","1,08","2,49","5,48","5.277,00"
2017-01-30,"30,645","21,95","1,08","2,49","5,48","5.277,00"
2017-01-31,"30,535","21,95","1,08","2,49","5,48","5.277,00"
2017-02-01,"30,530","21,95","1,08","2,49","5,48","5.277,00"
2017-02-02,"30,535","21,95","1,08","2,49","5,48","5.277,00"
2017-02-03,"30,725","21,95","1,08","2,49","5,48","5.277,00"
2017-02-06,"30,565","21,95","1,08","2,49","5,48","5.277,00"
2017-02-07,"30,885","21,95","1,08","2,49","5,48","5.277,00"
2017-02-08,"30,860","21,95","1,08","2,49","5,48","5.277,00"
2017-02-09,"31,120","21,95","1,08","2,49","5,48","5.277,00"
2017-02-10,"31,140","21,95","1,08","2,49","5,48","5.277,00"
2017-02-13,"31,335","21,95","1,08","2,49","5,48","5.277,00"
2017-02-14,"31,275","21,95","1,08","2,49","5,48","5.277,00"
2017-02-15,"31,335","21,95","1,08","2,49","5,48","5.277,00"
2017-02-16,"31,175","21,95","1,08","2,49","5,48","5.277,00"
2017-02-17,"31,020","21,95","1,08","2,49","5,48","5.277,00"
2017-02-20,"30,955","21,95","1,08","2,49","5,48","5.277,00"
2017-02-21,"31,015","21,95","1,08","2,49","5,48","5.277,00"
2017-02-22,"30,725","21,95","1,08","2,49","5,48","5.277,00"
2017-02-23,"30,465","21,95","1,08","2,49","5,48","5.277,00"
2017-02-24,"30,205","21,95","1,08","2,49","5,48","5.277,00"
2017-02-27,"29,950","21,95","1,08","2,49","5,48","5.277,00"
2017-02-28,"30,320","21,95","1,08","2,49","5,48","5.277,00"
2017-03-01,"30,890","21,95","1,08","2,49","5,48","5.277,00"
2017-03-02,"30,600","21,95","1,08","2,49","5,48","5.277,00"
2017-03-03,"30,630","21,95","1,08","2,49","5,48","5.277,00"
2017-03-06,"30,600","21,95","1,08","2,49","5,48","5.277,00"
2017-03-07,"30,510","21,95","1,08","2,49","5,48","5.277,00"
2017-03-08,"30,930","21,95","1,08","2,49","5,48","5.277,00"
2017-03-09,"31,580","21,95","1,08","2,49","5,48","5.277,00"
2017-03-10,"31,435","21,95","1,08","2,49","5,48","5.277,00"
2017-03-13,"31,280","21,95","1,08","2,49","5,48","5.277,00"
2017-03-14,"31,390","21,95","1,08","2,49","5,48","5.277,00"
2017-03-15,"31,405","21,95","1,08","2,49","5,48","5.277,00"
2017-03-16,"31,680","21,95","1,08","2,49","5,48","5.277,00"
2017-03-17,"31,905","21,95","1,08","2,49","5,48","5.277,00"
2017-03-20,"32,035","21,95","1,08","2,49","5,48","5.277,00"
2017-03-21,"32,005","21,95","1,08","2,49","5,48","5.277,00"
2017-03-22,"31,810","21,95","1,08","2,49","5,48","5.277,00"
2017-03-23,"32,505","21,95","1,08","2,49","5,48","5.277,00"
2017-03-24,"32,350","21,95","1,08","2,49","5,48","5.277,00"
2017-03-27,"32,555","21,95","1,08","2,49","5,48","5.277,00"
2017-03-28,"32,510","21,95","1,08","2,49","5,48","5.277,00"
2017-03-29,"32,685","21,95","1,08","2,49","5,48","5.277,00"
2017-03-30,"32,550","21,95","1,08","2,49","5,48","5.277,00"
2017-03-31,"33,040","21,95","1,08","2,49","5,48","5.277,00"
2017-04-03,"32,735","21,95","1,08","2,49","5,48","5.277,00"
2017-04-04,"33,055","21,95","1,08","2,49","5,48","5.277,00"
2017-04-05,"32,880","21,95","1,08","2,49","5,48","5.277,00"
2017-04-06,"33,680","21,95","1,08","2,49","5,48","5.277,00"
2017-04-07,"33,920","21,95","1,08","2,49","5,48","5.277,00"
2017-04-10,"33,850","21,95","1,08","2,49","5,48","5.277,00"
2017-04-11,"33,950","21,95","1,08","2,49","5,48","5.277,00"
2017-04-12,"33,895","21,95","1,08","2,49","5,48","5.277,00"
2017-04-13,"34,325","21,95","1,08","2,49","5,48","5.277,00"
2017-04-18,"34,170","21,95","1,08","2,49","5,48","5.277,00"
2017-04-19,"34,405","21,95","1,08","2,49","5,48","5.277,00"
2017-04-20,"34,215","21,95","1,08","2,49","5,48","5.277,00"
2017-04-21,"34,190","21,95","1,08","2,49","5,48","5.277,00"
2017-04-24,"35,015","21,95","1,08","2,49","5,48","5.277,00"
2017-04-25,"35,150","21,95","1,08","2,49","5,48","5.277,00"
2017-04-26,"34,960","21,95","1,08","2,49","5,48","5.277,00"
2017-04-27,"34,830","21,95","1,08","2,49","5,48","5.277,00"
2017-04-28,"35,210","21,95","1,08","2,49","5,48","5.277,00"
2017-05-02,"35,435","21,95","1,08","2,49","5,48","5.277,00"
2017-05-03,"35,710","21,95","1,08","2,49","5,48","5.277,00"
2017-05-04,"36,180","21,95","1,08","2,49","5,48","5.277,00"
2017-05-05,"36,315","21,95","1,08","2,49","5,48","5.277,00"
2017-05-08,"36,085","21,95","1,08","2,49","5,48","5.277,00"
2017-05-09,"36,535","21,95","1,08","2,49","5,48","5.277,00"
2017-05-10,"36,505","21,95","1,08","2,49","5,48","5.277,00"
2017-05-11,"35,850","21,95","1,08","2,49","5,48","5.277,00"
2017-05-12,"36,425","21,95","1,08","2,49","5,48","5.277,00"
2017-05-15,"36,285","21,95","1,08","2,49","5,48","5.277,00"
2017-05-16,"36,460","21,95","1,08","2,49","5,48","5.277,00"
2017-05-17,"36,005","21,95","1,08","2,49","5,48","5.277,00"
2017-05-18,"35,905","21,95","1,08","2,49","5,48","5.277,00"
2017-05-19,"35,935","21,95","1,08","2,49","5,48","5.277,00"
2017-05-22,"36,340","21,95","1,08","2,49","5,48","5.277,00"
2017-05-23,"36,175","21,95","1,08","2,49","5,48","5.277,00"
2017-05-24,"36,095","21,95","1,08","2,49","5,48","5.277,00"
2017-05-25,"35,975","21,95","1,08","2,49","5,48","5.277,00"
2017-05-26,"36,270","21,95","1,08","2,49","5,48","5.277,00"
2017-05-29,"35,975","21,95","1,08","2,49","5,48","5.277,00"
2017-05-30,"36,335","21,95","1,08","2,49","5,48","5.277,00"
2017-05-31,"36,395","21,95","1,08","2,49","5,48","5.277,00"
2017-06-01,"36,310","21,95","1,08","2,49","5,48","5.277,00"
2017-06-02,"36,665","21,95","1,08","2,49","5,48","5.277,00"
2017-06-05,"36,630","21,95","1,08","2,49","5,48","5.277,00"
2017-06-06,"36,655","21,95","1,08","2,49","5,48","5.277,00"
2017-06-07,"36,195","21,95","1,08","2,49","5,48","5.277,00"
2017-06-08,"36,425","21,95","1,08","2,49","5,48","5.277,00"
2017-06-09,"36,405","21,95","1,08","2,49","5,48","5.277,00"
2017-06-12,"35,795","21,95","1,08","2,49","5,48","5.277,00"
2017-06-13,"35,860","21,95","1,08","2,49","5,48","5.277,00"
2017-06-14,"35,215","21,95","1,08","2,49","5,48","5.277,00"
2017-06-15,"34,970","21,95","1,08","2,49","5,48","5.277,00"
2017-06-16,"35,210","21,95","1,08","2,49","5,48","5.277,00"
2017-06-19,"35,555","21,95","1,08","2,49","5,48","5.277,00"
2017-06-20,"35,155","21,95","1,08","2,49","5,48","5.277,00"
2017-06-21,"35,020","21,95","1,08","2,49","5,48","5.277,00"
2017-06-22,"35,070","21,95","1,08","2,49","5,48","5.277,00"
2017-06-23,"34,860","21,95","1,08","2,49","5,48","5.277,00"
2017-06-26,"34,935","21,95","1,08","2,49","5,48","5.277,00"
2017-06-27,"34,825","21,95","1,08","2,49","5,48","5.277,00"
2017-06-28,"34,535","21,95","1,08","2,49","5,48","5.277,00"
2017-06-29,"33,920","21,95","1,08","2,49","5,48","5.277,00"
2017-06-30,"33,610","21,95","1,08","2,49","5,48","5.277,00"
2017-07-03,"33,840","21,95","1,08","2,49","5,48","5.277,00"
2017-07-04,"33,795","21,95","1,08","2,49","5,48","5.277,00"
2017-07-05,"33,890","21,95","1,08","2,49","5,48","5.277,00"
2017-07-06,"33,535","21,95","1,08","2,49","5,48","5.277,00"
2017-07-07,"33,635","21,95","1,08","2,49","5,48","5.277,00"
2017-07-10,"33,745","21,95","1,08","2,49","5,48","5.277,00"
2017-07-11,"33,340","21,95","1,08","2,49","5,48","5.277,00"
2017-07-12,"33,790","21,95","1,08","2,49","5,48","5.277,00"
2017-07-13,"34,050","21,95","1,08","2,49","5,48","5.277,00"
2017-07-14,"34,200","21,95","1,08","2,49","5,48","5.277,00"
2017-07-17,"34,550","21,95","1,08","2,49","5,48","5.277,00"
2017-07-18,"33,720","21,95","1,08","2,49","5,48","5.277,00"
2017-07-19,"34,220","21,95","1,08","2,49","5,48","5.277,00"
2017-07-20,"34,165","21,95","1,08","2,49","5,48","5.277,00"
2017-07-21,"33,625","21,95","1,08","2,49","5,48","5.277,00"
2017-07-24,"33,645","21,95","1,08","2,49","5,48","5.277,00"
2017-07-25,"33,390","21,95","1,08","2,49","5,48","5.277,00"
2017-07-26,"33,620","21,95","1,08","2,49","5,48","5.277,00"
2017-07-27,"33,745","21,95","1,08","2,49","5,48","5.277,00"
2017-07-28,"33,500","21,95","1,08","2,49","5,48","5.277,00"
2017-07-31,"33,590","21,95","1,08","2,49","5,48","5.277,00"
2017-08-01,"33,880","21,95","1,08","2,49","5,48","5.277,00"
2017-08-02,"33,750","21,95","1,08","2,49","5,48","5.277,00"
2017-08-03,"33,680","21,95","1,08","2,49","5,48","5.277,00"
2017-08-04,"33,960","21,95","1,08","2,49","5,48","5.277,00"
2017-08-07,"33,955","21,95","1,08","2,49","5,48","5.277,00"
2017-08-08,"34,355","21,95","1,08","2,49","5,48","5.277,00"
2017-08-09,"34,040","21,95","1,08","2,49","5,48","5.277,00"
2017-08-10,"33,595","21,95","1,08","2,49","5,48","5.277,00"
2017-08-11,"33,170","21,95","1,08","2,49","5,48","5.277,00"
2017-08-14,"33,430","21,95","1,08","2,49","5,48","5.277,00"
2017-08-15,"33,590","21,95","1,08","2,49","5,48","5.277,00"
2017-08-16,"33,760","21,95","1,08","2,49","5,48","5.277,00"
2017-08-17,"33,770","21,95","1,08","2,49","5,48","5.277,00"
2017-08-18,"33,445","21,95","1,08","2,49","5,48","5.277,00"
2017-08-21,"33,605","21,95","1,08","2,49","5,48","5.277,00"
2017-08-22,"33,665","21,95","1,08","2,49","5,48","5.277,00"
2017-08-23,"33,435","21,95","1,08","2,49","5,48","5.277,00"
2017-08-24,"33,445","21,95","1,08","2,49","5,48","5.277,00"
2017-08-25,"33,410","21,95","1,08","2,49","5,48","5.277,00"
2017-08-28,"33,005","21,95","1,08","2,49","5,48","5.277,00"
2017-08-29,"33,225","21,95","1,08","2,49","5,48","5.277,00"
2017-08-30,"33,105","21,95","1,08","2,49","5,48","5.277,00"
2017-08-31,"31,915","21,95","1,08","2,49","5,48","5.277,00"
2017-09-01,"31,850","21,95","1,08","2,49","5,48","5.277,00"
2017-09-04,"31,545","21,95","1,08","2,49","5,48","5.277,00"
2017-09-05,"31,165","21,95","1,08","2,49","5,48","5.277,00"
2017-09-06,"31,200","21,95","1,08","2,49","5,48","5.277,00"
2017-09-07,"31,115","21,95","1,08","2,49","5,48","5.277,00"
2017-09-08,"30,895","21,95","1,08","2,49","5,48","5.277,00"
2017-09-11,"31,450","21,95","1,08","2,49","5,48","5.277,00"
2017-09-12,"32,050","21,95","1,08","2,49","5,48","5.277,00"
2017-09-13,"32,175","21,95","1,08","2,49","5,48","5.277,00"
2017-09-14,"32,345","21,95","1,08","2,49","5,48","5.277,00"
2017-09-15,"32,645","21,95","1,08","2,49","5,48","5.277,00"
2017-09-18,"32,535","21,95","1,08","2,49","5,48","5.277,00"
2017-09-19,"32,685","21,95","1,08","2,49","5,48","5.277,00"
2017-09-20,"32,410","21,95","1,08","2,49","5,48","5.277,00"
2017-09-21,"31,995","21,95","1,08","2,49","5,48","5.277,00"
2017-09-22,"31,905","21,95","1,08","2,49","5,48","5.277,00"
2017-09-25,"31,525","21,95","1,08","2,49","5,48","5.277,00"
2017-09-26,"31,515","21,95","1,08","2,49","5,48","5.277,00"
2017-09-27,"31,585","21,95","1,08","2,49","5,48","5.277,00"
2017-09-28,"31,710","21,95","1,08","2,49","5,48","5.277,00"
2017-09-29,"31,885","21,95","1,08","2,49","5,48","5.277,00"
2017-10-02,"31,470","21,95","1,08","2,49","5,48","5.277,00"
2017-10-03,"31,310","21,95","1,08","2,49","5,48","5.277,00"
2017-10-04,"30,655","21,95","1,08","2,49","5,48","5.277,00"
2017-10-05,"31,240","21,95","1,08","2,49","5,48","5.277,00"
2017-10-06,"30,945","21,95","1,08","2,49","5,48","5.277,00"
2017-10-09,"31,300","21,95","1,08","2,49","5,48","5.277,00"
2017-10-10,"31,000","21,95","1,08","2,49","5,48","5.277,00"
2017-10-11,"31,400","21,95","1,08","2,49","5,48","5.277,00"
2017-10-12,"31,400","21,95","1,08","2,49","5,48","5.277,00"
2017-10-13,"31,180","21,95","1,08","2,49","5,48","5.277,00"
2017-10-16,"31,120","21,95","1,08","2,49","5,48","5.277,00"
2017-10-17,"31,445","21,95","1,08","2,49","5,48","5.277,00"
2017-10-18,"31,260","21,95","1,08","2,49","5,48","5.277,00"
2017-10-19,"30,895","21,95","1,08","2,49","5,48","5.277,00"
2017-10-20,"30,990","21,95","1,08","2,49","5,48","5.277,00"
2017-10-23,"30,950","21,95","1,08","2,49","5,48","5.277,00"
2017-10-24,"30,920","21,95","1,08","2,49","5,48","5.277,00"
2017-10-25,"30,600","21,95","1,08","2,49","5,48","5.277,00"
2017-10-26,"31,480","21,95","1,08","2,49","5,48","5.277,00"
2017-10-27,"31,260","21,95","1,08","2,49","5,48","5.277,00"
2017-10-30,"32,185","21,95","1,08","2,49","5,48","5.277,00"
2017-10-31,"32,095","21,95","1,08","2,49","5,48","5.277,00"
2017-11-01,"31,470","21,95","1,08","2,49","5,48","5.277,00"
2017-11-02,"31,200","21,95","1,08","2,49","5,48","5.277,00"
2017-11-03,"31,150","21,95","1,08","2,49","5,48","5.277,00"
2017-11-06,"30,885","21,95","1,08","2,49","5,48","5.277,00"
2017-11-07,"29,960","21,95","1,08","2,49","5,48","5.277,00"
2017-11-08,"30,100","21,95","1,08","2,49","5,48","5.277,00"
2017-11-09,"29,730","21,95","1,08","2,49","5,48","5.277,00"
2017-11-10,"29,555","21,95","1,08","2,49","5,48","5.277,00"
2017-11-13,"29,335","21,95","1,08","2,49","5,48","5.277,00"
2017-11-14,"29,385","21,95","1,08","2,49","5,48","5.277,00"
2017-11-15,"29,185","21,95","1,08","2,49","5,48","5.277,00"
2017-11-16,"29,755","21,95","1,08","2,49","5,48","5.277,00"
2017-11-17,"29,265","21,95","1,08","2,49","5,48","5.277,00"
2017-11-20,"29,500","21,95","1,08","2,49","5,48","5.277,00"
2017-11-21,"29,360","21,95","1,08","2,49","5,48","5.277,00"
2017-11-22,"29,280","21,95","1,08","2,49","5,48","5.277,00"
2017-11-23,"29,275","21,95","1,08","2,49","5,48","5.277,00"
2017-11-24,"29,475","21,95","1,08","2,49","5,48","5.277,00"
2017-11-27,"29,600","21,95","1,08","2,49","5,48","5.277,00"
2017-11-28,"29,840","21,95","1,08","2,49","5,48","5.277,00"
2017-11-29,"29,775","21,95","1,08","2,49","5,48","5.277,00"
2017-11-30,"29,740","21,95","1,08","2,49","5,48","5.277,00"
2017-12-01,"29,570","21,95","1,08","2,49","5,48","5.277,00"
2017-12-04,"30,575","21,95","1,08","2,49","5,48","5.277,00"
2017-12-05,"30,380","21,95","1,08","2,49","5,48","5.277,00"
2017-12-06,"30,605","21,95","1,08","2,49","5,48","5.277,00"
2017-12-07,"30,970","21,95","1,08","2,49","5,48","5.277,00"
2017-12-08,"31,075","21,95","1,08","2,49","5,48","5.277,00"
2017-12-11,"31,150","21,95","1,08","2,49","5,48","5.277,00"
2017-12-12,"30,765","21,95","1,08","2,49","5,48","5.277,00"
2017-12-13,"31,295","21,95","1,08","2,49","5,48","5.277,00"
2017-12-14,"30,720","21,95","1,08","2,49","5,48","5.277,00"
2017-12-15,"29,955","21,95","1,08","2,49","5,48","5.277,00"
2017-12-18,"30,010","21,95","1,08","2,49","5,48","5.277,00"
2017-12-19,"29,805","21,95","1,08","2,49","5,48","5.277,00"
2017-12-20,"29,530","21,95","1,08","2,49","5,48","5.277,00"
2017-12-21,"29,930","21,95","1,08","2,49","5,48","5.277,00"
2017-12-22,"29,615","21,95","1,08","2,49","5,48","5.277,00"
2017-12-27,"29,580","21,95","1,08","2,49","5,48","5.277,00"
2017-12-28,"29,170","21,95","1,08","2,49","5,48","5.277,00"
2017-12-29,"29,045","21,95","1,08","2,49","5,48","5.277,00"
2018-01-02,"28,900","21,47","1,11","4,43","5,05","5.457,00"
2018-01-03,"28,870","21,47","1,11","4,43","5,05","5.457,00"
2018-01-04,"29,020","21,47","1,11","4,43","5,05","5.457,00"
2018-01-05,"29,600","21,47","1,11","4,43","5,05","5.457,00"
2018-01-08,"29,500","21,47","1,11","4,43","5,05","5.457,00"
2018-01-09,"29,600","21,47","1,11","4,43","5,05","5.457,00"
2018-01-10,"28,850","21,47","1,11","4,43","5,05","5.457,00"
2018-01-11,"28,550","21,47","1,11","4,43","5,05","5.457,00"
2018-01-12,"28,690","21,47","1,11","4,43","5,05","5.457,00"
2018-01-15,"28,750","21,47","1,11","4,43","5,05","5.457,00"
2018-01-16,"28,660","21,47","1,11","4,43","5,05","5.457,00"
2018-01-17,"28,720","21,47","1,11","4,43","5,05","5.457,00"
2018-01-18,"28,330","21,47","1,11","4,43","5,05","5.457,00"
2018-01-19,"28,560","21,47","1,11","4,43","5,05","5.457,00"
2018-01-22,"28,720","21,47","1,11","4,43","5,05","5.457,00"
2018-01-23,"29,000","21,47","1,11","4,43","5,05","5.457,00"
2018-01-24,"29,000","21,47","1,11","4,43","5,05","5.457,00"
2018-01-25,"28,960","21,47","1,11","4,43","5,05","5.457,00"
2018-01-26,"29,010","21,47","1,11","4,43","5,05","5.457,00"
2018-01-29,"29,180","21,47","1,11","4,43","5,05","5.457,00"
2018-01-30,"29,050","21,47","1,11","4,43","5,05","5.457,00"
2018-01-31,"28,870","21,47","1,11","4,43","5,05","5.457,00"
2018-02-01,"28,290","21,47","1,11","4,43","5,05","5.457,00"
2018-02-02,"27,650","21,47","1,11","4,43","5,05","5.457,00"
2018-02-05,"27,370","21,47","1,11","4,43","5,05","5.457,00"
2018-02-06,"26,630","21,47","1,11","4,43","5,05","5.457,00"
2018-02-07,"26,750","21,47","1,11","4,43","5,05","5.457,00"
2018-02-08,"26,160","21,47","1,11","4,43","5,05","5.457,00"
2018-02-09,"26,110","21,47","1,11","4,43","5,05","5.457,00"
2018-02-12,"26,520","21,47","1,11","4,43","5,05","5.457,00"
2018-02-13,"26,000","21,47","1,11","4,43","5,05","5.457,00"
2018-02-14,"26,270","21,47","1,11","4,43","5,05","5.457,00"
2018-02-15,"26,440","21,47","1,11","4,43","5,05","5.457,00"
2018-02-16,"26,820","21,47","1,11","4,43","5,05","5.457,00"
2018-02-19,"26,660","21,47","1,11","4,43","5,05","5.457,00"
2018-02-20,"27,330","21,47","1,11","4,43","5,05","5.457,00"
2018-02-21,"27,030","21,47","1,11","4,43","5,05","5.457,00"
2018-02-22,"26,900","21,47","1,11","4,43","5,05","5.457,00"
2018-02-23,"25,000","21,47","1,11","4,43","5,05","5.457,00"
2018-02-26,"25,470","21,47","1,11","4,43","5,05","5.457,00"
2018-02-27,"25,250","21,47","1,11","4,43","5,05","5.457,00"
2018-02-28,"24,960","21,47","1,11","4,43","5,05","5.457,00"
2018-03-01,"24,570","21,47","1,11","4,43","5,05","5.457,00"
2018-03-02,"24,000","21,47","1,11","4,43","5,05","5.457,00"
2018-03-05,"24,110","21,47","1,11","4,43","5,05","5.457,00"
2018-03-06,"24,220","21,47","1,11","4,43","5,05","5.457,00"
2018-03-07,"23,940","21,47","1,11","4,43","5,05","5.457,00"
2018-03-08,"23,950","21,47","1,11","4,43","5,05","5.457,00"
2018-03-09,"24,070","21,47","1,11","4,43","5,05","5.457,00"
2018-03-12,"24,310","21,47","1,11","4,43","5,05","5.457,00"
2018-03-13,"24,260","21,47","1,11","4,43","5,05","5.457,00"
2018-03-14,"25,190","21,47","1,11","4,43","5,05","5.457,00"
2018-03-15,"25,450","21,47","1,11","4,43","5,05","5.457,00"
2018-03-16,"25,870","21,47","1,11","4,43","5,05","5.457,00"
2018-03-19,"26,140","21,47","1,11","4,43","5,05","5.457,00"
2018-03-20,"26,200","21,47","1,11","4,43","5,05","5.457,00"
2018-03-21,"25,810","21,47","1,11","4,43","5,05","5.457,00"
2018-03-22,"25,460","21,47","1,11","4,43","5,05","5.457,00"
2018-03-23,"25,080","21,47","1,11","4,43","5,05","5.457,00"
2018-03-26,"24,680","21,47","1,11","4,43","5,05","5.457,00"
2018-03-27,"25,080","21,47","1,11","4,43","5,05","5.457,00"
2018-03-28,"25,490","21,47","1,11","4,43","5,05","5.457,00"
2018-03-29,"25,430","21,47","1,11","4,43","5,05","5.457,00"
2018-04-03,"25,690","21,47","1,11","4,43","5,05","5.457,00"
2018-04-04,"25,560","21,47","1,11","4,43","5,05","5.457,00"
2018-04-05,"26,190","21,47","1,11","4,43","5,05","5.457,00"
2018-04-06,"26,040","21,47","1,11","4,43","5,05","5.457,00"
2018-04-09,"26,090","21,47","1,11","4,43","5,05","5.457,00"
2018-04-10,"25,650","21,47","1,11","4,43","5,05","5.457,00"
2018-04-11,"25,420","21,47","1,11","4,43","5,05","5.457,00"
2018-04-12,"25,180","21,47","1,11","4,43","5,05","5.457,00"
2018-04-13,"24,550","21,47","1,11","4,43","5,05","5.457,00"
2018-04-16,"24,650","21,47","1,11","4,43","5,05","5.457,00"
2018-04-17,"25,170","21,47","1,11","4,43","5,05","5.457,00"
2018-04-18,"24,950","21,47","1,11","4,43","5,05","5.457,00"
2018-04-19,"24,620","21,47","1,11","4,43","5,05","5.457,00"
2018-04-20,"24,490","21,47","1,11","4,43","5,05","5.457,00"
2018-04-23,"24,450","21,47","1,11","4,43","5,05","5.457,00"
2018-04-24,"24,810","21,47","1,11","4,43","5,05","5.457,00"
2018-04-25,"25,330","21,47","1,11","4,43","5,05","5.457,00"
2018-04-26,"25,550","21,47","1,11","4,43","5,05","5.457,00"
2018-04-27,"25,360","21,47","1,11","4,43","5,05","5.457,00"
2018-04-30,"25,780","21,47","1,11","4,43","5,05","5.457,00"
2018-05-02,"26,370","21,47","1,11","4,43","5,05","5.457,00"
2018-05-03,"26,270","21,47","1,11","4,43","5,05","5.457,00"
2018-05-04,"26,600","21,47","1,11","4,43","5,05","5.457,00"
2018-05-07,"26,620","21,47","1,11","4,43","5,05","5.457,00"
2018-05-08,"26,770","21,47","1,11","4,43","5,05","5.457,00"
2018-05-09,"27,100","21,47","1,11","4,43","5,05","5.457,00"
2018-05-10,"26,970","21,47","1,11","4,43","5,05","5.457,00"
2018-05-11,"26,750","21,47","1,11","4,43","5,05","5.457,00"
2018-05-14,"26,870","21,47","1,11","4,43","5,05","5.457,00"
2018-05-15,"26,680","21,47","1,11","4,43","5,05","5.457,00"
2018-05-16,"26,870","21,47","1,11","4,43","5,05","5.457,00"
2018-05-17,"27,920","21,47","1,11","4,43","5,05","5.457,00"
2018-05-18,"27,760","21,47","1,11","4,43","5,05","5.457,00"
2018-05-21,"27,580","21,47","1,11","4,43","5,05","5.457,00"
2018-05-22,"27,300","21,47","1,11","4,43","5,05","5.457,00"
2018-05-23,"27,450","21,47","1,11","4,43","5,05","5.457,00"
2018-05-24,"28,360","21,47","1,11","4,43","5,05","5.457,00"
2018-05-25,"28,360","21,47","1,11","4,43","5,05","5.457,00"
2018-05-28,"28,450","21,47","1,11","4,43","5,05","5.457,00"
2018-05-29,"28,050","21,47","1,11","4,43","5,05","5.457,00"
2018-05-30,"27,400","21,47","1,11","4,43","5,05","5.457,00"
2018-05-31,"27,010","21,47","1,11","4,43","5,05","5.457,00"
2018-06-01,"27,440","21,47","1,11","4,43","5,05","5.457,00"
2018-06-04,"28,150","21,47","1,11","4,43","5,05","5.457,00"
2018-06-05,"28,460","21,47","1,11","4,43","5,05","5.457,00"
2018-06-06,"28,570","21,47","1,11","4,43","5,05","5.457,00"
2018-06-07,"28,310","21,47","1,11","4,43","5,05","5.457,00"
2018-06-08,"28,290","21,47","1,11","4,43","5,05","5.457,00"
2018-06-11,"28,610","21,47","1,11","4,43","5,05","5.457,00"
2018-06-12,"28,920","21,47","1,11","4,43","5,05","5.457,00"
2018-06-13,"29,940","21,47","1,11","4,43","5,05","5.457,00"
2018-06-14,"30,030","21,47","1,11","4,43","5,05","5.457,00"
2018-06-15,"29,930","21,47","1,11","4,43","5,05","5.457,00"
2018-06-18,"29,590","21,47","1,11","4,43","5,05","5.457,00"
2018-06-19,"29,470","21,47","1,11","4,43","5,05","5.457,00"
2018-06-20,"29,440","21,47","1,11","4,43","5,05","5.457,00"
2018-06-21,"29,610","21,47","1,11","4,43","5,05","5.457,00"
2018-06-22,"29,810","21,47","1,11","4,43","5,05","5.457,00"
2018-06-25,"29,510","21,47","1,11","4,43","5,05","5.457,00"
2018-06-26,"29,740","21,47","1,11","4,43","5,05","5.457,00"
2018-06-27,"29,780","21,47","1,11","4,43","5,05","5.457,00"
2018-06-28,"29,470","21,47","1,11","4,43","5,05","5.457,00"
2018-06-29,"29,260","21,47","1,11","4,43","5,05","5.457,00"
2018-07-02,"29,270","21,47","1,11","4,43","5,05","5.457,00"
2018-07-03,"29,580","21,47","1,11","4,43","5,05","5.457,00"
2018-07-04,"29,680","21,47","1,11","4,43","5,05","5.457,00"
2018-07-05,"29,590","21,47","1,11","4,43","5,05","5.457,00"
2018-07-06,"29,640","21,47","1,11","4,43","5,05","5.457,00"
2018-07-09,"30,030","21,47","1,11","4,43","5,05","5.457,00"
2018-07-10,"30,000","21,47","1,11","4,43","5,05","5.457,00"
2018-07-11,"29,340","21,47","1,11","4,43","5,05","5.457,00"
2018-07-12,"29,450","21,47","1,11","4,43","5,05","5.457,00"
2018-07-13,"29,270","21,47","1,11","4,43","5,05","5.457,00"
2018-07-16,"29,190","21,47","1,11","4,43","5,05","5.457,00"
2018-07-17,"29,380","21,47","1,11","4,43","5,05","5.457,00"
2018-07-18,"29,330","21,47","1,11","4,43","5,05","5.457,00"
2018-07-19,"29,270","21,47","1,11","4,43","5,05","5.457,00"
2018-07-20,"29,270","21,47","1,11","4,43","5,05","5.457,00"
2018-07-23,"29,190","21,47","1,11","4,43","5,05","5.457,00"
2018-07-24,"28,850","21,47","1,11","4,43","5,05","5.457,00"
2018-07-25,"28,390","21,47","1,11","4,43","5,05","5.457,00"
2018-07-26,"28,640","21,47","1,11","4,43","5,05","5.457,00"
2018-07-27,"28,430","21,47","1,11","4,43","5,05","5.457,00"
2018-07-30,"28,200","21,47","1,11","4,43","5,05","5.457,00"
2018-07-31,"28,050","21,47","1,11","4,43","5,05","5.457,00"
2018-08-01,"27,980","21,47","1,11","4,43","5,05","5.457,00"
2018-08-02,"27,740","21,47","1,11","4,43","5,05","5.457,00"
2018-08-03,"27,750","21,47","1,11","4,43","5,05","5.457,00"
2018-08-06,"27,520","21,47","1,11","4,43","5,05","5.457,00"
2018-08-07,"27,630","21,47","1,11","4,43","5,05","5.457,00"
2018-08-08,"27,510","21,47","1,11","4,43","5,05","5.457,00"
2018-08-09,"28,020","21,47","1,11","4,43","5,05","5.457,00"
2018-08-10,"28,050","21,47","1,11","4,43","5,05","5.457,00"
2018-08-13,"27,860","21,47","1,11","4,43","5,05","5.457,00"
2018-08-14,"27,610","21,47","1,11","4,43","5,05","5.457,00"
2018-08-15,"27,490","21,47","1,11","4,43","5,05","5.457,00"
2018-08-16,"27,320","21,47","1,11","4,43","5,05","5.457,00"
2018-08-17,"27,550","21,47","1,11","4,43","5,05","5.457,00"
2018-08-20,"27,730","21,47","1,11","4,43","5,05","5.457,00"
2018-08-21,"27,970","21,47","1,11","4,43","5,05","5.457,00"
2018-08-22,"28,410","21,47","1,11","4,43","5,05","5.457,00"
2018-08-23,"28,330","21,47","1,11","4,43","5,05","5.457,00"
2018-08-24,"28,540","21,47","1,11","4,43","5,05","5.457,00"
2018-08-27,"28,810","21,47","1,11","4,43","5,05","5.457,00"
2018-08-28,"28,290","21,47","1,11","4,43","5,05","5.457,00"
2018-08-29,"26,690","21,47","1,11","4,43","5,05","5.457,00"
2018-08-30,"26,140","21,47","1,11","4,43","5,05","5.457,00"
2018-08-31,"26,050","21,47","1,11","4,43","5,05","5.457,00"
2018-09-03,"25,500","21,47","1,11","4,43","5,05","5.457,00"
2018-09-04,"25,250","21,47","1,11","4,43","5,05","5.457,00"
2018-09-05,"25,080","21,47","1,11","4,43","5,05","5.457,00"
2018-09-06,"25,010","21,47","1,11","4,43","5,05","5.457,00"
2018-09-07,"25,170","21,47","1,11","4,43","5,05","5.457,00"
2018-09-10,"25,510","21,47","1,11","4,43","5,05","5.457,00"
2018-09-11,"25,520","21,47","1,11","4,43","5,05","5.457,00"
2018-09-12,"26,570","21,47","1,11","4,43","5,05","5.457,00"
2018-09-13,"26,540","21,47","1,11","4,43","5,05","5.457,00"
2018-09-14,"26,620","21,47","1,11","4,43","5,05","5.457,00"
2018-09-17,"26,220","21,47","1,11","4,43","5,05","5.457,00"
2018-09-18,"26,170","21,47","1,11","4,43","5,05","5.457,00"
2018-09-19,"26,260","21,47","1,11","4,43","5,05","5.457,00"
2018-09-20,"26,770","21,47","1,11","4,43","5,05","5.457,00"
2018-09-21,"27,250","21,47","1,11","4,43","5,05","5.457,00"
2018-09-24,"26,740","21,47","1,11","4,43","5,05","5.457,00"
2018-09-25,"26,400","21,47","1,11","4,43","5,05","5.457,00"
2018-09-26,"26,570","21,47","1,11","4,43","5,05","5.457,00"
2018-09-27,"26,490","21,47","1,11","4,43","5,05","5.457,00"
2018-09-28,"26,110","21,47","1,11","4,43","5,05","5.457,00"
2018-10-01,"26,450","21,47","1,11","4,43","5,05","5.457,00"
2018-10-02,"25,510","21,47","1,11","4,43","5,05","5.457,00"
2018-10-03,"25,700","21,47","1,11","4,43","5,05","5.457,00"
2018-10-04,"25,510","21,47","1,11","4,43","5,05","5.457,00"
2018-10-05,"25,410","21,47","1,11","4,43","5,05","5.457,00"
2018-10-08,"25,100","21,47","1,11","4,43","5,05","5.457,00"
2018-10-09,"25,120","21,47","1,11","4,43","5,05","5.457,00"
2018-10-10,"24,890","21,47","1,11","4,43","5,05","5.457,00"
2018-10-11,"24,850","21,47","1,11","4,43","5,05","5.457,00"
2018-10-12,"24,390","21,47","1,11","4,43","5,05","5.457,00"
2018-10-15,"24,560","21,47","1,11","4,43","5,05","5.457,00"
2018-10-16,"25,040","21,47","1,11","4,43","5,05","5.457,00"
2018-10-17,"24,710","21,47","1,11","4,43","5,05","5.457,00"
2018-10-18,"24,610","21,47","1,11","4,43","5,05","5.457,00"
2018-10-19,"24,350","21,47","1,11","4,43","5,05","5.457,00"
2018-10-22,"24,070","21,47","1,11","4,43","5,05","5.457,00"
2018-10-23,"24,360","21,47","1,11","4,43","5,05","5.457,00"
2018-10-24,"24,550","21,47","1,11","4,43","5,05","5.457,00"
2018-10-25,"24,830","21,47","1,11","4,43","5,05","5.457,00"
2018-10-26,"24,750","21,47","1,11","4,43","5,05","5.457,00"
2018-10-29,"24,960","21,47","1,11","4,43","5,05","5.457,00"
2018-10-30,"25,150","21,47","1,11","4,43","5,05","5.457,00"
2018-10-31,"24,930","21,47","1,11","4,43","5,05","5.457,00"
2018-11-01,"25,490","21,47","1,11","4,43","5,05","5.457,00"
2018-11-02,"25,190","21,47","1,11","4,43","5,05","5.457,00"
2018-11-05,"25,280","21,47","1,11","4,43","5,05","5.457,00"
2018-11-06,"25,010","21,47","1,11","4,43","5,05","5.457,00"
2018-11-07,"26,310","21,47","1,11","4,43","5,05","5.457,00"
2018-11-08,"26,270","21,47","1,11","4,43","5,05","5.457,00"
2018-11-09,"26,420","21,47","1,11","4,43","5,05","5.457,00"
2018-11-12,"26,200","21,47","1,11","4,43","5,05","5.457,00"
2018-11-13,"26,110","21,47","1,11","4,43","5,05","5.457,00"
2018-11-14,"25,710","21,47","1,11","4,43","5,05","5.457,00"
2018-11-15,"25,710","21,47","1,11","4,43","5,05","5.457,00"
2018-11-16,"25,650","21,47","1,11","4,43","5,05","5.457,00"
2018-11-19,"25,190","21,47","1,11","4,43","5,05","5.457,00"
2018-11-20,"24,930","21,47","1,11","4,43","5,05","5.457,00"
2018-11-21,"25,550","21,47","1,11","4,43","5,05","5.457,00"
2018-11-22,"25,900","21,47","1,11","4,43","5,05","5.457,00"
2018-11-23,"26,200","21,47","1,11","4,43","5,05","5.457,00"
2018-11-26,"26,550","21,47","1,11","4,43","5,05","5.457,00"
2018-11-27,"26,930","21,47","1,11","4,43","5,05","5.457,00"
2018-11-28,"27,390","21,47","1,11","4,43","5,05","5.457,00"
2018-11-29,"27,310","21,47","1,11","4,43","5,05","5.457,00"
2018-11-30,"27,090","21,47","1,11","4,43","5,05","5.457,00"
2018-12-03,"27,720","21,47","1,11","4,43","5,05","5.457,00"
2018-12-04,"27,270","21,47","1,11","4,43","5,05","5.457,00"
2018-12-05,"27,210","21,47","1,11","4,43","5,05","5.457,00"
2018-12-06,"26,800","21,47","1,11","4,43","5,05","5.457,00"
2018-12-07,"26,800","21,47","1,11","4,43","5,05","5.457,00"
2018-12-10,"26,610","21,47","1,11","4,43","5,05","5.457,00"
2018-12-11,"26,330","21,47","1,11","4,43","5,05","5.457,00"
2018-12-12,"25,050","21,47","1,11","4,43","5,05","5.457,00"
2018-12-13,"24,990","21,47","1,11","4,43","5,05","5.457,00"
2018-12-14,"24,550","21,47","1,11","4,43","5,05","5.457,00"
2018-12-17,"23,600","21,47","1,11","4,43","5,05","5.457,00"
2018-12-18,"23,910","21,47","1,11","4,43","5,05","5.457,00"
2018-12-19,"23,870","21,47","1,11","4,43","5,05","5.457,00"
2018-12-20,"22,660","21,47","1,11","4,43","5,05","5.457,00"
2018-12-21,"22,750","21,47","1,11","4,43","5,05","5.457,00"
2018-12-24,"22,250","21,47","1,11","4,43","5,05","5.457,00"
2018-12-27,"22,190","21,47","1,11","4,43","5,05","5.457,00"
2018-12-28,"22,390","21,47","1,11","4,43","5,05","5.457,00"
2018-12-31,"22,350","21,47","1,11","4,43","5,05","5.457,00"
2019-01-02,"22,430","20,30","1,17","2,77","4,96","7.598,00"
2019-01-03,"22,110","20,30","1,17","2,77","4,96","7.598,00"
2019-01-04,"22,890","20,30","1,17","2,77","4,96","7.598,00"
2019-01-07,"23,070","20,30","1,17","2,77","4,96","7.598,00"
2019-01-08,"23,570","20,30","1,17","2,77","4,96","7.598,00"
2019-01-09,"23,840","20,30","1,17","2,77","4,96","7.598,00"
2019-01-10,"23,510","20,30","1,17","2,77","4,96","7.598,00"
2019-01-11,"23,450","20,30","1,17","2,77","4,96","7.598,00"
2019-01-14,"23,210","20,30","1,17","2,77","4,96","7.598,00"
2019-01-15,"23,340","20,30","1,17","2,77","4,96","7.598,00"
2019-01-16,"23,080","20,30","1,17","2,77","4,96","7.598,00"
2019-01-17,"23,360","20,30","1,17","2,77","4,96","7.598,00"
2019-01-18,"23,830","20,30","1,17","2,77","4,96","7.598,00"
2019-01-21,"23,910","20,30","1,17","2,77","4,96","7.598,00"
2019-01-22,"23,980","20,30","1,17","2,77","4,96","7.598,00"
2019-01-23,"24,400","20,30","1,17","2,77","4,96","7.598,00"
2019-01-24,"24,450","20,30","1,17","2,77","4,96","7.598,00"
2019-01-25,"24,150","20,30","1,17","2,77","4,96","7.598,00"
2019-01-28,"23,620","20,30","1,17","2,77","4,96","7.598,00"
2019-01-29,"24,020","20,30","1,17","2,77","4,96","7.598,00"
2019-01-30,"24,110","20,30","1,17","2,77","4,96","7.598,00"
2019-01-31,"24,350","20,30","1,17","2,77","4,96","7.598,00"
2019-02-01,"24,510","20,30","1,17","2,77","4,96","7.598,00"
2019-02-04,"24,310","20,30","1,17","2,77","4,96","7.598,00"
2019-02-05,"25,040","20,30","1,17","2,77","4,96","7.598,00"
2019-02-06,"24,910","20,30","1,17","2,77","4,96","7.598,00"
2019-02-07,"24,480","20,30","1,17","2,77","4,96","7.598,00"
2019-02-08,"24,130","20,30","1,17","2,77","4,96","7.598,00"
2019-02-11,"24,550","20,30","1,17","2,77","4,96","7.598,00"
2019-02-12,"24,970","20,30","1,17","2,77","4,96","7.598,00"
2019-02-13,"24,920","20,30","1,17","2,77","4,96","7.598,00"
2019-02-14,"24,820","20,30","1,17","2,77","4,96","7.598,00"
2019-02-15,"25,590","20,30","1,17","2,77","4,96","7.598,00"
2019-02-18,"25,640","20,30","1,17","2,77","4,96","7.598,00"
2019-02-19,"25,770","20,30","1,17","2,77","4,96","7.598,00"
2019-02-20,"25,480","20,30","1,17","2,77","4,96","7.598,00"
2019-02-21,"25,430","20,30","1,17","2,77","4,96","7.598,00"
2019-02-22,"25,530","20,30","1,17","2,77","4,96","7.598,00"
2019-02-25,"25,490","20,30","1,17","2,77","4,96","7.598,00"
2019-02-26,"26,230","20,30","1,17","2,77","4,96","7.598,00"
2019-02-27,"26,020","20,30","1,17","2,77","4,96","7.598,00"
2019-02-28,"26,540","20,30","1,17","2,77","4,96","7.598,00"
2019-03-01,"26,750","20,30","1,17","2,77","4,96","7.598,00"
2019-03-04,"26,860","20,30","1,17","2,77","4,96","7.598,00"
2019-03-05,"26,790","20,30","1,17","2,77","4,96","7.598,00"
2019-03-06,"26,910","20,30","1,17","2,77","4,96","7.598,00"
2019-03-07,"26,860","20,30","1,17","2,77","4,96","7.598,00"
2019-03-08,"26,410","20,30","1,17","2,77","4,96","7.598,00"
2019-03-11,"26,360","20,30","1,17","2,77","4,96","7.598,00"
2019-03-12,"26,270","20,30","1,17","2,77","4,96","7.598,00"
2019-03-13,"25,100","20,30","1,17","2,77","4,96","7.598,00"
2019-03-14,"25,070","20,30","1,17","2,77","4,96","7.598,00"
2019-03-15,"25,960","20,30","1,17","2,77","4,96","7.598,00"
2019-03-18,"26,200","20,30","1,17","2,77","4,96","7.598,00"
2019-03-19,"26,590","20,30","1,17","2,77","4,96","7.598,00"
2019-03-20,"26,100","20,30","1,17","2,77","4,96","7.598,00"
2019-03-21,"26,290","20,30","1,17","2,77","4,96","7.598,00"
2019-03-22,"26,270","20,30","1,17","2,77","4,96","7.598,00"
2019-03-25,"25,920","20,30","1,17","2,77","4,96","7.598,00"
2019-03-26,"26,430","20,30","1,17","2,77","4,96","7.598,00"
2019-03-27,"25,900","20,30","1,17","2,77","4,96","7.598,00"
2019-03-28,"25,940","20,30","1,17","2,77","4,96","7.598,00"
2019-03-29,"26,200","20,30","1,17","2,77","4,96","7.598,00"
2019-04-01,"26,090","20,30","1,17","2,77","4,96","7.598,00"
2019-04-02,"26,300","20,30","1,17","2,77","4,96","7.598,00"
2019-04-03,"26,640","20,30","1,17","2,77","4,96","7.598,00"
2019-04-04,"26,900","20,30","1,17","2,77","4,96","7.598,00"
2019-04-05,"26,700","20,30","1,17","2,77","4,96","7.598,00"
2019-04-08,"26,600","20,30","1,17","2,77","4,96","7.598,00"
2019-04-09,"26,500","20,30","1,17","2,77","4,96","7.598,00"
2019-04-10,"26,540","20,30","1,17","2,77","4,96","7.598,00"
2019-04-11,"26,590","20,30","1,17","2,77","4,96","7.598,00"
2019-04-12,"26,300","20,30","1,17","2,77","4,96","7.598,00"
2019-04-15,"26,540","20,30","1,17","2,77","4,96","7.598,00"
2019-04-16,"27,030","20,30","1,17","2,77","4,96","7.598,00"
2019-04-17,"27,300","20,30","1,17","2,77","4,96","7.598,00"
2019-04-18,"28,000","20,30","1,17","2,77","4,96","7.598,00"
2019-04-23,"27,840","20,30","1,17","2,77","4,96","7.598,00"
2019-04-24,"27,700","20,30","1,17","2,77","4,96","7.598,00"
2019-04-25,"26,990","20,30","1,17","2,77","4,96","7.598,00"
2019-04-26,"26,950","20,30","1,17","2,77","4,96","7.598,00"
2019-04-29,"26,500","20,30","1,17","2,77","4,96","7.598,00"
2019-04-30,"26,970","20,30","1,17","2,77","4,96","7.598,00"
2019-05-02,"26,180","20,30","1,17","2,77","4,96","7.598,00"
2019-05-03,"26,290","20,30","1,17","2,77","4,96","7.598,00"
2019-05-06,"26,050","20,30","1,17","2,77","4,96","7.598,00"
2019-05-07,"25,480","20,30","1,17","2,77","4,96","7.598,00"
2019-05-08,"25,430","20,30","1,17","2,77","4,96","7.598,00"
2019-05-09,"25,150","20,30","1,17","2,77","4,96","7.598,00"
2019-05-10,"25,190","20,30","1,17","2,77","4,96","7.598,00"
2019-05-13,"24,950","20,30","1,17","2,77","4,96","7.598,00"
2019-05-14,"25,120","20,30","1,17","2,77","4,96","7.598,00"
2019-05-15,"25,300","20,30","1,17","2,77","4,96","7.598,00"
2019-05-16,"25,720","20,30","1,17","2,77","4,96","7.598,00"
2019-05-17,"25,390","20,30","1,17","2,77","4,96","7.598,00"
2019-05-20,"24,950","20,30","1,17","2,77","4,96","7.598,00"
2019-05-21,"25,170","20,30","1,17","2,77","4,96","7.598,00"
2019-05-22,"25,290","20,30","1,17","2,77","4,96","7.598,00"
2019-05-23,"24,790","20,30","1,17","2,77","4,96","7.598,00"
2019-05-24,"24,930","20,30","1,17","2,77","4,96","7.598,00"
2019-05-27,"25,060","20,30","1,17","2,77","4,96","7.598,00"
2019-05-28,"25,140","20,30","1,17","2,77","4,96","7.598,00"
2019-05-29,"24,870","20,30","1,17","2,77","4,96","7.598,00"
2019-05-30,"24,960","20,30","1,17","2,77","4,96","7.598,00"
2019-05-31,"24,050","20,30","1,17","2,77","4,96","7.598,00"
2019-06-03,"24,430","20,30","1,17","2,77","4,96","7.598,00"
2019-06-04,"24,830","20,30","1,17","2,77","4,96","7.598,00"
2019-06-05,"24,890","20,30","1,17","2,77","4,96","7.598,00"
2019-06-06,"24,920","20,30","1,17","2,77","4,96","7.598,00"
2019-06-07,"25,080","20,30","1,17","2,77","4,96","7.598,00"
2019-06-10,"25,430","20,30","1,17","2,77","4,96","7.598,00"
2019-06-11,"25,280","20,30","1,17","2,77","4,96","7.598,00"
2019-06-12,"25,020","20,30","1,17","2,77","4,96","7.598,00"
2019-06-13,"25,110","20,30","1,17","2,77","4,96","7.598,00"
2019-06-14,"25,000","20,30","1,17","2,77","4,96","7.598,00"
2019-06-17,"24,880","20,30","1,17","2,77","4,96","7.598,00"
2019-06-18,"24,960","20,30","1,17","2,77","4,96","7.598,00"
2019-06-19,"25,000","20,30","1,17","2,77","4,96","7.598,00"
2019-06-20,"24,930","20,30","1,17","2,77","4,96","7.598,00"
2019-06-21,"25,470","20,30","1,17","2,77","4,96","7.598,00"
2019-06-24,"25,490","20,30","1,17","2,77","4,96","7.598,00"
2019-06-25,"25,240","20,30","1,17","2,77","4,96","7.598,00"
2019-06-26,"25,500","20,30","1,17","2,77","4,96","7.598,00"
2019-06-27,"26,310","20,30","1,17","2,77","4,96","7.598,00"
2019-06-28,"26,450","20,30","1,17","2,77","4,96","7.598,00"
2019-07-01,"26,450","20,30","1,17","2,77","4,96","7.598,00"
2019-07-02,"26,530","20,30","1,17","2,77","4,96","7.598,00"
2019-07-03,"26,870","20,30","1,17","2,77","4,96","7.598,00"
2019-07-04,"27,080","20,30","1,17","2,77","4,96","7.598,00"
2019-07-05,"27,200","20,30","1,17","2,77","4,96","7.598,00"
2019-07-08,"27,190","20,30","1,17","2,77","4,96","7.598,00"
2019-07-09,"27,190","20,30","1,17","2,77","4,96","7.598,00"
2019-07-10,"26,820","20,30","1,17","2,77","4,96","7.598,00"
2019-07-11,"26,950","20,30","1,17","2,77","4,96","7.598,00"
2019-07-12,"27,420","20,30","1,17","2,77","4,96","7.598,00"
2019-07-15,"27,590","20,30","1,17","2,77","4,96","7.598,00"
2019-07-16,"27,590","20,30","1,17","2,77","4,96","7.598,00"
2019-07-17,"27,090","20,30","1,17","2,77","4,96","7.598,00"
2019-07-18,"27,450","20,30","1,17","2,77","4,96","7.598,00"
2019-07-19,"27,480","20,30","1,17","2,77","4,96","7.598,00"
2019-07-22,"27,370","20,30","1,17","2,77","4,96","7.598,00"
2019-07-23,"27,540","20,30","1,17","2,77","4,96","7.598,00"
2019-07-24,"27,500","20,30","1,17","2,77","4,96","7.598,00"
2019-07-25,"27,530","20,30","1,17","2,77","4,96","7.598,00"
2019-07-26,"27,650","20,30","1,17","2,77","4,96","7.598,00"
2019-07-29,"27,480","20,30","1,17","2,77","4,96","7.598,00"
2019-07-30,"26,970","20,30","1,17","2,77","4,96","7.598,00"
2019-07-31,"27,030","20,30","1,17","2,77","4,96","7.598,00"
2019-08-01,"27,560","20,30","1,17","2,77","4,96","7.598,00"
2019-08-02,"27,040","20,30","1,17","2,77","4,96","7.598,00"
2019-08-05,"26,380","20,30","1,17","2,77","4,96","7.598,00"
2019-08-06,"25,960","20,30","1,17","2,77","4,96","7.598,00"
2019-08-07,"26,290","20,30","1,17","2,77","4,96","7.598,00"
2019-08-08,"26,730","20,30","1,17","2,77","4,96","7.598,00"
2019-08-09,"26,500","20,30","1,17","2,77","4,96","7.598,00"
2019-08-12,"26,340","20,30","1,17","2,77","4,96","7.598,00"
2019-08-13,"26,240","20,30","1,17","2,77","4,96","7.598,00"
2019-08-14,"25,820","20,30","1,17","2,77","4,96","7.598,00"
2019-08-15,"25,590","20,30","1,17","2,77","4,96","7.598,00"
2019-08-16,"25,990","20,30","1,17","2,77","4,96","7.598,00"
2019-08-19,"26,610","20,30","1,17","2,77","4,96","7.598,00"
2019-08-20,"26,330","20,30","1,17","2,77","4,96","7.598,00"
2019-08-21,"27,140","20,30","1,17","2,77","4,96","7.598,00"
2019-08-22,"27,220","20,30","1,17","2,77","4,96","7.598,00"
2019-08-23,"27,050","20,30","1,17","2,77","4,96","7.598,00"
2019-08-26,"26,890","20,30","1,17","2,77","4,96","7.598,00"
2019-08-27,"27,160","20,30","1,17","2,77","4,96","7.598,00"
2019-08-28,"27,550","20,30","1,17","2,77","4,96","7.598,00"
2019-08-29,"27,700","20,30","1,17","2,77","4,96","7.598,00"
2019-08-30,"28,120","20,30","1,17","2,77","4,96","7.598,00"
2019-09-02,"27,850","20,30","1,17","2,77","4,96","7.598,00"
2019-09-03,"27,870","20,30","1,17","2,77","4,96","7.598,00"
2019-09-04,"27,800","20,30","1,17","2,77","4,96","7.598,00"
2019-09-05,"28,540","20,30","1,17","2,77","4,96","7.598,00"
2019-09-06,"28,650","20,30","1,17","2,77","4,96","7.598,00"
2019-09-09,"28,790","20,30","1,17","2,77","4,96","7.598,00"
2019-09-10,"28,610","20,30","1,17","2,77","4,96","7.598,00"
2019-09-11,"27,500","20,30","1,17","2,77","4,96","7.598,00"
2019-09-12,"27,180","20,30","1,17","2,77","4,96","7.598,00"
2019-09-13,"26,910","20,30","1,17","2,77","4,96","7.598,00"
2019-09-16,"26,560","20,30","1,17","2,77","4,96","7.598,00"
2019-09-17,"26,660","20,30","1,17","2,77","4,96","7.598,00"
2019-09-18,"26,630","20,30","1,17","2,77","4,96","7.598,00"
2019-09-19,"27,140","20,30","1,17","2,77","4,96","7.598,00"
2019-09-20,"27,270","20,30","1,17","2,77","4,96","7.598,00"
2019-09-23,"27,620","20,30","1,17","2,77","4,96","7.598,00"
2019-09-24,"27,840","20,30","1,17","2,77","4,96","7.598,00"
2019-09-25,"27,710","20,30","1,17","2,77","4,96","7.598,00"
2019-09-26,"27,900","20,30","1,17","2,77","4,96","7.598,00"
2019-09-27,"28,120","20,30","1,17","2,77","4,96","7.598,00"
2019-09-30,"28,400","20,30","1,17","2,77","4,96","7.598,00"
2019-10-01,"28,170","20,30","1,17","2,77","4,96","7.598,00"
2019-10-02,"27,290","20,30","1,17","2,77","4,96","7.598,00"
2019-10-03,"27,420","20,30","1,17","2,77","4,96","7.598,00"
2019-10-04,"27,810","20,30","1,17","2,77","4,96","7.598,00"
2019-10-07,"28,130","20,30","1,17","2,77","4,96","7.598,00"
2019-10-08,"27,500","20,30","1,17","2,77","4,96","7.598,00"
2019-10-09,"27,780","20,30","1,17","2,77","4,96","7.598,00"
2019-10-10,"28,200","20,30","1,17","2,77","4,96","7.598,00"
2019-10-11,"28,570","20,30","1,17","2,77","4,96","7.598,00"
2019-10-14,"28,410","20,30","1,17","2,77","4,96","7.598,00"
2019-10-15,"28,530","20,30","1,17","2,77","4,96","7.598,00"
2019-10-16,"28,750","20,30","1,17","2,77","4,96","7.598,00"
2019-10-17,"28,540","20,30","1,17","2,77","4,96","7.598,00"
2019-10-18,"28,450","20,30","1,17","2,77","4,96","7.598,00"
2019-10-21,"28,520","20,30","1,17","2,77","4,96","7.598,00"
2019-10-22,"28,290","20,30","1,17","2,77","4,96","7.598,00"
2019-10-23,"28,050","20,30","1,17","2,77","4,96","7.598,00"
2019-10-24,"28,150","20,30","1,17","2,77","4,96","7.598,00"
2019-10-25,"28,280","20,30","1,17","2,77","4,96","7.598,00"
2019-10-28,"28,340","20,30","1,17","2,77","4,96","7.598,00"
2019-10-29,"28,490","20,30","1,17","2,77","4,96","7.598,00"
2019-10-30,"28,500","20,30","1,17","2,77","4,96","7.598,00"
2019-10-31,"27,950","20,30","1,17","2,77","4,96","7.598,00"
2019-11-01,"28,240","20,30","1,17","2,77","4,96","7.598,00"
2019-11-04,"28,210","20,30","1,17","2,77","4,96","7.598,00"
2019-11-05,"28,090","20,30","1,17","2,77","4,96","7.598,00"
2019-11-06,"28,480","20,30","1,17","2,77","4,96","7.598,00"
2019-11-07,"28,280","20,30","1,17","2,77","4,96","7.598,00"
2019-11-08,"27,520","20,30","1,17","2,77","4,96","7.598,00"
2019-11-11,"27,600","20,30","1,17","2,77","4,96","7.598,00"
2019-11-12,"27,120","20,30","1,17","2,77","4,96","7.598,00"
2019-11-13,"27,390","20,30","1,17","2,77","4,96","7.598,00"
2019-11-14,"27,650","20,30","1,17","2,77","4,96","7.598,00"
2019-11-15,"27,980","20,30","1,17","2,77","4,96","7.598,00"
2019-11-18,"28,100","20,30","1,17","2,77","4,96","7.598,00"
2019-11-19,"27,640","20,30","1,17","2,77","4,96","7.598,00"
2019-11-20,"27,340","20,30","1,17","2,77","4,96","7.598,00"
2019-11-21,"27,550","20,30","1,17","2,77","4,96","7.598,00"
2019-11-22,"27,490","20,30","1,17","2,77","4,96","7.598,00"
2019-11-25,"27,720","20,30","1,17","2,77","4,96","7.598,00"
2019-11-26,"27,920","20,30","1,17","2,77","4,96","7.598,00"
2019-11-27,"27,900","20,30","1,17","2,77","4,96","7.598,00"
2019-11-28,"28,230","20,30","1,17","2,77","4,96","7.598,00"
2019-11-29,"28,260","20,30","1,17","2,77","4,96","7.598,00"
2019-12-02,"27,670","20,30","1,17","2,77","4,96","7.598,00"
2019-12-03,"27,900","20,30","1,17","2,77","4,96","7.598,00"
2019-12-04,"28,040","20,30","1,17","2,77","4,96","7.598,00"
2019-12-05,"28,040","20,30","1,17","2,77","4,96","7.598,00"
2019-12-06,"28,920","20,30","1,17","2,77","4,96","7.598,00"
2019-12-09,"28,730","20,30","1,17","2,77","4,96","7.598,00"
2019-12-10,"28,620","20,30","1,17","2,77","4,96","7.598,00"
2019-12-11,"30,120","20,30","1,17","2,77","4,96","7.598,00"
2019-12-12,"30,160","20,30","1,17","2,77","4,96","7.598,00"
2019-12-13,"30,550","20,30","1,17","2,77","4,96","7.598,00"
2019-12-16,"31,100","20,30","1,17","2,77","4,96","7.598,00"
2019-12-17,"31,030","20,30","1,17","2,77","4,96","7.598,00"
2019-12-18,"31,100","20,30","1,17","2,77","4,96","7.598,00"
2019-12-19,"31,270","20,30","1,17","2,77","4,96","7.598,00"
2019-12-20,"31,430","20,30","1,17","2,77","4,96","7.598,00"
2019-12-23,"31,660","20,30","1,17","2,77","4,96","7.598,00"
2019-12-24,"31,770","20,30","1,17","2,77","4,96","7.598,00"
2019-12-27,"32,150","20,30","1,17","2,77","4,96","7.598,00"
2019-12-30,"31,750","20,30","1,17","2,77","4,96","7.598,00"
2019-12-31,"31,450","20,30","1,17","2,77","4,96","7.598,00"
2020-01-02,"31,750","45,67","0,52","1,87","4,94","4.994,32"
2020-01-03,"31,810","45,67","0,52","1,87","4,94","4.994,32"
2020-01-06,"31,530","45,67","0,52","1,87","4,94","4.994,32"
2020-01-07,"31,930","45,67","0,52","1,87","4,94","4.994,32"
2020-01-08,"32,000","45,67","0,52","1,87","4,94","4.994,32"
2020-01-09,"31,870","45,67","0,52","1,87","4,94","4.994,32"
2020-01-10,"31,570","45,67","0,52","1,87","4,94","4.994,32"
2020-01-13,"31,590","45,67","0,52","1,87","4,94","4.994,32"
2020-01-14,"31,500","45,67","0,52","1,87","4,94","4.994,32"
2020-01-15,"31,380","45,67","0,52","1,87","4,94","4.994,32"
2020-01-16,"31,280","45,67","0,52","1,87","4,94","4.994,32"
2020-01-17,"31,750","45,67","0,52","1,87","4,94","4.994,32"
2020-01-20,"31,180","45,67","0,52","1,87","4,94","4.994,32"
2020-01-21,"31,280","45,67","0,52","1,87","4,94","4.994,32"
2020-01-22,"31,030","45,67","0,52","1,87","4,94","4.994,32"
2020-01-23,"31,020","45,67","0,52","1,87","4,94","4.994,32"
2020-01-24,"31,140","45,67","0,52","1,87","4,94","4.994,32"
2020-01-27,"30,460","45,67","0,52","1,87","4,94","4.994,32"
2020-01-28,"30,930","45,67","0,52","1,87","4,94","4.994,32"
2020-01-29,"31,030","45,67","0,52","1,87","4,94","4.994,32"
2020-01-30,"30,920","45,67","0,52","1,87","4,94","4.994,32"
2020-01-31,"30,370","45,67","0,52","1,87","4,94","4.994,32"
2020-02-03,"30,550","45,67","0,52","1,87","4,94","4.994,32"
2020-02-04,"31,260","45,67","0,52","1,87","4,94","4.994,32"
2020-02-05,"31,430","45,67","0,52","1,87","4,94","4.994,32"
2020-02-06,"31,960","45,67","0,52","1,87","4,94","4.994,32"
2020-02-07,"31,890","45,67","0,52","1,87","4,94","4.994,32"
2020-02-10,"31,850","45,67","0,52","1,87","4,94","4.994,32"
2020-02-11,"32,000","45,67","0,52","1,87","4,94","4.994,32"
2020-02-12,"31,500","45,67","0,52","1,87","4,94","4.994,32"
2020-02-13,"31,250","45,67","0,52","1,87","4,94","4.994,32"
2020-02-14,"31,430","45,67","0,52","1,87","4,94","4.994,32"
2020-02-17,"31,480","45,67","0,52","1,87","4,94","4.994,32"
2020-02-18,"31,700","45,67","0,52","1,87","4,94","4.994,32"
2020-02-19,"32,080","45,67","0,52","1,87","4,94","4.994,32"
2020-02-20,"31,580","45,67","0,52","1,87","4,94","4.994,32"
2020-02-21,"31,590","45,67","0,52","1,87","4,94","4.994,32"
2020-02-24,"29,620","45,67","0,52","1,87","4,94","4.994,32"
2020-02-25,"29,310","45,67","0,52","1,87","4,94","4.994,32"
2020-02-26,"29,250","45,67","0,52","1,87","4,94","4.994,32"
2020-02-27,"28,100","45,67","0,52","1,87","4,94","4.994,32"
2020-02-28,"28,130","45,67","0,52","1,87","4,94","4.994,32"
2020-03-02,"27,910","45,67","0,52","1,87","4,94","4.994,32"
2020-03-03,"27,920","45,67","0,52","1,87","4,94","4.994,32"
2020-03-04,"28,260","45,67","0,52","1,87","4,94","4.994,32"
2020-03-05,"27,690","45,67","0,52","1,87","4,94","4.994,32"
2020-03-06,"26,840","45,67","0,52","1,87","4,94","4.994,32"
2020-03-09,"25,510","45,67","0,52","1,87","4,94","4.994,32"
2020-03-10,"24,320","45,67","0,52","1,87","4,94","4.994,32"
2020-03-11,"23,550","45,67","0,52","1,87","4,94","4.994,32"
2020-03-12,"21,070","45,67","0,52","1,87","4,94","4.994,32"
2020-03-13,"21,300","45,67","0,52","1,87","4,94","4.994,32"
2020-03-16,"20,170","45,67","0,52","1,87","4,94","4.994,32"
2020-03-17,"21,060","45,67","0,52","1,87","4,94","4.994,32"
2020-03-18,"20,720","45,67","0,52","1,87","4,94","4.994,32"
2020-03-19,"20,750","45,67","0,52","1,87","4,94","4.994,32"
2020-03-20,"21,580","45,67","0,52","1,87","4,94","4.994,32"
2020-03-23,"21,000","45,67","0,52","1,87","4,94","4.994,32"
2020-03-24,"23,570","45,67","0,52","1,87","4,94","4.994,32"
2020-03-25,"23,500","45,67","0,52","1,87","4,94","4.994,32"
2020-03-26,"24,000","45,67","0,52","1,87","4,94","4.994,32"
2020-03-27,"22,990","45,67","0,52","1,87","4,94","4.994,32"
2020-03-30,"22,710","45,67","0,52","1,87","4,94","4.994,32"
2020-03-31,"23,660","45,67","0,52","1,87","4,94","4.994,32"
2020-04-01,"22,510","45,67","0,52","1,87","4,94","4.994,32"
2020-04-02,"21,880","22,15","1,04","4,02","4,41","6.640,62"
2020-04-03,"21,980","22,15","1,04","4,00","4,41","6.640,62"
2020-04-06,"23,300","23,09","0,95","3,78","4,22","6.397,31"
2020-04-07,"24,490","23,09","0,95","3,59","4,22","6.397,31"
2020-04-08,"24,340","23,09","0,95","3,62","4,22","6.397,31"
2020-04-09,"25,260","27,23","0,93","3,48","4,88","6.335,61"
2020-04-14,"26,360","27,23","0,93","3,34","4,88","6.335,61"
2020-04-15,"25,760","27,23","0,93","3,42","4,88","6.335,61"
2020-04-16,"24,470","27,23","0,93","3,60","4,88","6.335,61"
2020-04-17,"25,550","27,23","0,93","3,44","4,88","6.335,61"
2020-04-20,"25,060","45,67","0,52","1,87","4,94","4.994,32"
2020-04-21,"24,350","28,3","0,9","3,61","4,94","6.335,61"
2020-04-22,"24,000","28,3","0,9","3,67","4,94","6.335,61"
2020-04-23,"23,450","28,3","0,9","3,75","4,94","6.335,61"
2020-04-24,"22,990","28,3","0,9","3,83","4,94","6.335,61"
2020-04-27,"23,780","27,16","0,85","3,70","4,56","6.424,81"
2020-04-28,"23,320","27,16","0,85","3,77","4,56","6.424,81"
2020-04-29,"24,090","27,16","0,85","3,65","4,56","6.424,81"
2020-04-30,"23,250","27,16","0,85","1,89","4,56","6.424,81"
2020-05-04,"21,750","27,47","0,85","2,02","4,61","6.304,71"
2020-05-05,"21,900","27,47","0,85","2,01","4,61","6.304,71"
2020-05-06,"22,220","27,47","0,85","1,98","4,61","6.304,71"
2020-05-07,"23,380","27,47","0,85","1,88","4,61","6.304,71"
2020-05-08,"23,120","45,67","0,52","1,87","4,94","4.994,32"
2020-05-11,"23,110","45,67","0,52","1,87","4,94","4.994,32"
2020-05-12,"24,330","27,52","0,84","1,81","4,8","6.335,61"
2020-05-13,"23,540","27,52","0,84","1,87","4,8","6.335,61"
2020-05-14,"22,580","27,52","0,84","1,95","4,8","6.335,61"
2020-05-15,"22,440","27,52","0,84","1,96","4,8","6.335,61"
2020-05-18,"23,500","27,52","0,84","1,87","4,8","6.335,61"
2020-05-19,"23,060","27,52","0,84","1,91","4,8","6.335,61"
2020-05-20,"23,350","27,52","0,84","1,88","4,8","6.335,61"
2020-05-21,"23,280","27,52","0,84","1,89","4,8","6.335,61"
2020-05-22,"23,150","27,52","0,84","1,90","4,8","6.335,61"
2020-05-25,"23,550","45,67","0,52","1,87","4,94","4.994,32"
2020-05-26,"23,830","33,07","0,7","1,85","4,78",5.550
2020-05-27,"24,490","33,07","0,7","1,80","4,78",5.550
2020-05-28,"25,350","33,07","0,7","1,74","4,78",5.550
2020-05-29,"25,050","33,07","0,7","1,76","4,78",5.550
2020-06-02,"25,740","35,79","0,7","1,71","5,17",5.550
2020-06-03,"26,740","35,79","0,7","1,65","5,17",5.550
2020-06-04,"26,265","35,79","0,7","1,67","5,17",5.550
2020-06-05,"26,900","35,79","0,7","1,64","5,17",5.550
2020-06-08,"26,310","42,7","0,63","1,67","5,6","5.235,81"
2020-06-09,"25,680","42,7","0,63","1,71","5,6","5.235,81"
2020-06-10,"26,170","42,7","0,63","1,68","5,6","5.235,81"
2020-06-11,"24,790","42,7","0,63","1,77","5,6","5.235,81"
2020-06-12,"24,410","42,7","0,63","1,80","5,6","5.235,81"
2020-06-15,"23,920","45,67","0,52","1,84","4,94","4.994,32"
2020-06-16,"24,760","46,94","0,52","1,78","5,13","5.019,08"
2020-06-17,"25,090","46,94","0,52","1,75","5,13","5.019,08"
2020-06-18,"24,750","46,94","0,52","1,78","5,13","5.019,08"
2020-06-19,"24,950","46,94","0,52","1,76","5,13","5.019,08"
2020-06-22,"24,480","47,98","0,52","1,80","5,19","4.994,32"
2020-06-23,"24,500","47,98","0,52","1,80","5,19","4.994,32"
2020-06-24,"23,990","47,98","0,52","1,83","5,19","4.994,32"
2020-06-25,"24,000","47,98","0,52","1,83","5,19","4.994,32"
2020-06-26,"23,750","47,98","0,52","1,85","5,19","4.994,32"
2020-06-29,"23,910","45,67","0,52","1,84","4,94","4.994,32"
2020-06-30,"23,570","45,67","0,52","1,87","4,94","4.994,32"
2020-07-01,"23,490","45,67","0,52","1,87","4,94","4.994,32"
2020-07-02,"24,330","45,67","0,52","1,81","4,94","4.994,32"
2020-07-03,"24,000","45,67","0,52","1,87","4,94","4.994,32"
2020-07-06,"24,400","45,67","0,52","1,87","4,94","4.994,32"
2020-07-07,"23,850","46,15","0,52","1,84","4,99","4.994,32"
2020-07-08,"23,350","46,15","0,52","1,88","4,99","4.994,32"
2020-07-09,"23,180","46,15","0,52","1,90","4,99","4.994,32"
2020-07-10,"23,130","46,15","0,52","1,90","4,99","4.994,32"
2020-07-13,"23,350","45,67","0,52","1,87","4,94","4.994,32"
2020-07-14,"22,770","44,48","0,52","1,93","4,79","5.019,08"
2020-07-15,"23,240","44,48","0,52","1,89","4,79","5.019,08"
2020-07-16,"23,000","45,67","0,52","1,87","4,94","4.994,32"
2020-07-17,"22,990","45,67","0,52","1,87","4,94","4.994,32"
2020-07-20,"22,990","44,21","0,52","1,91","4,77","5.019,08"
2020-07-21,"23,560","44,21","0,52","1,87","4,77","5.019,08"
2020-07-22,"23,000","44,21","0,52","1,91","4,77","5.019,08"
2020-07-23,"23,000","44,21","0,52","1,91","4,77","5.019,08"
2020-07-24,"22,880","45,67","0,52","1,87","4,94","4.994,32"
2020-07-27,"22,950",44,"0,52","1,92","4,74","5.019,08"
2020-07-28,"23,410",44,"0,52","1,88","4,74","5.019,08"
2020-07-29,"23,570",44,"0,52","1,87","4,74","5.019,08"
2020-07-30,"22,720","45,67","0,52","1,87","4,94","4.994,32"
2020-07-31,"22,550",44,"0,52","1,95","4,74","5.019,08"
2020-08-03,"22,460","43,31","0,52","1,96","4,67","5.019,08"
2020-08-04,"22,460","43,31","0,52","1,96","4,67","5.019,08"
2020-08-05,"22,680","45,67","0,52","1,87","4,94","4.994,32"
2020-08-06,"22,380","43,31","0,52","1,97","4,67","5.019,08"
2020-08-07,"22,540","45,67","0,52","1,87","4,94","4.994,32"
2020-08-10,"22,690","43,35","0,52","1,94","4,67","5.058,42"
2020-08-11,"23,740","43,35","0,52","1,85","4,67","5.058,42"
2020-08-12,"24,060","43,35","0,52","1,83","4,67","5.058,42"
2020-08-13,"24,100","45,67","0,52","1,87","4,94","4.994,32"
2020-08-14,"23,680","45,67","0,52","1,87","4,94","4.994,32"
2020-08-17,"23,700","45,67","0,52","1,87","4,94","4.994,32"
2020-08-18,"23,290","45,67","0,52","1,87","4,94","4.994,32"
2020-08-19,"23,270","45,54","0,52","1,89","4,89",5.073
2020-08-20,"22,950","45,67","0,52","1,87","4,94","4.994,32"
2020-08-21,"23,170","45,67","0,52","1,87","4,94","4.994,32"
2020-08-24,"23,690","44,56","0,52","1,86","4,78","5.149,94"
2020-08-25,"23,710","44,56","0,52","1,86","4,78","5.149,94"
2020-08-26,"23,960","44,56","0,52","1,84","4,78","5.149,94"
2020-08-27,"24,010","44,56","0,52","1,83","4,78","5.149,94"
2020-08-28,"24,050","44,56","0,52","1,83","4,78","5.149,94"
2020-08-31,"23,550","46,25","0,52","1,87","4,97","5.111,47"
2020-09-01,"23,250","46,25","0,52","1,89","4,97","5.111,47"
2020-09-02,"23,490","46,25","0,52","1,87","4,97","5.111,47"
2020-09-03,"23,680","46,25","0,52","1,86","4,97","5.111,47"
2020-09-04,"23,040","46,25","0,52","1,91","4,97","5.111,47"
